CustomerID,Recency,Frequency,Monetary,TotalItems,UniqueProducts,UniqueInvoices,ActiveDays,Country,AverageOrderValue,AverageItemsPerInvoice,CustomerLifetimeDays,repeat_purchase_90d
12346,236,1,77183.6,74215,1,1,1,United Kingdom,77183.6,74215.0,0,0
12347,40,5,2790.86,1590,82,5,5,Iceland,558.172,318.0,237,1
12348,159,3,1167.24,2116,21,3,3,Finland,389.08,705.3333333333334,109,1
12350,220,1,294.40000000000003,196,16,1,1,Norway,294.40000000000003,196.0,0,0
12352,172,4,641.51,249,24,4,4,Norway,160.3775,62.25,34,1
12353,114,1,89.0,20,4,1,1,Bahrain,89.0,20.0,0,0
12354,142,1,1079.4,530,58,1,1,Spain,1079.4,530.0,0,0
12355,124,1,459.40000000000003,240,13,1,1,Bahrain,459.40000000000003,240.0,0,0
12356,156,2,2429.08,1568,52,2,2,Portugal,1214.54,784.0,80,1
12358,61,1,404.86,98,11,1,1,Austria,404.86,98.0,0,1
12359,100,3,3495.73,965,135,3,3,Cyprus,1165.2433333333333,321.6666666666667,141,1
12360,23,2,1378.28,668,62,2,2,Austria,689.14,334.0,88,1
12361,197,1,174.9,90,9,1,1,Belgium,174.9,90.0,0,0
12362,30,4,1582.35,977,88,4,4,Belgium,395.5875,244.25,175,1
12363,20,2,552.0,408,23,2,2,Unspecified,276.0,204.0,132,0
12364,22,1,578.92,552,33,1,1,Belgium,578.92,552.0,0,1
12365,201,1,320.69,173,21,1,1,Cyprus,320.69,173.0,0,0
12370,185,3,2682.66,1969,124,3,3,Cyprus,894.2199999999999,656.3333333333334,85,1
12372,123,2,842.9200000000001,588,31,2,2,Denmark,421.46000000000004,294.0,83,1
12373,221,1,324.6,196,13,1,1,Austria,324.6,196.0,0,0
12375,8,1,190.3,86,10,1,1,Finland,190.3,86.0,0,1
12377,225,2,1548.1200000000001,942,71,2,2,Switzerland,774.0600000000001,471.0,39,0
12378,40,1,4008.62,2529,219,1,1,Switzerland,4008.62,2529.0,0,0
12379,80,1,414.84,208,19,1,1,Belgium,414.84,208.0,0,1
12380,96,1,562.5500000000001,290,35,1,1,Belgium,562.5500000000001,290.0,0,1
12381,30,1,1028.74,562,61,1,1,Norway,1028.74,562.0,0,1
12383,95,5,1628.56,1518,83,5,5,Belgium,325.712,303.6,167,0
12384,32,1,212.69,60,13,1,1,Switzerland,212.69,60.0,0,1
12386,248,2,401.9,354,10,2,2,Australia,200.95,177.0,29,0
12388,58,4,1668.3400000000001,760,50,4,4,Australia,417.08500000000004,190.0,178,1
12393,156,3,1061.1000000000001,522,33,3,3,Australia,353.70000000000005,174.0,86,1
12394,127,1,351.08,180,20,1,1,Belgium,351.08,180.0,0,1
12395,22,8,1674.57,1615,64,8,8,Belgium,209.32125,201.875,258,1
12397,45,1,1109.81,697,69,1,1,Belgium,1109.81,697.0,0,1
12399,29,4,1033.65,1173,46,4,4,Belgium,258.4125,293.25,142,0
12401,213,1,69.3,10,4,1,1,Belgium,69.3,10.0,0,0
12402,233,1,195.6,92,10,1,1,Belgium,195.6,92.0,0,0
12405,59,1,1390.39,849,53,1,1,Finland,1390.39,849.0,0,0
12406,94,1,1621.25,793,48,1,1,Denmark,1621.25,793.0,0,1
12407,44,4,1242.36,1226,49,4,4,Belgium,310.59,306.5,130,1
12408,9,4,1939.05,1031,66,4,3,Belgium,484.7625,257.75,161,1
12409,93,1,6207.08,3142,64,1,1,Switzerland,6207.08,3142.0,0,1
12410,219,2,533.33,207,25,2,1,Switzerland,266.665,103.5,0,0
12412,48,2,836.74,596,33,2,2,Denmark,418.37,298.0,31,1
12413,146,2,509.90000000000003,202,24,2,2,France,254.95000000000002,101.0,100,1
12414,127,3,442.41,297,15,3,3,Austria,147.47,99.0,93,0
12415,9,14,101737.88,66700,381,14,11,Australia,7266.9914285714285,4764.285714285715,238,1
12417,17,7,2483.52,1210,131,7,7,Belgium,354.7885714285714,172.85714285714286,250,1
12418,23,1,668.58,407,34,1,1,Switzerland,668.58,407.0,0,0
12421,25,3,488.56,402,24,3,3,Spain,162.85333333333332,134.0,204,1
12422,6,3,683.5600000000001,367,38,3,3,Australia,227.85333333333335,122.33333333333333,229,0
12423,11,7,1440.67,1122,85,7,7,Belgium,205.81,160.28571428571428,252,1
12424,73,2,1760.96,740,30,2,1,Australia,880.48,370.0,0,0
12426,105,1,510.73,254,29,1,1,Germany,510.73,254.0,0,0
12427,282,1,249.5,76,9,1,1,Germany,249.5,76.0,0,1
12428,30,7,6076.92,3361,250,7,6,Finland,868.1314285714286,480.14285714285717,163,1
12429,83,3,2482.88,1026,61,3,3,Denmark,827.6266666666667,342.0,193,1
12431,29,11,4732.07,2093,133,11,11,Australia,430.1881818181818,190.27272727272728,254,1
12432,82,2,3316.66,1426,74,2,1,Norway,1658.33,713.0,0,1
12433,1,3,6395.2300000000005,5431,151,3,3,Norway,2131.7433333333333,1810.3333333333333,282,1
12434,170,1,286.25,77,16,1,1,Australia,286.25,77.0,0,1
12435,178,1,3978.9900000000002,879,19,1,1,Denmark,3978.9900000000002,879.0,0,1
12436,10,1,429.01,209,15,1,1,Norway,429.01,209.0,0,0
12437,8,11,2505.41,1780,62,11,9,France,227.76454545454544,161.8181818181818,232,1
12438,50,1,770.0699999999999,583,48,1,1,Norway,770.0699999999999,583.0,0,1
12441,277,1,155.55,120,10,1,1,France,155.55,120.0,0,0
12444,32,2,2347.27,643,95,2,2,Norway,1173.635,321.5,49,1
12447,153,1,431.49,187,25,1,1,Belgium,431.49,187.0,0,0
12449,2,3,2379.58,1006,83,3,3,Belgium,793.1933333333333,335.3333333333333,95,1
12450,66,2,197.88,128,7,2,2,Spain,98.94,64.0,17,0
12451,128,2,5307.82,4105,162,2,2,Switzerland,2653.91,2052.5,106,1
12453,44,1,707.09,473,43,1,1,Austria,707.09,473.0,0,0
12455,38,4,2077.36,1762,66,4,4,Cyprus,519.34,440.5,169,1
12456,41,2,1825.4,1062,76,2,2,Switzerland,912.7,531.0,123,1
12457,144,3,907.25,393,22,3,3,Switzerland,302.4166666666667,131.0,5,1
12458,195,1,361.92,268,18,1,1,Switzerland,361.92,268.0,0,1
12461,65,1,626.88,282,34,1,1,Switzerland,626.88,282.0,0,0
12462,213,1,594.11,281,39,1,1,Spain,594.11,281.0,0,1
12463,85,3,877.79,571,50,3,3,Belgium,292.59666666666664,190.33333333333334,66,1
12464,16,6,615.55,70,5,6,5,Belgium,102.59166666666665,11.666666666666666,203,1
12465,79,1,410.94,292,25,1,1,Belgium,410.94,292.0,0,1
12468,98,2,657.5400000000001,362,35,2,2,Germany,328.77000000000004,181.0,128,0
12471,17,17,9665.0,4262,106,17,11,Germany,568.5294117647059,250.7058823529412,257,1
12472,49,5,4549.6,3067,179,5,5,Germany,909.9200000000001,613.4,230,1
12473,25,2,1013.75,844,59,2,2,Germany,506.875,422.0,77,1
12474,9,13,3984.06,2777,152,13,12,Germany,306.4661538461538,213.6153846153846,231,1
12476,51,6,2687.67,1104,90,6,6,Germany,447.945,184.0,220,1
12477,11,3,8834.03,2518,156,3,3,Germany,2944.6766666666667,839.3333333333334,200,1
12480,53,3,1892.95,1082,96,3,3,Germany,630.9833333333333,360.6666666666667,192,1
12481,90,8,3671.26,2328,111,8,6,Germany,458.9075,291.0,186,1
12483,9,6,1290.06,782,37,6,6,Sweden,215.01,130.33333333333334,240,1
12484,13,3,3210.65,1841,221,3,3,Spain,1070.2166666666667,613.6666666666666,232,1
12489,246,1,298.93,103,14,1,1,France,298.93,103.0,0,0
12490,3,6,3210.59,1991,101,6,6,France,535.0983333333334,331.8333333333333,236,1
12492,15,1,108.39,68,8,1,1,Germany,108.39,68.0,0,1
12493,76,2,379.74,204,18,2,2,France,189.87,102.0,31,0
12494,72,5,760.86,358,41,5,5,France,152.172,71.6,204,1
12500,17,6,1647.84,1263,19,6,6,Germany,274.64,210.5,227,1
12501,247,1,2025.39,1775,148,1,1,Germany,2025.39,1775.0,0,0
12502,6,5,2995.87,794,101,5,5,Spain,599.174,158.8,214,0
12506,143,1,73.5,23,23,1,1,France,73.5,23.0,0,0
12507,44,3,1052.81,885,18,3,3,Spain,350.93666666666667,295.0,164,0
12509,194,1,158.5,54,6,1,1,France,158.5,54.0,0,0
12510,53,2,814.5699999999999,347,28,2,2,Spain,407.28499999999997,173.5,182,0
12513,23,1,558.29,459,34,1,1,France,558.29,459.0,0,0
12514,177,1,1017.6800000000001,440,51,1,1,Italy,1017.6800000000001,440.0,0,0
12515,263,1,278.7,128,15,1,1,Italy,278.7,128.0,0,0
12516,91,1,529.2,342,12,1,1,Germany,529.2,342.0,0,1
12517,36,2,1431.45,829,172,2,2,Germany,715.725,414.5,63,1
12518,20,1,288.83,185,17,1,1,Germany,288.83,185.0,0,1
12520,52,4,1829.85,1087,103,4,4,Germany,457.4625,271.75,131,1
12521,53,1,545.68,306,37,1,1,Germany,545.68,306.0,0,0
12523,18,7,927.75,555,48,7,7,France,132.53571428571428,79.28571428571429,224,1
12524,72,6,2744.48,2269,91,6,6,Germany,457.41333333333336,378.1666666666667,171,1
12526,4,1,484.3,316,28,1,1,Germany,484.3,316.0,0,1
12527,205,2,266.92,220,14,2,2,Germany,133.46,110.0,30,1
12528,25,4,1089.37,492,45,4,4,Germany,272.3425,123.0,198,1
12530,34,3,1095.65,593,38,3,3,Germany,365.2166666666667,197.66666666666666,213,1
12534,41,1,981.18,645,62,1,1,Germany,981.18,645.0,0,0
12535,2,2,716.35,219,28,2,2,France,358.175,109.5,94,0
12539,172,3,4517.69,1621,125,3,3,Spain,1505.8966666666665,540.3333333333334,71,1
12540,2,11,7874.86,4384,206,11,11,Spain,715.8963636363636,398.54545454545456,269,1
12541,83,2,480.14,417,26,2,2,Spain,240.07,208.5,107,1
12545,170,1,544.15,343,33,1,1,Spain,544.15,343.0,0,1
12547,108,2,151.8,132,6,2,2,Spain,75.9,66.0,82,0
12548,76,1,67.19999999999999,48,4,1,1,Spain,67.19999999999999,48.0,0,0
12551,268,1,168.0,100,10,1,1,Spain,168.0,100.0,0,0
12553,20,7,2113.59,1334,80,7,7,France,301.9414285714286,190.57142857142858,219,1
12556,61,1,308.75,163,60,1,1,Spain,308.75,163.0,0,1
12557,68,4,9000.960000000001,3464,15,4,4,Spain,2250.2400000000002,866.0,213,1
12559,221,2,525.71,281,20,2,2,Germany,262.855,140.5,8,0
12560,53,1,1292.31,812,76,1,1,Germany,1292.31,812.0,0,1
12561,213,1,238.85,177,16,1,1,Germany,238.85,177.0,0,0
12562,37,3,1443.23,767,52,3,3,France,481.07666666666665,255.66666666666666,71,1
12564,171,1,402.90000000000003,130,20,1,1,France,402.90000000000003,130.0,0,0
12565,199,1,145.92000000000002,80,9,1,1,Saudi Arabia,145.92000000000002,80.0,0,0
12567,6,9,7165.9800000000005,3495,270,9,8,France,796.22,388.3333333333333,273,1
12569,2,15,1645.68,828,47,15,13,Germany,109.712,55.2,160,1
12571,32,1,248.35,197,14,1,1,France,248.35,197.0,0,1
12573,137,1,160.54000000000002,84,26,1,1,France,160.54000000000002,84.0,0,0
12574,226,1,182.45000000000002,59,10,1,1,France,182.45000000000002,59.0,0,0
12576,6,4,936.5500000000001,665,54,4,4,Poland,234.13750000000002,166.25,208,1
12577,269,1,195.89,134,67,1,1,France,195.89,134.0,0,1
12578,240,1,1412.66,741,69,1,1,Italy,1412.66,741.0,0,1
12580,157,1,379.7,236,23,1,1,Germany,379.7,236.0,0,0
12582,149,2,351.36,296,20,2,2,Finland,175.68,148.0,49,0
12583,17,9,3908.21,3445,83,9,9,France,434.24555555555554,382.77777777777777,267,1
12584,37,4,698.59,135,26,4,4,Italy,174.6475,33.75,153,1
12585,144,2,1824.1,1267,76,2,2,Germany,912.05,633.5,117,0
12589,55,1,113.5,82,9,1,1,France,113.5,82.0,0,1
12590,121,1,9341.26,4282,67,1,1,Germany,9341.26,4282.0,0,0
12591,227,1,368.85,225,25,1,1,Italy,368.85,225.0,0,0
12592,2,2,401.6,288,10,2,2,Germany,200.8,144.0,121,0
12593,19,3,382.1,204,13,3,3,France,127.36666666666667,68.0,110,0
12594,31,7,2399.9,1435,45,7,7,Italy,342.84285714285716,205.0,201,1
12596,152,1,213.95,154,14,1,1,Spain,213.95,154.0,0,1
12597,93,2,1120.81,664,71,2,2,Spain,560.405,332.0,85,1
12598,72,3,1422.38,962,44,3,3,France,474.1266666666667,320.6666666666667,122,1
12599,37,6,731.04,742,24,6,6,France,121.83999999999999,123.66666666666667,177,1
12600,23,8,1720.56,532,25,8,8,Germany,215.07,66.5,258,1
12601,100,5,487.06,240,20,5,5,Germany,97.412,48.0,142,0
12604,172,1,160.5,136,9,1,1,France,160.5,136.0,0,1
12609,96,2,674.73,511,41,2,2,Germany,337.365,255.5,132,1
12610,16,2,1104.25,620,67,2,2,Italy,552.125,310.0,19,1
12613,108,3,1336.52,752,64,3,2,Germany,445.50666666666666,250.66666666666666,64,1
12614,188,1,315.6,76,20,1,1,Germany,315.6,76.0,0,0
12615,78,1,580.74,410,30,1,1,France,580.74,410.0,0,1
12616,5,2,641.3,280,24,2,2,France,320.65,140.0,202,0
12619,26,4,1535.78,1746,26,4,4,Germany,383.945,436.5,137,1
12620,115,1,561.66,434,33,1,1,France,561.66,434.0,0,1
12621,10,15,9223.04,5385,207,15,13,Germany,614.8693333333334,359.0,265,1
12622,142,1,162.1,68,10,1,1,Germany,162.1,68.0,0,0
12623,186,1,269.1,189,17,1,1,Germany,269.1,189.0,0,0
12624,16,2,569.13,351,35,2,2,France,284.565,175.5,71,0
12625,122,2,2413.82,1597,72,2,2,Germany,1206.91,798.5,107,0
12626,23,6,4288.0,2310,169,6,6,Germany,714.6666666666666,385.0,214,1
12627,6,4,2493.83,1562,111,4,4,Germany,623.4575,390.5,44,1
12633,40,3,1732.75,1056,65,3,3,Germany,577.5833333333334,352.0,158,1
12635,65,1,629.64,396,39,1,1,Germany,629.64,396.0,0,1
12637,2,7,5496.9,2833,175,7,6,France,785.2714285714285,404.7142857142857,232,1
12639,149,1,366.1,198,21,1,1,Sweden,366.1,198.0,0,0
12641,25,1,145.9,71,9,1,1,Sweden,145.9,71.0,0,0
12642,18,1,330.45,275,23,1,1,Germany,330.45,275.0,0,1
12643,38,6,3041.64,1788,10,6,5,France,506.94,298.0,204,0
12644,40,1,477.90999999999997,325,31,1,1,Germany,477.90999999999997,325.0,0,0
12645,20,3,1220.8600000000001,820,51,3,3,Germany,406.9533333333334,273.3333333333333,206,1
12647,36,9,2472.71,1016,62,9,8,Germany,274.74555555555554,112.88888888888889,242,1
12648,65,1,300.05,159,20,1,1,Germany,300.05,159.0,0,0
12649,17,3,569.51,583,27,3,2,Germany,189.83666666666667,194.33333333333334,105,0
12651,245,1,114.0,78,9,1,1,France,114.0,78.0,0,0
12652,241,1,793.98,498,47,1,1,France,793.98,498.0,0,0
12653,59,2,2209.85,919,37,2,2,Israel,1104.925,459.5,147,0
12654,108,3,301.75,149,18,3,2,Germany,100.58333333333333,49.666666666666664,97,1
12656,26,3,2514.67,1263,50,3,3,France,838.2233333333334,421.0,117,1
12662,17,7,2437.66,1388,95,7,7,Germany,348.2371428571428,198.28571428571428,266,1
12664,54,3,1757.48,500,9,3,3,Finland,585.8266666666667,166.66666666666666,179,1
12665,235,1,45.0,36,2,1,1,Germany,45.0,36.0,0,0
12668,169,3,2438.4700000000003,1307,103,3,3,Germany,812.8233333333334,435.6666666666667,96,1
12669,61,2,1427.73,1104,96,2,2,France,713.865,552.0,105,0
12670,9,3,1490.47,753,39,3,3,France,496.8233333333333,251.0,133,1
12672,240,1,225.9,78,10,1,1,France,225.9,78.0,0,0
12673,237,1,220.9,171,23,1,1,Germany,220.9,171.0,0,1
12674,2,3,1312.0,782,41,3,3,France,437.3333333333333,260.6666666666667,116,1
12676,34,4,838.0500000000001,490,20,4,4,Sweden,209.51250000000002,122.5,187,1
12678,11,6,7474.26,5178,76,6,6,France,1245.71,863.0,252,1
12679,116,2,798.38,401,42,2,2,France,399.19,200.5,77,1
12680,23,1,275.78,228,19,1,1,France,275.78,228.0,0,1
12681,62,15,8948.58,5368,218,15,15,France,596.572,357.8666666666667,216,1
12682,11,20,7373.92,3484,148,20,18,France,368.696,174.2,270,1
12683,3,12,5956.19,3943,163,12,9,France,496.34916666666663,328.5833333333333,272,1
12684,81,3,1241.48,1266,35,3,3,France,413.82666666666665,422.0,42,1
12685,3,2,1462.42,909,82,2,2,France,731.21,454.5,1,1
12686,282,1,71.14,106,6,1,1,France,71.14,106.0,0,0
12688,24,1,4873.81,3028,171,1,1,Israel,4873.81,3028.0,0,0
12689,38,1,475.03000000000003,279,33,1,1,France,475.03000000000003,279.0,0,1
12690,116,1,335.01,103,15,1,1,France,335.01,103.0,0,0
12691,55,3,484.3,194,15,3,3,France,161.43333333333334,64.66666666666667,212,1
12693,37,4,711.91,247,34,4,4,Germany,177.9775,61.75,192,0
12694,93,1,385.5,320,19,1,1,France,385.5,320.0,0,1
12695,17,2,333.9,172,17,2,2,France,166.95,86.0,102,1
12697,41,2,573.91,355,26,2,2,Sweden,286.955,177.5,37,1
12700,66,2,1951.05,1365,109,2,2,France,975.525,682.5,58,1
12701,152,1,301.08,244,20,1,1,Germany,301.08,244.0,0,1
12704,16,3,900.9200000000001,460,39,3,3,Finland,300.3066666666667,153.33333333333334,63,1
12705,68,4,3928.52,2586,176,4,4,Germany,982.13,646.5,198,1
12707,202,1,603.42,256,33,1,1,France,603.42,256.0,0,0
12708,12,7,1833.77,978,70,7,7,Germany,261.96714285714285,139.71428571428572,266,1
12709,6,11,6930.79,2816,88,11,11,Germany,630.0718181818182,256.0,270,1
12710,7,3,1023.02,844,74,3,3,Germany,341.00666666666666,281.3333333333333,104,0
12712,17,11,3499.08,920,53,11,11,Germany,318.0981818181818,83.63636363636364,264,1
12714,17,4,3065.7,2240,166,4,4,France,766.425,560.0,187,1
12715,16,1,263.36,190,19,1,1,Sweden,263.36,190.0,0,0
12716,43,1,623.9,500,44,1,1,France,623.9,500.0,0,1
12717,61,2,830.98,502,48,2,2,Greece,415.49,251.0,94,0
12720,4,17,3275.84,3061,163,17,14,Germany,192.69647058823531,180.05882352941177,274,1
12721,93,4,1500.91,1122,87,4,4,France,375.2275,280.5,171,1
12722,25,3,929.65,559,48,3,3,France,309.8833333333333,186.33333333333334,35,1
12724,83,2,244.36,176,14,2,2,France,122.18,88.0,158,1
12725,281,1,371.8,162,23,1,1,Italy,371.8,162.0,0,0
12726,95,5,1359.32,1936,39,5,5,France,271.864,387.2,172,1
12727,5,6,2869.7,1730,90,6,5,France,478.2833333333333,288.3333333333333,224,1
12728,167,3,527.3100000000001,251,28,3,3,France,175.77,83.66666666666667,74,1
12729,24,1,417.01,231,25,1,1,France,417.01,231.0,0,0
12731,54,8,11180.25,5431,83,8,7,France,1397.53125,678.875,220,1
12732,90,1,218.26000000000002,110,11,1,1,France,218.26000000000002,110.0,0,0
12733,144,1,383.95,137,22,1,1,USA,383.95,137.0,0,0
12734,263,1,110.39999999999999,88,4,1,1,France,110.39999999999999,88.0,0,0
12735,225,2,689.5699999999999,363,37,2,2,France,344.78499999999997,181.5,21,0
12736,243,1,144.0,168,3,1,1,France,144.0,168.0,0,0
12738,282,1,137.35,147,10,1,1,Germany,137.35,147.0,0,0
12739,9,1,975.54,485,37,1,1,United Arab Emirates,975.54,485.0,0,0
12743,44,2,540.13,315,114,2,1,Unspecified,270.065,157.5,0,0
12744,55,3,8121.13,4635,162,3,3,Singapore,2707.0433333333335,1545.0,173,1
12747,20,8,2769.4,862,34,8,8,United Kingdom,346.175,107.75,259,1
12748,1,131,13388.49,9024,1163,131,74,United Kingdom,102.20221374045802,68.8854961832061,282,1
12749,41,3,2755.23,1080,113,3,2,United Kingdom,918.41,360.0,82,1
12750,39,1,275.88,137,15,1,1,Poland,275.88,137.0,0,0
12753,46,5,16620.91,9211,114,5,5,Japan,3324.182,1842.2,226,1
12754,146,3,3010.74,6481,49,3,3,Japan,1003.5799999999999,2160.3333333333335,72,0
12755,191,2,3811.9500000000003,1491,4,2,2,Japan,1905.9750000000001,745.5,85,0
12757,53,3,1681.68,914,88,3,3,Portugal,560.5600000000001,304.6666666666667,68,1
12758,27,2,2791.59,2135,84,2,2,Portugal,1395.795,1067.5,159,0
12759,82,2,1007.52,625,59,2,2,Netherlands,503.76,312.5,104,1
12763,48,2,494.08,316,16,2,2,Japan,247.04,158.0,230,0
12764,227,1,1693.88,386,45,1,1,Lebanon,1693.88,386.0,0,0
12766,59,5,4532.1900000000005,2480,160,5,5,Portugal,906.4380000000001,496.0,216,1
12769,149,1,1143.6,356,32,1,1,Brazil,1143.6,356.0,0,0
12770,121,1,1351.45,743,12,1,1,Japan,1351.45,743.0,0,0
12775,100,4,1074.68,734,35,4,4,Netherlands,268.67,183.5,121,1
12778,93,4,432.06,454,24,4,4,Netherlands,108.015,113.5,129,1
12779,100,7,2999.41,1385,68,7,7,Poland,428.4871428571428,197.85714285714286,181,1
12781,195,1,549.26,346,15,1,1,Czech Republic,549.26,346.0,0,1
12782,60,4,1714.67,945,72,4,4,Portugal,428.6675,236.25,207,1
12785,274,1,255.95,129,13,1,1,Portugal,255.95,129.0,0,0
12787,2,2,314.66,208,14,2,2,Netherlands,157.33,104.0,101,1
12790,102,1,294.92,164,20,1,1,Netherlands,294.92,164.0,0,0
12791,284,1,177.60000000000002,96,1,1,1,Netherlands,177.60000000000002,96.0,0,0
12792,167,1,344.54,215,24,1,1,Portugal,344.54,215.0,0,0
12793,245,2,461.48,292,20,2,2,Portugal,230.74,146.0,36,0
12794,9,1,317.0,227,20,1,1,Portugal,317.0,227.0,0,1
12797,276,1,226.03,117,12,1,1,Portugal,226.03,117.0,0,0
12798,81,1,1607.04,2256,6,1,1,Japan,1607.04,2256.0,0,1
12802,97,1,397.58,312,24,1,1,Netherlands,397.58,312.0,0,0
12808,95,2,253.35,107,15,2,2,Portugal,126.675,53.5,184,1
12809,88,1,405.31,217,24,1,1,Portugal,405.31,217.0,0,0
12811,172,2,458.85,227,26,2,2,Portugal,229.425,113.5,22,0
12814,12,1,85.92,48,1,1,1,Poland,85.92,48.0,0,0
12815,58,2,863.46,374,37,2,2,Poland,431.73,187.0,50,0
12816,6,2,452.2,125,26,2,2,Poland,226.1,62.5,80,0
12817,191,1,126.04,52,3,1,1,Austria,126.04,52.0,0,0
12818,172,1,1182.0800000000002,920,13,1,1,Austria,1182.0800000000002,920.0,0,0
12820,237,1,170.46,146,11,1,1,United Kingdom,170.46,146.0,0,1
12821,124,1,92.72,70,6,1,1,United Kingdom,92.72,70.0,0,0
12823,37,4,1224.0,160,1,4,4,United Kingdom,306.0,40.0,169,1
12826,89,4,818.62,721,50,4,4,United Kingdom,204.655,180.25,186,1
12828,9,3,415.51,157,23,3,3,United Kingdom,138.50333333333333,52.333333333333336,31,1
12829,247,2,293.0,376,9,2,2,United Kingdom,146.5,188.0,23,0
12830,1,5,6414.32,8696,13,5,4,United Kingdom,1282.864,1739.2,80,1
12831,172,1,215.05,135,9,1,1,United Kingdom,215.05,135.0,0,0
12832,8,1,267.8,132,18,1,1,United Kingdom,267.8,132.0,0,1
12833,55,1,417.38,156,24,1,1,United Kingdom,417.38,156.0,0,0
12834,193,1,312.38,110,18,1,1,United Kingdom,312.38,110.0,0,0
12836,47,3,2112.53,858,110,3,3,United Kingdom,704.1766666666667,286.0,174,1
12837,83,1,134.1,24,12,1,1,United Kingdom,134.1,24.0,0,0
12838,284,1,390.79,228,59,1,1,United Kingdom,390.79,228.0,0,1
12839,2,9,3097.39,2071,73,9,9,United Kingdom,344.15444444444444,230.11111111111111,274,1
12840,54,4,2726.77,1511,67,4,4,United Kingdom,681.6925,377.75,82,0
12841,17,17,2829.91,1805,167,17,17,United Kingdom,166.46529411764706,106.17647058823529,265,1
12842,219,1,310.73,157,14,1,1,United Kingdom,310.73,157.0,0,1
12843,70,7,1692.31,780,68,7,7,United Kingdom,241.75857142857143,111.42857142857143,104,1
12844,40,1,174.88,77,27,1,1,United Kingdom,174.88,77.0,0,1
12845,177,4,354.09000000000003,204,26,4,4,United Kingdom,88.52250000000001,51.0,22,0
12849,179,1,651.21,471,32,1,1,United Kingdom,651.21,471.0,0,1
12851,7,1,131.81,106,43,1,1,United Kingdom,131.81,106.0,0,0
12852,205,1,311.55,149,17,1,1,United Kingdom,311.55,149.0,0,0
12853,45,6,1957.1000000000001,800,66,6,3,United Kingdom,326.18333333333334,133.33333333333334,181,0
12854,151,2,810.37,422,71,2,2,United Kingdom,405.185,211.0,77,1
12855,283,1,38.1,30,3,1,1,United Kingdom,38.1,30.0,0,0
12857,121,2,1106.4,343,37,2,2,United Kingdom,553.2,171.5,91,0
12864,48,1,147.12,216,3,1,1,United Kingdom,147.12,216.0,0,0
12865,34,1,981.38,550,58,1,1,Austria,981.38,550.0,0,1
12866,193,1,499.12,167,25,1,1,Belgium,499.12,167.0,0,0
12867,6,6,3015.96,3366,206,6,6,United Kingdom,502.66,561.0,263,1
12868,96,6,1607.0600000000002,928,72,6,6,United Kingdom,267.84333333333336,154.66666666666666,187,0
12871,117,1,132.0,80,4,1,1,United Kingdom,132.0,80.0,0,1
12872,237,2,599.97,319,58,2,2,United Kingdom,299.985,159.5,38,0
12873,192,1,374.0,128,4,1,1,United Kingdom,374.0,128.0,0,0
12875,53,2,343.2300000000001,2019,1,2,2,United Kingdom,171.61500000000004,1009.5,219,0
12876,106,1,666.43,647,33,1,1,Belgium,666.43,647.0,0,1
12877,35,9,1059.23,705,41,9,9,United Kingdom,117.69222222222223,78.33333333333333,233,1
12878,146,2,854.99,547,38,2,2,United Kingdom,427.495,273.5,29,0
12879,2,1,140.5,58,4,1,1,United Kingdom,140.5,58.0,0,1
12881,186,1,298.0,21,7,1,1,United Kingdom,298.0,21.0,0,0
12885,34,1,645.35,346,39,1,1,United Kingdom,645.35,346.0,0,1
12886,130,1,775.0,416,47,1,1,United Kingdom,775.0,416.0,0,1
12888,124,2,354.12,76,4,2,2,United Kingdom,177.06,38.0,41,0
12891,96,3,331.0,950,2,3,3,United Kingdom,110.33333333333333,316.6666666666667,107,0
12897,115,2,216.5,110,3,2,2,United Kingdom,108.25,55.0,97,0
12901,19,19,11639.470000000001,12420,29,19,16,United Kingdom,612.6036842105264,653.6842105263158,162,1
12902,175,1,138.68,66,10,1,1,United Kingdom,138.68,66.0,0,0
12904,82,1,244.69,165,32,1,1,United Kingdom,244.69,165.0,0,1
12908,86,2,750.0,1200,1,2,2,United Kingdom,375.0,600.0,136,0
12909,112,3,1528.37,786,55,3,2,United Kingdom,509.45666666666665,262.0,51,1
12910,44,4,1486.9,830,26,4,3,United Kingdom,371.725,207.5,107,1
12913,193,3,866.39,345,12,3,3,United Kingdom,288.7966666666667,115.0,85,1
12915,59,2,363.65,93,19,2,2,United Kingdom,181.825,46.5,223,0
12916,49,4,2944.95,1083,53,4,4,United Kingdom,736.2375,270.75,181,0
12917,38,1,594.0,120,2,1,1,United Kingdom,594.0,120.0,0,0
12919,27,3,441.65,203,12,3,3,United Kingdom,147.21666666666667,67.66666666666667,53,1
12921,8,24,10083.47,6051,173,24,15,United Kingdom,420.1445833333333,252.125,274,1
12922,71,1,405.38,370,28,1,1,United Kingdom,405.38,370.0,0,0
12924,108,3,647.32,284,9,3,3,United Kingdom,215.77333333333334,94.66666666666667,129,1
12928,58,3,1136.14,690,42,3,3,United Kingdom,378.71333333333337,230.0,211,1
12929,222,1,117.85,37,8,1,1,United Kingdom,117.85,37.0,0,0
12930,81,1,221.56,108,14,1,1,United Kingdom,221.56,108.0,0,1
12931,12,11,32530.7,21384,27,11,8,United Kingdom,2957.336363636364,1944.0,256,1
12933,81,2,357.49,378,48,2,2,United Kingdom,178.745,189.0,112,1
12935,20,4,1535.34,1268,58,4,4,United Kingdom,383.835,317.0,209,1
12937,107,2,428.23,268,27,2,2,United Kingdom,214.115,134.0,69,1
12939,48,4,7990.08,3208,20,4,4,United Kingdom,1997.52,802.0,196,1
12942,41,3,675.6,198,68,3,3,United Kingdom,225.20000000000002,66.0,234,0
12944,265,1,286.95,145,14,1,1,United Kingdom,286.95,145.0,0,1
12945,198,1,462.95,165,23,1,1,United Kingdom,462.95,165.0,0,0
12947,54,6,1603.99,1165,83,6,6,United Kingdom,267.33166666666665,194.16666666666666,229,0
12948,15,4,1423.96,799,64,4,4,United Kingdom,355.99,199.75,159,1
12949,24,7,3449.42,2048,144,7,4,United Kingdom,492.7742857142857,292.57142857142856,138,1
12951,84,5,751.78,331,39,5,5,United Kingdom,150.356,66.2,157,1
12955,3,6,1843.36,1526,42,6,6,United Kingdom,307.22666666666663,254.33333333333334,175,1
12956,216,1,108.07,34,19,1,1,United Kingdom,108.07,34.0,0,0
12957,96,4,1715.29,1248,97,4,4,United Kingdom,428.8225,312.0,153,1
12962,23,1,170.54,78,11,1,1,United Kingdom,170.54,78.0,0,1
12963,276,1,365.8,172,16,1,1,United Kingdom,365.8,172.0,0,1
12967,268,2,1660.9,438,19,2,2,United Kingdom,830.45,219.0,13,0
12968,22,1,135.95,73,5,1,1,United Kingdom,135.95,73.0,0,0
12970,232,2,23.8,8,8,2,1,United Kingdom,11.9,4.0,0,1
12971,2,64,8165.320000000001,5916,80,64,52,United Kingdom,127.58312500000001,92.4375,279,1
12974,108,1,144.8,24,8,1,1,United Kingdom,144.8,24.0,0,0
12976,122,1,738.6,561,22,1,1,United Kingdom,738.6,561.0,0,0
12977,66,1,39.239999999999995,12,9,1,1,United Kingdom,39.239999999999995,12.0,0,0
12980,68,9,7374.900000000001,886,6,9,9,United Kingdom,819.4333333333334,98.44444444444444,200,0
12981,43,1,187.18,134,11,1,1,United Kingdom,187.18,134.0,0,1
12982,153,1,390.54,288,28,1,1,United Kingdom,390.54,288.0,0,0
12987,108,1,304.3,108,14,1,1,United Kingdom,304.3,108.0,0,1
12988,202,1,505.82,126,75,1,1,United Kingdom,505.82,126.0,0,0
12989,68,8,4469.14,2046,14,8,7,United Kingdom,558.6425,255.75,206,1
12990,95,2,263.9,130,5,2,2,United Kingdom,131.95,65.0,124,1
12991,22,1,303.56,361,22,1,1,United Kingdom,303.56,361.0,0,1
12993,31,3,372.4,204,23,3,3,United Kingdom,124.13333333333333,68.0,177,1
12994,30,2,645.47,303,38,2,2,United Kingdom,322.735,151.5,148,1
12997,146,2,608.47,300,30,2,2,United Kingdom,304.235,150.0,80,1
12999,106,3,455.88,342,25,3,3,United Kingdom,151.96,114.0,49,0
13000,17,3,534.85,379,30,3,3,United Kingdom,178.28333333333333,126.33333333333333,258,0
13001,68,11,8582.57,4864,154,11,11,United Kingdom,780.2336363636364,442.1818181818182,168,1
13002,228,1,120.95,73,7,1,1,United Kingdom,120.95,73.0,0,0
13003,16,3,149.05,103,4,3,3,United Kingdom,49.68333333333334,34.333333333333336,109,0
13004,24,12,3785.09,3275,193,12,12,United Kingdom,315.4241666666667,272.9166666666667,243,1
13005,84,2,513.7,172,21,2,2,United Kingdom,256.85,86.0,72,0
13008,233,1,229.47,175,14,1,1,United Kingdom,229.47,175.0,0,0
13011,282,1,50.550000000000004,13,3,1,1,United Kingdom,50.550000000000004,13.0,0,0
13012,59,4,1012.3100000000001,511,42,4,4,United Kingdom,253.07750000000001,127.75,146,1
13013,3,9,3686.09,1758,137,9,8,United Kingdom,409.5655555555556,195.33333333333334,278,1
13014,24,5,2022.48,616,53,5,5,United Kingdom,404.496,123.2,167,1
13015,107,4,1763.04,705,80,4,3,United Kingdom,440.76,176.25,52,1
13016,33,1,425.25,315,28,1,1,United Kingdom,425.25,315.0,0,1
13018,3,18,5075.71,3864,242,18,14,United Kingdom,281.9838888888889,214.66666666666666,203,1
13021,77,4,1152.47,527,48,4,4,United Kingdom,288.1175,131.75,192,1
13023,40,1,291.4,156,19,1,1,United Kingdom,291.4,156.0,0,1
13026,3,3,604.2,900,13,3,3,United Kingdom,201.4,300.0,182,1
13027,24,6,6912.0,17280,6,6,6,United Kingdom,1152.0,2880.0,240,0
13029,49,2,773.1999999999999,92,6,2,2,United Kingdom,386.59999999999997,46.0,214,1
13030,278,1,402.36,174,50,1,1,United Kingdom,402.36,174.0,0,1
13033,267,1,190.55,83,11,1,1,United Kingdom,190.55,83.0,0,0
13034,279,1,165.86,116,11,1,1,United Kingdom,165.86,116.0,0,1
13035,171,1,333.0,212,12,1,1,United Kingdom,333.0,212.0,0,1
13037,48,3,881.07,431,44,3,3,United Kingdom,293.69,143.66666666666666,118,0
13038,94,2,591.76,280,22,2,2,United Kingdom,295.88,140.0,106,1
13043,183,1,516.42,254,13,1,1,United Kingdom,516.42,254.0,0,0
13044,201,1,560.47,429,33,1,1,United Kingdom,560.47,429.0,0,0
13045,9,1,305.28000000000003,221,18,1,1,United Kingdom,305.28000000000003,221.0,0,0
13046,176,1,197.72,76,14,1,1,United Kingdom,197.72,76.0,0,1
13047,37,8,2682.01,1164,84,8,6,United Kingdom,335.25125,145.5,246,1
13048,24,3,1358.55,947,69,3,3,United Kingdom,452.84999999999997,315.6666666666667,213,1
13049,228,1,153.78000000000003,78,7,1,1,United Kingdom,153.78000000000003,78.0,0,1
13050,16,13,4505.99,2706,210,13,13,United Kingdom,346.6146153846154,208.15384615384616,260,1
13052,122,1,348.15000000000003,222,18,1,1,United Kingdom,348.15000000000003,222.0,0,0
13055,124,1,344.86,252,22,1,1,United Kingdom,344.86,252.0,0,1
13058,62,1,47.550000000000004,9,3,1,1,United Kingdom,47.550000000000004,9.0,0,1
13059,160,1,183.4,35,8,1,1,United Kingdom,183.4,35.0,0,0
13060,164,1,307.53000000000003,123,15,1,1,United Kingdom,307.53000000000003,123.0,0,0
13062,101,1,346.98,343,11,1,1,United Kingdom,346.98,343.0,0,0
13064,63,2,659.25,284,31,2,2,United Kingdom,329.625,142.0,174,1
13065,283,1,205.86,74,14,1,1,United Kingdom,205.86,74.0,0,0
13068,230,1,165.0,100,1,1,1,United Kingdom,165.0,100.0,0,1
13069,10,20,3870.02,5153,250,20,17,United Kingdom,193.501,257.65,270,1
13070,102,1,228.8,110,9,1,1,United Kingdom,228.8,110.0,0,0
13072,177,1,177.15,69,7,1,1,United Kingdom,177.15,69.0,0,0
13075,40,1,919.61,485,22,1,1,United Kingdom,919.61,485.0,0,0
13077,200,3,576.19,606,61,3,2,United Kingdom,192.06333333333336,202.0,76,1
13078,17,15,6917.150000000001,2500,81,15,15,United Kingdom,461.1433333333334,166.66666666666666,260,1
13079,1,2,59.5,10,1,2,2,United Kingdom,29.75,5.0,49,1
13080,89,1,58.08,120,6,1,1,United Kingdom,58.08,120.0,0,0
13081,54,8,18870.12,12665,424,8,6,United Kingdom,2358.765,1583.125,227,1
13082,36,9,3613.63,4324,63,9,7,United Kingdom,401.51444444444445,480.44444444444446,212,0
13085,68,2,416.08,216,17,2,2,United Kingdom,208.04,108.0,137,0
13089,10,71,43260.74,23782,537,71,48,United Kingdom,609.3061971830986,334.9577464788732,270,1
13090,46,8,4897.02,1132,55,8,8,United Kingdom,612.1275,141.5,236,1
13092,122,4,439.75,95,15,4,4,United Kingdom,109.9375,23.75,147,1
13093,186,8,7832.47,3961,97,8,7,United Kingdom,979.05875,495.125,97,0
13094,40,10,1545.72,1356,4,10,10,United Kingdom,154.572,135.6,239,1
13097,33,8,4636.51,1861,181,8,7,United Kingdom,579.56375,232.625,237,1
13098,4,18,15169.46,8701,110,18,18,United Kingdom,842.7477777777777,483.3888888888889,223,1
13099,9,1,207.36,288,1,1,1,United Kingdom,207.36,288.0,0,0
13101,144,1,101.19,113,8,1,1,United Kingdom,101.19,113.0,0,0
13102,44,19,4961.7,3361,112,19,15,United Kingdom,261.1421052631579,176.89473684210526,231,1
13104,43,3,376.44,180,3,3,3,United Kingdom,125.48,60.0,221,1
13106,43,1,76.5,18,1,1,1,United Kingdom,76.5,18.0,0,0
13107,86,2,935.22,816,36,2,2,United Kingdom,467.61,408.0,157,1
13108,283,1,350.06,298,10,1,1,United Kingdom,350.06,298.0,0,0
13109,67,1,369.85,260,24,1,1,United Kingdom,369.85,260.0,0,1
13110,47,5,1042.24,274,79,5,4,United Kingdom,208.448,54.8,174,1
13113,24,20,10787.06,2616,93,20,19,United Kingdom,539.353,130.8,252,1
13115,94,1,878.55,621,55,1,1,United Kingdom,878.55,621.0,0,1
13116,48,1,501.14,291,30,1,1,United Kingdom,501.14,291.0,0,0
13117,32,7,841.77,703,57,7,7,United Kingdom,120.25285714285714,100.42857142857143,250,1
13118,118,3,799.7,274,40,3,3,United Kingdom,266.56666666666666,91.33333333333333,80,1
13120,149,1,30.6,12,1,1,1,United Kingdom,30.6,12.0,0,0
13121,179,1,283.73,252,50,1,1,United Kingdom,283.73,252.0,0,0
13122,4,2,922.39,585,54,2,2,United Kingdom,461.195,292.5,146,0
13124,162,2,2516.47,1601,131,2,2,United Kingdom,1258.235,800.5,106,1
13126,163,5,1077.42,1062,61,5,4,United Kingdom,215.484,212.4,113,1
13130,4,1,64.0,32,2,1,1,United Kingdom,64.0,32.0,0,0
13131,98,1,324.90000000000003,128,14,1,1,United Kingdom,324.90000000000003,128.0,0,1
13132,172,1,77.3,20,3,1,1,United Kingdom,77.3,20.0,0,0
13133,184,2,109.8,32,7,2,2,United Kingdom,54.9,16.0,30,0
13134,94,3,885.74,330,42,3,3,United Kingdom,295.24666666666667,110.0,56,1
13135,107,1,3096.0,4300,1,1,1,United Kingdom,3096.0,4300.0,0,0
13136,53,3,1226.68,677,55,3,2,United Kingdom,408.8933333333334,225.66666666666666,69,1
13137,3,5,1888.32,1169,231,5,5,United Kingdom,377.664,233.8,216,1
13138,43,3,489.45,243,22,3,3,United Kingdom,163.15,81.0,238,1
13139,20,3,1710.94,726,39,3,3,United Kingdom,570.3133333333334,242.0,149,1
13140,18,3,422.47,185,40,3,3,United Kingdom,140.82333333333335,61.666666666666664,258,0
13141,124,4,1401.03,942,77,4,3,United Kingdom,350.2575,235.5,101,1
13144,243,1,110.95,21,3,1,1,United Kingdom,110.95,21.0,0,0
13145,2,3,499.72,121,5,3,3,United Kingdom,166.57333333333335,40.333333333333336,280,1
13147,10,1,118.8,24,1,1,1,United Kingdom,118.8,24.0,0,1
13148,44,10,2766.01,1370,173,10,6,United Kingdom,276.601,137.0,230,1
13149,16,3,1132.6200000000001,884,58,3,3,United Kingdom,377.54,294.6666666666667,182,1
13151,206,1,1257.8700000000001,363,73,1,1,United Kingdom,1257.8700000000001,363.0,0,0
13155,237,2,569.2,262,55,2,2,United Kingdom,284.6,131.0,41,1
13157,51,3,873.2,788,32,3,3,United Kingdom,291.06666666666666,262.6666666666667,157,1
13158,5,4,1201.06,784,59,4,4,United Kingdom,300.265,196.0,224,0
13159,16,2,843.09,627,75,2,2,United Kingdom,421.545,313.5,9,1
13161,223,1,112.75,29,8,1,1,United Kingdom,112.75,29.0,0,0
13162,32,4,1688.29,1713,74,4,4,United Kingdom,422.0725,428.25,212,0
13165,261,1,354.64,496,13,1,1,United Kingdom,354.64,496.0,0,1
13166,193,1,417.2,216,39,1,1,United Kingdom,417.2,216.0,0,0
13167,41,2,417.55,447,33,2,2,United Kingdom,208.775,223.5,12,1
13168,109,3,953.0600000000001,545,94,3,3,United Kingdom,317.68666666666667,181.66666666666666,119,1
13169,162,1,505.2,96,6,1,1,United Kingdom,505.2,96.0,0,1
13171,209,1,140.35,53,23,1,1,United Kingdom,140.35,53.0,0,1
13173,277,1,165.94,114,23,1,1,United Kingdom,165.94,114.0,0,1
13174,226,2,2030.06,926,177,2,2,United Kingdom,1015.03,463.0,52,1
13178,43,8,4391.7300000000005,2599,81,8,8,United Kingdom,548.9662500000001,324.875,227,1
13183,11,6,2394.98,1448,50,6,6,United Kingdom,399.16333333333336,241.33333333333334,233,1
13184,41,9,1471.1,1536,121,9,8,United Kingdom,163.45555555555555,170.66666666666666,159,1
13185,178,1,71.4,12,1,1,1,United Kingdom,71.4,12.0,0,0
13186,4,2,1301.94,547,57,2,2,United Kingdom,650.97,273.5,35,1
13187,247,1,236.02,95,37,1,1,United Kingdom,236.02,95.0,0,0
13189,25,1,127.0,526,18,1,1,United Kingdom,127.0,526.0,0,1
13192,5,2,911.94,595,57,2,2,United Kingdom,455.97,297.5,109,0
13194,46,1,60.7,26,3,1,1,United Kingdom,60.7,26.0,0,0
13196,172,1,512.13,320,34,1,1,United Kingdom,512.13,320.0,0,1
13198,31,5,3009.18,2369,182,5,5,United Kingdom,601.836,473.8,241,1
13199,2,21,4725.16,3651,28,21,19,United Kingdom,225.00761904761904,173.85714285714286,274,1
13200,36,1,319.32,249,14,1,1,United Kingdom,319.32,249.0,0,1
13203,31,2,309.86,274,20,2,2,United Kingdom,154.93,137.0,121,1
13207,61,1,197.52000000000004,72,5,1,1,United Kingdom,197.52000000000004,72.0,0,1
13208,65,4,828.82,572,97,4,4,United Kingdom,207.205,143.0,153,1
13209,39,5,4156.08,3255,200,5,5,United Kingdom,831.216,651.0,233,1
13210,4,1,353.48,316,22,1,1,United Kingdom,353.48,316.0,0,0
13211,5,2,784.64,579,43,2,2,United Kingdom,392.32,289.5,266,1
13213,38,4,963.88,478,44,4,3,United Kingdom,240.97,119.5,71,1
13216,178,1,333.74,297,5,1,1,United Kingdom,333.74,297.0,0,0
13217,32,3,533.98,262,3,3,3,United Kingdom,177.99333333333334,87.33333333333333,34,0
13218,37,1,62.64,88,5,1,1,United Kingdom,62.64,88.0,0,0
13220,96,3,726.49,132,15,3,3,United Kingdom,242.16333333333333,44.0,51,1
13221,150,2,844.86,243,61,2,2,United Kingdom,422.43,121.5,119,0
13223,110,2,163.2,88,5,2,2,United Kingdom,81.6,44.0,31,0
13224,61,1,1212.26,665,42,1,1,United Kingdom,1212.26,665.0,0,1
13225,53,5,4299.56,2164,15,5,5,United Kingdom,859.912,432.8,218,1
13226,183,1,108.21000000000001,80,16,1,1,United Kingdom,108.21000000000001,80.0,0,0
13227,112,1,257.7,99,9,1,1,United Kingdom,257.7,99.0,0,0
13229,136,1,160.95,63,10,1,1,United Kingdom,160.95,63.0,0,0
13230,48,12,2195.23,1332,302,12,11,United Kingdom,182.93583333333333,111.0,226,1
13232,8,5,1018.45,647,128,5,5,United Kingdom,203.69,129.4,144,1
13233,246,1,304.24,404,17,1,1,United Kingdom,304.24,404.0,0,1
13235,122,1,1031.07,441,53,1,1,United Kingdom,1031.07,441.0,0,0
13236,17,1,439.23,168,21,1,1,United Kingdom,439.23,168.0,0,1
13238,74,2,318.85,137,14,2,2,United Kingdom,159.425,68.5,196,1
13239,172,1,329.56,327,21,1,1,United Kingdom,329.56,327.0,0,0
13240,6,4,648.7,297,58,4,4,United Kingdom,162.175,74.25,269,0
13242,22,3,270.40000000000003,130,12,3,2,United Kingdom,90.13333333333334,43.333333333333336,101,0
13243,113,1,585.12,232,56,1,1,United Kingdom,585.12,232.0,0,0
13244,3,1,121.74000000000001,38,27,1,1,United Kingdom,121.74000000000001,38.0,0,0
13246,86,5,1838.51,1533,89,5,5,United Kingdom,367.702,306.6,153,1
13248,35,2,465.68,305,25,2,2,United Kingdom,232.84,152.5,64,0
13249,2,3,711.41,546,21,3,3,United Kingdom,237.13666666666666,182.0,168,0
13253,67,2,1030.4,1572,35,2,2,United Kingdom,515.2,786.0,182,0
13255,284,1,225.7,110,6,1,1,United Kingdom,225.7,110.0,0,1
13258,115,1,198.87,77,12,1,1,United Kingdom,198.87,77.0,0,1
13261,179,2,944.1,210,8,2,2,United Kingdom,472.05,105.0,17,0
13262,173,1,200.29,125,11,1,1,United Kingdom,200.29,125.0,0,0
13263,18,23,4844.57,2789,357,23,21,United Kingdom,210.63347826086957,121.26086956521739,217,1
13265,94,3,1450.66,1126,44,3,3,United Kingdom,483.55333333333334,375.3333333333333,89,1
13266,23,8,2535.58,3060,54,8,8,United Kingdom,316.9475,382.5,143,1
13267,2,15,3119.34,1344,68,15,10,United Kingdom,207.95600000000002,89.6,274,1
13268,80,6,2117.81,2490,206,6,6,United Kingdom,352.9683333333333,415.0,97,1
13269,20,8,2978.5,2014,133,8,8,United Kingdom,372.3125,251.75,260,1
13270,276,1,590.0,200,1,1,1,United Kingdom,590.0,200.0,0,0
13273,23,1,138.98,153,16,1,1,United Kingdom,138.98,153.0,0,0
13276,10,1,137.38,20,7,1,1,United Kingdom,137.38,20.0,0,1
13277,26,2,125.9,86,4,2,2,United Kingdom,62.95,43.0,17,1
13280,32,3,798.46,518,67,3,3,United Kingdom,266.15333333333336,172.66666666666666,214,0
13282,72,2,773.1,172,15,2,2,United Kingdom,386.55,86.0,58,1
13283,96,1,25.5,30,2,1,1,United Kingdom,25.5,30.0,0,1
13284,241,1,201.19,91,13,1,1,United Kingdom,201.19,91.0,0,0
13285,71,3,1970.1,1454,122,3,3,United Kingdom,656.6999999999999,484.6666666666667,128,1
13291,66,1,361.11,233,41,1,1,United Kingdom,361.11,233.0,0,0
13292,194,1,249.57,133,14,1,1,United Kingdom,249.57,133.0,0,1
13294,100,2,873.74,453,48,2,2,United Kingdom,436.87,226.5,59,0
13295,270,1,201.20000000000002,82,10,1,1,United Kingdom,201.20000000000002,82.0,0,0
13296,47,1,87.4,78,5,1,1,United Kingdom,87.4,78.0,0,0
13299,178,1,142.5,30,5,1,1,United Kingdom,142.5,30.0,0,0
13300,79,1,371.89,203,20,1,1,United Kingdom,371.89,203.0,0,0
13301,14,4,600.1899999999999,343,74,4,4,United Kingdom,150.04749999999999,85.75,188,0
13302,65,1,63.75,5,1,1,1,United Kingdom,63.75,5.0,0,0
13304,261,1,300.42,238,21,1,1,United Kingdom,300.42,238.0,0,0
13305,3,8,1471.25,935,37,8,8,United Kingdom,183.90625,116.875,279,1
13307,30,1,15.0,4,1,1,1,United Kingdom,15.0,4.0,0,0
13308,113,1,814.95,519,26,1,1,United Kingdom,814.95,519.0,0,1
13309,117,2,546.64,616,43,2,2,United Kingdom,273.32,308.0,102,1
13310,116,2,817.65,395,50,2,2,United Kingdom,408.825,197.5,117,1
13311,60,1,490.11,271,24,1,1,United Kingdom,490.11,271.0,0,1
13313,51,3,918.34,487,32,3,3,United Kingdom,306.11333333333334,162.33333333333334,198,1
13316,42,2,3535.18,4277,40,2,2,United Kingdom,1767.59,2138.5,122,1
13317,109,5,1313.98,500,56,5,3,United Kingdom,262.796,100.0,160,1
13319,2,19,7390.47,3197,163,19,13,United Kingdom,388.9721052631579,168.26315789473685,274,1
13320,17,3,981.15,787,59,3,2,United Kingdom,327.05,262.3333333333333,107,1
13324,113,7,3798.99,2473,17,7,4,United Kingdom,542.7128571428572,353.2857142857143,157,1
13327,23,7,2738.75,1256,60,7,6,United Kingdom,391.25,179.42857142857142,252,1
13328,226,1,1308.48,680,17,1,1,United Kingdom,1308.48,680.0,0,0
13329,277,1,304.2,175,7,1,1,United Kingdom,304.2,175.0,0,1
13330,3,3,1140.93,751,37,3,3,United Kingdom,380.31,250.33333333333334,223,0
13334,101,2,2708.59,1343,176,2,2,United Kingdom,1354.295,671.5,114,1
13338,68,1,437.02,255,18,1,1,United Kingdom,437.02,255.0,0,0
13339,111,1,860.12,326,54,1,1,United Kingdom,860.12,326.0,0,0
13340,16,5,9229.54,5148,111,5,4,United Kingdom,1845.9080000000001,1029.6,170,1
13341,171,1,775.85,301,42,1,1,United Kingdom,775.85,301.0,0,0
13343,88,1,303.43,134,18,1,1,United Kingdom,303.43,134.0,0,0
13344,188,1,1656.15,599,68,1,1,United Kingdom,1656.15,599.0,0,1
13345,198,1,339.5,140,19,1,1,United Kingdom,339.5,140.0,0,0
13355,32,1,674.7,314,32,1,1,United Kingdom,674.7,314.0,0,0
13357,167,1,609.4,321,85,1,1,United Kingdom,609.4,321.0,0,0
13358,179,1,389.03000000000003,284,28,1,1,United Kingdom,389.03000000000003,284.0,0,0
13362,156,2,1581.53,727,92,2,2,United Kingdom,790.765,363.5,41,1
13365,128,1,700.6,404,39,1,1,United Kingdom,700.6,404.0,0,1
13368,167,2,573.4,326,28,2,2,United Kingdom,286.7,163.0,80,0
13369,276,1,258.28000000000003,148,13,1,1,United Kingdom,258.28000000000003,148.0,0,0
13370,282,1,754.87,343,39,1,1,United Kingdom,754.87,343.0,0,0
13373,69,2,2055.58,944,95,2,2,United Kingdom,1027.79,472.0,117,1
13376,9,3,869.76,490,44,3,3,United Kingdom,289.92,163.33333333333334,135,0
13379,47,1,136.29,166,13,1,1,United Kingdom,136.29,166.0,0,1
13381,23,4,2461.33,1251,63,4,4,United Kingdom,615.3325,312.75,185,1
13382,191,1,222.99,131,15,1,1,United Kingdom,222.99,131.0,0,0
13384,39,2,1755.84,1062,70,2,2,United Kingdom,877.92,531.0,49,1
13385,240,1,534.57,281,35,1,1,United Kingdom,534.57,281.0,0,0
13388,41,2,677.1,282,35,2,1,United Kingdom,338.55,141.0,0,0
13389,143,1,257.89,115,18,1,1,United Kingdom,257.89,115.0,0,1
13391,114,1,59.8,4,1,1,1,United Kingdom,59.8,4.0,0,0
13394,26,5,1543.45,1475,76,5,5,United Kingdom,308.69,295.0,193,1
13395,95,1,307.72,336,21,1,1,United Kingdom,307.72,336.0,0,0
13396,229,1,387.27000000000004,139,15,1,1,United Kingdom,387.27000000000004,139.0,0,1
13397,21,4,1228.19,358,22,4,4,United Kingdom,307.0475,89.5,228,1
13398,102,1,457.34000000000003,281,26,1,1,United Kingdom,457.34000000000003,281.0,0,0
13402,37,2,621.23,479,32,2,2,United Kingdom,310.615,239.5,244,0
13404,123,1,217.81,99,9,1,1,United Kingdom,217.81,99.0,0,1
13405,114,2,557.45,163,24,2,2,United Kingdom,278.725,81.5,113,0
13408,10,41,17836.68,10506,178,41,27,United Kingdom,435.0409756097561,256.2439024390244,273,1
13410,97,3,545.04,300,11,3,3,United Kingdom,181.67999999999998,100.0,104,1
13411,17,1,213.55,72,17,1,1,United Kingdom,213.55,72.0,0,0
13414,44,3,1390.5,1574,23,3,3,United Kingdom,463.5,524.6666666666666,162,0
13417,115,1,236.0,72,10,1,1,United Kingdom,236.0,72.0,0,1
13418,9,15,4744.13,3168,191,15,10,United Kingdom,316.2753333333333,211.2,273,1
13420,60,2,159.85,101,8,2,2,United Kingdom,79.925,50.5,20,0
13421,200,1,814.54,470,63,1,1,United Kingdom,814.54,470.0,0,1
13425,18,3,1624.21,1123,66,3,3,United Kingdom,541.4033333333333,374.3333333333333,186,0
13426,93,5,1558.68,1199,62,5,5,United Kingdom,311.736,239.8,176,1
13427,30,2,464.86,431,19,2,2,United Kingdom,232.43,215.5,94,1
13434,7,1,72.84,60,5,1,1,United Kingdom,72.84,60.0,0,1
13435,20,3,1088.12,894,31,3,3,United Kingdom,362.70666666666665,298.0,78,1
13437,9,4,2173.6,689,108,4,4,United Kingdom,543.4,172.25,91,1
13439,165,1,283.71,242,54,1,1,United Kingdom,283.71,242.0,0,0
13441,2,1,296.64,204,13,1,1,United Kingdom,296.64,204.0,0,0
13448,129,4,1423.26,720,65,4,3,United Kingdom,355.815,180.0,155,1
13450,35,4,1421.46,1270,21,4,4,United Kingdom,355.365,317.5,93,1
13451,36,4,2385.5,1743,284,4,4,United Kingdom,596.375,435.75,208,1
13452,169,2,590.0,2,1,2,2,United Kingdom,295.0,1.0,11,0
13453,76,2,356.98,134,16,2,2,United Kingdom,178.49,67.0,123,0
13455,276,1,692.94,190,30,1,1,United Kingdom,692.94,190.0,0,1
13456,65,3,855.0600000000001,261,18,3,3,United Kingdom,285.02000000000004,87.0,51,1
13458,10,10,7678.42,4521,201,10,10,United Kingdom,767.842,452.1,260,1
13461,49,2,884.2,836,12,2,2,United Kingdom,442.1,418.0,25,1
13462,163,1,151.5,62,9,1,1,United Kingdom,151.5,62.0,0,0
13466,94,1,307.90000000000003,259,17,1,1,United Kingdom,307.90000000000003,259.0,0,0
13468,3,29,4739.02,2064,161,29,28,United Kingdom,163.4144827586207,71.17241379310344,280,1
13470,9,2,165.0,100,7,2,2,United Kingdom,82.5,50.0,15,0
13473,243,1,241.26,198,12,1,1,United Kingdom,241.26,198.0,0,1
13474,146,1,226.84,129,59,1,1,United Kingdom,226.84,129.0,0,0
13475,101,4,1431.78,1012,64,4,4,United Kingdom,357.945,253.0,107,0
13476,89,2,1238.47,417,56,2,2,United Kingdom,619.235,208.5,102,0
13477,48,4,899.55,626,38,4,4,United Kingdom,224.8875,156.5,153,1
13479,111,2,300.95,134,14,2,2,United Kingdom,150.475,67.0,33,0
13481,18,4,1361.33,861,74,4,3,United Kingdom,340.3325,215.25,148,1
13482,142,1,184.64000000000001,116,11,1,1,United Kingdom,184.64000000000001,116.0,0,0
13484,151,1,313.8,44,8,1,1,United Kingdom,313.8,44.0,0,0
13485,143,1,454.24,277,23,1,1,United Kingdom,454.24,277.0,0,0
13486,38,2,819.61,529,52,2,2,United Kingdom,409.805,264.5,26,1
13487,123,2,408.8,213,21,2,2,United Kingdom,204.4,106.5,140,1
13488,31,9,6596.38,3232,231,9,8,United Kingdom,732.9311111111111,359.1111111111111,246,1
13489,15,4,449.52,560,11,4,4,United Kingdom,112.38,140.0,189,0
13491,58,9,1088.45,812,66,9,9,United Kingdom,120.9388888888889,90.22222222222223,224,1
13492,46,3,1269.84,408,38,3,3,Switzerland,423.28,136.0,78,0
13493,185,2,498.63,377,5,2,2,Switzerland,249.315,188.5,11,0
13494,222,1,316.26000000000005,162,18,1,1,United Kingdom,316.26000000000005,162.0,0,0
13495,142,3,1072.43,485,20,3,3,United Kingdom,357.4766666666667,161.66666666666666,136,1
13496,270,1,501.01,229,26,1,1,United Kingdom,501.01,229.0,0,1
13497,193,2,348.05,163,19,2,2,United Kingdom,174.025,81.5,85,0
13499,135,2,463.79,265,18,2,2,United Kingdom,231.895,132.5,44,1
13500,33,1,326.40000000000003,128,20,1,1,United Kingdom,326.40000000000003,128.0,0,1
13501,198,1,1340.32,560,52,1,1,Switzerland,1340.32,560.0,0,0
13502,185,2,189.16000000000003,110,9,2,2,United Kingdom,94.58000000000001,55.0,48,1
13505,77,3,2143.12,1250,109,3,3,Switzerland,714.3733333333333,416.6666666666667,66,1
13506,226,2,458.52,324,26,2,2,United Kingdom,229.26,162.0,53,0
13507,8,3,2022.79,1212,123,3,3,United Kingdom,674.2633333333333,404.0,47,1
13508,154,1,110.97,24,12,1,1,United Kingdom,110.97,24.0,0,0
13509,10,4,690.02,798,23,4,4,United Kingdom,172.505,199.5,184,1
13510,5,2,897.81,743,53,2,2,United Kingdom,448.905,371.5,88,1
13512,171,1,251.21,143,15,1,1,United Kingdom,251.21,143.0,0,0
13513,37,1,205.1,109,10,1,1,United Kingdom,205.1,109.0,0,0
13515,27,3,523.96,473,30,3,3,United Kingdom,174.65333333333334,157.66666666666666,130,1
13516,149,1,146.0,56,7,1,1,United Kingdom,146.0,56.0,0,1
13517,17,2,1612.18,981,99,2,2,United Kingdom,806.09,490.5,73,1
13520,48,5,2387.98,1298,39,5,5,Switzerland,477.596,259.6,234,1
13523,110,3,2369.24,828,92,3,2,United Kingdom,789.7466666666666,276.0,166,1
13524,12,3,408.86,187,14,3,3,United Kingdom,136.28666666666666,62.333333333333336,118,1
13525,158,1,282.88,208,2,1,1,United Kingdom,282.88,208.0,0,1
13527,15,4,1362.52,1288,110,4,4,United Kingdom,340.63,322.0,221,1
13529,115,1,181.1,30,7,1,1,United Kingdom,181.1,30.0,0,1
13531,115,2,483.8,174,17,2,2,United Kingdom,241.9,87.0,161,0
13533,93,3,269.09,202,61,3,2,United Kingdom,89.69666666666666,67.33333333333333,84,0
13534,18,21,4371.53,2242,101,21,15,United Kingdom,208.16809523809522,106.76190476190476,250,1
13538,4,6,990.75,137,8,6,6,United Kingdom,165.125,22.833333333333332,221,1
13539,150,2,315.65,231,21,2,2,United Kingdom,157.825,115.5,68,1
13544,151,1,113.01,63,42,1,1,United Kingdom,113.01,63.0,0,1
13546,111,1,182.26,107,26,1,1,United Kingdom,182.26,107.0,0,1
13548,6,2,678.16,436,114,2,2,United Kingdom,339.08,218.0,147,0
13549,52,5,762.0500000000001,411,34,5,5,United Kingdom,152.41000000000003,82.2,99,1
13551,229,1,91.80000000000001,12,4,1,1,United Kingdom,91.80000000000001,12.0,0,0
13552,34,9,2762.91,1024,61,9,6,United Kingdom,306.99,113.77777777777777,192,1
13555,112,2,1590.05,868,55,2,1,United Kingdom,795.025,434.0,0,1
13557,191,1,240.68,224,16,1,1,United Kingdom,240.68,224.0,0,1
13561,126,1,141.85999999999999,83,14,1,1,United Kingdom,141.85999999999999,83.0,0,0
13562,51,2,1209.73,527,44,2,2,United Kingdom,604.865,263.5,104,1
13563,50,1,310.88,146,39,1,1,United Kingdom,310.88,146.0,0,1
13564,264,2,1174.03,635,67,2,2,United Kingdom,587.015,317.5,13,0
13565,244,1,110.17999999999999,78,13,1,1,United Kingdom,110.17999999999999,78.0,0,1
13568,83,1,187.05,66,41,1,1,United Kingdom,187.05,66.0,0,0
13569,278,1,109.82000000000001,43,23,1,1,United Kingdom,109.82000000000001,43.0,0,1
13570,153,1,239.49,161,27,1,1,United Kingdom,239.49,161.0,0,0
13571,3,7,1083.83,851,110,7,7,United Kingdom,154.83285714285714,121.57142857142857,160,1
13572,116,1,1384.25,534,32,1,1,United Kingdom,1384.25,534.0,0,0
13573,163,1,31.770000000000003,10,3,1,1,United Kingdom,31.770000000000003,10.0,0,1
13575,44,2,218.75,113,13,2,2,United Kingdom,109.375,56.5,42,1
13576,7,13,4840.9400000000005,1811,41,13,13,United Kingdom,372.38000000000005,139.30769230769232,276,1
13577,3,3,1193.8,597,49,3,3,United Kingdom,397.93333333333334,199.0,149,1
13579,279,1,164.7,46,9,1,1,United Kingdom,164.7,46.0,0,1
13581,219,1,118.0,30,10,1,1,United Kingdom,118.0,30.0,0,0
13583,66,1,781.03,725,53,1,1,United Kingdom,781.03,725.0,0,0
13584,217,1,142.4,37,24,1,1,United Kingdom,142.4,37.0,0,0
13588,10,4,1420.72,1648,101,4,4,United Kingdom,355.18,412.0,155,1
13589,90,1,147.0,28,9,1,1,United Kingdom,147.0,28.0,0,1
13590,61,4,1116.38,900,46,4,4,United Kingdom,279.095,225.0,152,1
13591,114,2,776.23,263,36,2,2,United Kingdom,388.115,131.5,62,1
13592,116,3,205.51,71,12,3,3,United Kingdom,68.50333333333333,23.666666666666668,58,1
13593,18,5,2011.88,719,77,5,5,United Kingdom,402.37600000000003,143.8,227,0
13599,67,8,2313.84,1531,71,8,6,United Kingdom,289.23,191.375,210,1
13600,222,1,219.52,324,19,1,1,United Kingdom,219.52,324.0,0,0
13601,121,1,373.2,275,41,1,1,United Kingdom,373.2,275.0,0,1
13606,153,2,246.63,240,37,2,2,United Kingdom,123.315,120.0,68,1
13610,20,5,764.76,364,140,5,5,United Kingdom,152.952,72.8,174,1
13611,81,2,636.72,420,31,2,2,United Kingdom,318.36,210.0,189,1
13614,74,2,778.88,243,82,2,2,United Kingdom,389.44,121.5,166,1
13615,229,1,417.69,189,23,1,1,United Kingdom,417.69,189.0,0,0
13617,23,2,365.7,188,23,2,2,United Kingdom,182.85,94.0,67,1
13618,84,1,177.34,246,13,1,1,United Kingdom,177.34,246.0,0,0
13621,27,1,213.85,343,19,1,1,United Kingdom,213.85,343.0,0,0
13623,120,4,539.17,149,61,4,4,United Kingdom,134.7925,37.25,87,1
13626,163,1,257.23,209,19,1,1,United Kingdom,257.23,209.0,0,0
13627,86,3,1027.0,775,62,3,3,United Kingdom,342.3333333333333,258.3333333333333,181,1
13629,9,8,5718.36,3222,27,8,8,United Kingdom,714.795,402.75,239,1
13630,16,5,1361.46,973,49,5,5,United Kingdom,272.29200000000003,194.6,179,1
13631,10,11,3070.42,467,6,11,7,United Kingdom,279.1290909090909,42.45454545454545,167,0
13632,84,3,812.26,310,70,3,3,United Kingdom,270.75333333333333,103.33333333333333,69,1
13634,16,3,755.97,347,73,3,3,United Kingdom,251.99,115.66666666666667,220,1
13636,32,4,646.55,339,36,4,4,United Kingdom,161.6375,84.75,163,1
13637,97,2,677.4,349,74,2,2,United Kingdom,338.7,174.5,39,1
13642,126,1,312.28,151,57,1,1,United Kingdom,312.28,151.0,0,0
13643,9,2,259.40000000000003,126,13,2,2,United Kingdom,129.70000000000002,63.0,86,1
13644,16,1,851.09,659,48,1,1,United Kingdom,851.09,659.0,0,1
13645,30,1,252.1,158,5,1,1,United Kingdom,252.1,158.0,0,0
13647,85,2,803.86,441,33,2,2,United Kingdom,401.93,220.5,59,1
13649,167,2,346.6,139,23,2,2,United Kingdom,173.3,69.5,109,0
13650,117,2,745.5200000000001,284,33,2,2,United Kingdom,372.76000000000005,142.0,60,1
13652,167,2,638.24,290,33,2,2,United Kingdom,319.12,145.0,112,1
13654,55,4,1714.27,1532,100,4,4,United Kingdom,428.5675,383.0,128,1
13655,24,2,932.97,605,52,2,2,United Kingdom,466.485,302.5,127,0
13656,75,2,379.65,490,49,2,2,United Kingdom,189.825,245.0,172,0
13657,112,1,152.34,132,9,1,1,United Kingdom,152.34,132.0,0,1
13658,114,1,933.3,300,32,1,1,United Kingdom,933.3,300.0,0,1
13659,116,2,1563.0,882,92,2,2,United Kingdom,781.5,441.0,115,0
13662,122,2,516.44,353,33,2,2,United Kingdom,258.22,176.5,47,1
13663,89,1,189.47,91,13,1,1,United Kingdom,189.47,91.0,0,0
13666,197,2,64.05,37,8,2,1,United Kingdom,32.025,18.5,0,1
13667,59,1,299.05,149,82,1,1,United Kingdom,299.05,149.0,0,0
13668,23,16,4900.97,2938,218,16,16,United Kingdom,306.310625,183.625,249,1
13669,60,1,48.150000000000006,13,3,1,1,United Kingdom,48.150000000000006,13.0,0,1
13672,211,2,186.39000000000001,57,4,2,2,United Kingdom,93.19500000000001,28.5,30,0
13675,61,2,486.82000000000005,330,25,2,2,United Kingdom,243.41000000000003,165.0,133,0
13678,62,1,232.6,924,16,1,1,United Kingdom,232.6,924.0,0,0
13680,248,2,2391.59,1195,69,2,2,United Kingdom,1195.795,597.5,1,1
13681,65,1,203.46,96,13,1,1,United Kingdom,203.46,96.0,0,1
13682,97,1,59.5,10,3,1,1,United Kingdom,59.5,10.0,0,0
13684,196,1,65.13,38,29,1,1,United Kingdom,65.13,38.0,0,0
13686,93,1,72.0,70,8,1,1,United Kingdom,72.0,70.0,0,0
13692,124,2,871.58,735,32,2,2,United Kingdom,435.79,367.5,22,1
13694,17,39,45911.64,48830,309,39,28,United Kingdom,1177.2215384615386,1252.051282051282,266,1
13695,8,12,1767.07,1174,35,12,11,United Kingdom,147.25583333333333,97.83333333333333,161,1
13699,65,1,308.58000000000004,66,14,1,1,United Kingdom,308.58000000000004,66.0,0,0
13700,3,8,1634.77,1995,138,8,6,United Kingdom,204.34625,249.375,234,1
13703,228,1,99.5,10,1,1,1,United Kingdom,99.5,10.0,0,0
13705,55,2,522.68,237,20,2,2,United Kingdom,261.34,118.5,228,1
13706,213,1,330.79,189,20,1,1,United Kingdom,330.79,189.0,0,0
13707,177,2,806.41,351,48,2,2,United Kingdom,403.205,175.5,48,0
13708,181,1,283.33,300,48,1,1,United Kingdom,283.33,300.0,0,0
13709,12,5,2918.81,1890,125,5,4,United Kingdom,583.762,378.0,213,1
13711,129,2,252.06,140,11,2,1,United Kingdom,126.03,70.0,0,0
13712,157,1,228.84,352,10,1,1,United Kingdom,228.84,352.0,0,0
13715,191,5,1077.39,562,89,5,4,United Kingdom,215.478,112.4,91,0
13716,179,1,138.28,138,21,1,1,United Kingdom,138.28,138.0,0,0
13717,39,4,955.99,1567,64,4,4,United Kingdom,238.9975,391.75,169,1
13718,156,2,306.55,173,9,2,2,United Kingdom,153.275,86.5,49,0
13719,115,2,338.74,186,19,2,2,United Kingdom,169.37,93.0,28,1
13720,27,4,799.9,501,42,4,4,United Kingdom,199.975,125.25,138,0
13722,42,3,2375.41,1401,75,3,2,United Kingdom,791.8033333333333,467.0,151,0
13723,127,1,199.85000000000002,43,6,1,1,United Kingdom,199.85000000000002,43.0,0,0
13725,79,7,1865.7,724,86,7,7,United Kingdom,266.5285714285714,103.42857142857143,139,1
13726,11,1,292.68,384,23,1,1,United Kingdom,292.68,384.0,0,1
13728,17,5,797.02,354,29,5,5,United Kingdom,159.404,70.8,203,1
13730,46,2,752.6,488,38,2,2,United Kingdom,376.3,244.0,25,0
13731,129,2,610.59,278,36,2,2,United Kingdom,305.295,139.0,27,0
13735,86,2,1409.69,719,88,2,2,United Kingdom,704.845,359.5,58,1
13736,170,1,357.53,228,73,1,1,United Kingdom,357.53,228.0,0,1
13737,110,1,339.6,125,29,1,1,United Kingdom,339.6,125.0,0,0
13740,151,1,350.75,425,23,1,1,United Kingdom,350.75,425.0,0,0
13741,94,2,363.13,143,20,2,2,United Kingdom,181.565,71.5,33,1
13742,72,10,2632.57,964,163,10,9,United Kingdom,263.257,96.4,157,1
13743,18,5,912.12,1212,8,5,5,United Kingdom,182.424,242.4,151,1
13744,5,2,1080.52,1153,54,2,2,United Kingdom,540.26,576.5,197,0
13745,72,1,300.04,496,25,1,1,United Kingdom,300.04,496.0,0,0
13747,284,1,79.6,8,1,1,1,United Kingdom,79.6,8.0,0,0
13748,6,5,948.25,439,24,5,4,United Kingdom,189.65,87.8,278,0
13750,50,4,1316.63,431,16,4,4,United Kingdom,329.1575,107.75,196,1
13751,198,1,296.25,152,9,1,1,United Kingdom,296.25,152.0,0,0
13752,34,6,1175.38,874,64,6,6,United Kingdom,195.89666666666668,145.66666666666666,122,0
13753,198,1,741.26,512,35,1,1,United Kingdom,741.26,512.0,0,0
13754,62,2,282.6,214,11,2,2,United Kingdom,141.3,107.0,165,0
13756,3,8,2972.33,1843,55,8,8,United Kingdom,371.54125,230.375,274,1
13758,111,5,2351.52,1493,87,5,5,United Kingdom,470.304,298.6,172,1
13760,166,1,135.09,96,28,1,1,United Kingdom,135.09,96.0,0,1
13761,90,1,491.71,224,32,1,1,United Kingdom,491.71,224.0,0,1
13762,129,1,306.72,272,7,1,1,United Kingdom,306.72,272.0,0,0
13764,54,2,943.29,584,123,2,2,United Kingdom,471.645,292.0,193,1
13767,19,28,9676.37,3933,50,28,24,United Kingdom,345.5846428571429,140.46428571428572,264,1
13769,2,8,2176.62,856,61,8,7,United Kingdom,272.0775,107.0,275,1
13771,109,2,1464.8500000000001,825,65,2,2,United Kingdom,732.4250000000001,412.5,47,1
13772,7,2,682.97,308,96,2,2,United Kingdom,341.485,154.0,142,1
13777,39,24,12360.24,5959,35,24,17,United Kingdom,515.01,248.29166666666666,243,1
13778,13,1,178.7,70,9,1,1,United Kingdom,178.7,70.0,0,0
13780,81,1,116.28000000000002,173,9,1,1,United Kingdom,116.28000000000002,173.0,0,1
13781,161,1,127.84,30,17,1,1,United Kingdom,127.84,30.0,0,0
13782,35,3,484.79,184,59,3,3,United Kingdom,161.59666666666666,61.333333333333336,203,1
13784,5,9,2124.15,2265,9,9,9,United Kingdom,236.01666666666668,251.66666666666666,237,1
13786,277,1,230.4,136,7,1,1,United Kingdom,230.4,136.0,0,0
13787,274,1,106.4,56,7,1,1,United Kingdom,106.4,56.0,0,1
13791,38,2,1516.0,1200,7,2,2,United Kingdom,758.0,600.0,40,0
13792,197,1,74.60000000000001,28,4,1,1,United Kingdom,74.60000000000001,28.0,0,1
13798,3,42,29161.14,18304,95,42,38,United Kingdom,694.3128571428572,435.8095238095238,278,1
13799,27,2,688.86,402,32,2,2,United Kingdom,344.43,201.0,177,0
13800,220,1,558.32,331,33,1,1,United Kingdom,558.32,331.0,0,0
13802,49,3,4599.42,2572,55,3,3,United Kingdom,1533.14,857.3333333333334,172,0
13803,165,1,277.07,121,17,1,1,United Kingdom,277.07,121.0,0,0
13804,7,4,1526.01,923,81,4,4,United Kingdom,381.5025,230.75,193,1
13805,39,1,500.24,728,6,1,1,United Kingdom,500.24,728.0,0,1
13807,277,1,112.6,36,7,1,1,United Kingdom,112.6,36.0,0,0
13808,4,2,723.1,324,33,2,2,United Kingdom,361.55,162.0,3,1
13809,215,1,155.05,29,11,1,1,Cyprus,155.05,29.0,0,0
13811,94,2,519.75,63,5,2,2,Germany,259.875,31.5,55,0
13812,15,1,260.74,190,19,1,1,Germany,260.74,190.0,0,1
13813,45,1,331.14,174,16,1,1,Germany,331.14,174.0,0,1
13814,2,2,1579.12,864,37,2,2,Germany,789.56,432.0,44,0
13815,82,2,2689.75,1949,109,2,2,Germany,1344.875,974.5,146,1
13817,262,1,110.7,62,8,1,1,Germany,110.7,62.0,0,1
13819,212,3,1140.35,1109,26,3,3,United Kingdom,380.1166666666666,369.6666666666667,18,0
13821,55,2,385.64,153,51,2,2,United Kingdom,192.82,76.5,116,0
13823,2,1,650.42,325,26,1,1,United Kingdom,650.42,325.0,0,1
13824,46,4,1429.84,660,26,4,4,United Kingdom,357.46,165.0,174,1
13826,86,1,189.5,82,10,1,1,United Kingdom,189.5,82.0,0,0
13827,44,2,300.76,95,59,2,2,United Kingdom,150.38,47.5,9,1
13831,49,4,1450.85,515,57,4,4,United Kingdom,362.7125,128.75,231,1
13833,69,1,383.85,117,28,1,1,United Kingdom,383.85,117.0,0,0
13835,65,2,537.34,291,28,2,2,United Kingdom,268.67,145.5,59,1
13837,122,2,266.59000000000003,182,17,2,2,United Kingdom,133.29500000000002,91.0,105,0
13838,28,3,467.54,164,106,3,2,United Kingdom,155.84666666666666,54.666666666666664,252,1
13841,163,1,85.0,100,1,1,1,United Kingdom,85.0,100.0,0,0
13842,66,7,2165.27,893,96,7,7,United Kingdom,309.32428571428574,127.57142857142857,211,1
13846,152,2,663.9300000000001,345,43,2,2,United Kingdom,331.96500000000003,172.5,117,1
13848,2,3,1255.0,3700,3,3,3,United Kingdom,418.3333333333333,1233.3333333333333,273,0
13849,81,1,593.58,332,38,1,1,United Kingdom,593.58,332.0,0,1
13850,39,1,1595.48,944,93,1,1,United Kingdom,1595.48,944.0,0,0
13851,6,3,2651.46,1705,77,3,3,United Kingdom,883.82,568.3333333333334,192,0
13854,2,20,6469.16,1812,35,20,20,United Kingdom,323.45799999999997,90.6,273,1
13856,79,3,388.5,494,10,3,3,United Kingdom,129.5,164.66666666666666,34,0
13859,236,1,201.16,129,27,1,1,United Kingdom,201.16,129.0,0,0
13862,18,6,1781.3,1277,77,6,6,United Kingdom,296.8833333333333,212.83333333333334,223,1
13863,158,1,305.78,224,20,1,1,United Kingdom,305.78,224.0,0,0
13865,47,3,383.34000000000003,154,23,3,3,United Kingdom,127.78000000000002,51.333333333333336,152,1
13867,128,1,138.85,31,8,1,1,United Kingdom,138.85,31.0,0,1
13869,33,4,3083.65,1709,234,4,4,United Kingdom,770.9125,427.25,233,0
13870,12,5,2179.4700000000003,1058,82,5,4,United Kingdom,435.89400000000006,211.6,186,1
13871,2,9,4612.64,1950,120,9,9,United Kingdom,512.5155555555556,216.66666666666666,216,1
13873,30,3,389.6,140,21,3,3,United Kingdom,129.86666666666667,46.666666666666664,190,0
13874,268,1,540.45,180,18,1,1,United Kingdom,540.45,180.0,0,0
13875,44,4,1424.8,1005,66,4,4,United Kingdom,356.2,251.25,167,1
13880,55,8,1680.76,852,69,8,7,United Kingdom,210.095,106.5,222,1
13881,6,11,9398.68,5928,65,11,8,United Kingdom,854.4254545454546,538.9090909090909,216,1
13883,129,4,1742.78,904,94,4,2,United Kingdom,435.695,226.0,34,1
13884,187,3,196.25,65,10,3,2,United Kingdom,65.41666666666667,21.666666666666668,5,1
13885,99,2,506.8,182,28,2,2,United Kingdom,253.4,91.0,11,0
13887,114,1,349.55,147,19,1,1,United Kingdom,349.55,147.0,0,0
13888,30,2,595.67,254,38,2,2,United Kingdom,297.835,127.0,98,0
13889,3,1,416.90000000000003,146,15,1,1,United Kingdom,416.90000000000003,146.0,0,0
13890,17,2,501.11,271,25,2,2,United Kingdom,250.555,135.5,251,1
13892,157,1,54.519999999999996,140,3,1,1,United Kingdom,54.519999999999996,140.0,0,1
13893,208,1,821.1,190,21,1,1,United Kingdom,821.1,190.0,0,0
13894,220,1,160.85,105,10,1,1,United Kingdom,160.85,105.0,0,1
13895,53,2,937.3000000000001,436,39,2,2,United Kingdom,468.65000000000003,218.0,21,1
13898,236,1,155.93,133,12,1,1,United Kingdom,155.93,133.0,0,0
13899,185,1,298.5,122,15,1,1,United Kingdom,298.5,122.0,0,1
13900,93,3,740.95,430,42,3,3,United Kingdom,246.98333333333335,143.33333333333334,79,0
13901,18,4,2652.28,1547,129,4,4,United Kingdom,663.07,386.75,211,1
13904,205,1,201.12,223,17,1,1,United Kingdom,201.12,223.0,0,1
13908,37,3,1411.61,918,64,3,3,United Kingdom,470.53666666666663,306.0,149,1
13911,54,8,2437.63,2189,120,8,8,United Kingdom,304.70375,273.625,163,1
13917,102,1,65.38,38,5,1,1,United Kingdom,65.38,38.0,0,1
13918,163,1,198.20000000000002,100,8,1,1,United Kingdom,198.20000000000002,100.0,0,1
13919,32,1,195.15,337,15,1,1,Denmark,195.15,337.0,0,1
13922,262,1,172.25,93,7,1,1,United Kingdom,172.25,93.0,0,0
13925,3,4,678.25,331,28,4,3,United Kingdom,169.5625,82.75,42,0
13928,17,2,225.45000000000002,87,13,2,2,United Kingdom,112.72500000000001,43.5,26,1
13929,79,2,842.65,143,8,2,2,United Kingdom,421.325,71.5,157,0
13930,47,1,210.0,210,10,1,1,United Kingdom,210.0,210.0,0,1
13931,6,2,1237.53,725,56,2,2,United Kingdom,618.765,362.5,185,0
13932,205,1,307.4,72,16,1,1,United Kingdom,307.4,72.0,0,0
13933,19,2,608.79,205,23,2,2,United Kingdom,304.395,102.5,39,0
13934,174,1,922.1,390,31,1,1,United Kingdom,922.1,390.0,0,0
13936,90,1,376.58,330,26,1,1,United Kingdom,376.58,330.0,0,0
13937,79,1,158.85,123,9,1,1,United Kingdom,158.85,123.0,0,0
13939,19,2,390.21,657,32,2,2,United Kingdom,195.105,328.5,203,1
13940,27,2,391.06,240,25,2,2,United Kingdom,195.53,120.0,27,1
13941,82,3,2831.26,1382,20,3,3,United Kingdom,943.7533333333334,460.6666666666667,200,1
13946,112,2,485.96999999999997,263,9,2,2,United Kingdom,242.98499999999999,131.5,66,1
13948,271,1,102.0,40,3,1,1,United Kingdom,102.0,40.0,0,0
13949,5,1,537.9,542,38,1,1,United Kingdom,537.9,542.0,0,1
13950,157,1,179.31,81,7,1,1,United Kingdom,179.31,81.0,0,1
13951,86,3,674.45,459,38,3,3,United Kingdom,224.8166666666667,153.0,118,0
13952,128,2,3251.071,1431,120,2,2,United Kingdom,1625.5355,715.5,20,0
13953,26,5,2604.36,2048,8,5,5,United Kingdom,520.8720000000001,409.6,236,1
13955,64,2,322.96,154,33,2,2,United Kingdom,161.48,77.0,151,0
13956,48,3,676.07,381,95,3,3,United Kingdom,225.35666666666668,127.0,133,1
13959,191,2,337.44,198,31,2,2,United Kingdom,168.72,99.0,81,1
13962,156,1,117.6,30,7,1,1,United Kingdom,117.6,30.0,0,1
13963,218,4,664.54,460,35,4,4,United Kingdom,166.135,115.0,59,0
13967,56,1,80.7,42,2,1,1,United Kingdom,80.7,42.0,0,0
13969,17,11,3883.23,1970,221,11,10,United Kingdom,353.0209090909091,179.0909090909091,257,1
13971,16,6,1985.9,1332,95,6,6,United Kingdom,330.98333333333335,222.0,179,1
13972,112,1,145.9,42,9,1,1,United Kingdom,145.9,42.0,0,1
13973,197,1,264.7,109,11,1,1,United Kingdom,264.7,109.0,0,0
13975,38,4,1466.67,948,166,4,4,United Kingdom,366.6675,237.0,148,1
13976,117,1,357.98,154,10,1,1,United Kingdom,357.98,154.0,0,0
13982,73,3,1230.14,783,45,3,3,United Kingdom,410.0466666666667,261.0,202,1
13983,97,8,1681.06,793,65,8,6,United Kingdom,210.1325,99.125,179,1
13984,36,4,819.33,647,10,4,4,United Kingdom,204.8325,161.75,239,1
13985,17,7,2773.04,1380,55,7,7,United Kingdom,396.1485714285714,197.14285714285714,156,1
13988,73,3,1923.5,1290,99,3,3,United Kingdom,641.1666666666666,430.0,92,1
13989,149,1,896.67,869,23,1,1,United Kingdom,896.67,869.0,0,1
13990,123,1,311.3,190,16,1,1,United Kingdom,311.3,190.0,0,0
13991,53,1,126.35,83,7,1,1,United Kingdom,126.35,83.0,0,1
13993,11,6,2247.41,653,59,6,6,United Kingdom,374.5683333333333,108.83333333333333,230,1
13994,16,2,419.56,133,18,2,2,United Kingdom,209.78,66.5,42,1
13995,26,3,871.9,608,39,3,3,United Kingdom,290.6333333333333,202.66666666666666,130,1
13999,6,9,2868.9700000000003,1733,90,9,9,United Kingdom,318.7744444444445,192.55555555555554,265,1
14000,121,1,635.66,710,15,1,1,United Kingdom,635.66,710.0,0,0
14001,143,2,1309.14,632,21,2,2,United Kingdom,654.57,316.0,140,1
14002,44,2,529.73,877,47,2,2,United Kingdom,264.865,438.5,22,0
14004,8,5,3203.26,1676,69,5,5,United Kingdom,640.652,335.2,190,1
14005,44,3,696.56,864,29,3,3,United Kingdom,232.18666666666664,288.0,81,1
14006,26,3,962.19,641,22,3,3,United Kingdom,320.73,213.66666666666666,196,0
14009,108,2,695.61,365,42,2,2,United Kingdom,347.805,182.5,7,0
14012,188,1,328.8,160,11,1,1,United Kingdom,328.8,160.0,0,0
14013,20,3,473.02,462,30,3,3,United Kingdom,157.67333333333332,154.0,165,0
14016,72,4,4291.21,2124,153,4,4,EIRE,1072.8025,531.0,195,0
14019,8,2,800.53,553,28,2,2,United Kingdom,400.265,276.5,39,1
14021,65,3,631.9,192,22,3,3,United Kingdom,210.63333333333333,64.0,101,0
14022,135,1,440.0,487,28,1,1,United Kingdom,440.0,487.0,0,0
14023,160,1,273.14,162,16,1,1,United Kingdom,273.14,162.0,0,1
14024,32,2,327.7,150,16,2,2,United Kingdom,163.85,75.0,2,0
14029,54,1,165.20000000000002,24,6,1,1,United Kingdom,165.20000000000002,24.0,0,1
14030,31,6,1657.5,860,147,6,5,United Kingdom,276.25,143.33333333333334,245,1
14031,36,13,9627.03,3588,101,13,12,United Kingdom,740.5407692307692,276.0,245,1
14032,79,6,1845.3700000000001,1325,43,6,6,United Kingdom,307.56166666666667,220.83333333333334,198,1
14034,67,2,473.90999999999997,307,23,2,1,United Kingdom,236.95499999999998,153.5,0,1
14035,17,3,837.26,447,18,3,3,United Kingdom,279.08666666666664,149.0,190,1
14036,195,1,626.65,268,38,1,1,United Kingdom,626.65,268.0,0,0
14037,86,2,147.20000000000002,46,27,2,2,United Kingdom,73.60000000000001,23.0,188,0
14038,54,2,1086.42,701,49,2,2,United Kingdom,543.21,350.5,63,1
14040,4,10,2734.46,1286,122,10,9,United Kingdom,273.446,128.6,236,1
14041,176,1,141.41,94,21,1,1,United Kingdom,141.41,94.0,0,0
14044,13,3,535.71,247,144,3,3,United Kingdom,178.57000000000002,82.33333333333333,206,1
14045,19,4,1659.75,535,4,4,3,United Kingdom,414.9375,133.75,264,0
14046,194,1,151.59,443,13,1,1,United Kingdom,151.59,443.0,0,0
14047,110,3,635.92,210,15,3,3,United Kingdom,211.97333333333333,70.0,173,1
14048,215,1,409.93,288,83,1,1,United Kingdom,409.93,288.0,0,0
14049,69,3,3244.74,2150,211,3,3,United Kingdom,1081.58,716.6666666666666,159,1
14050,16,1,485.98,447,37,1,1,United Kingdom,485.98,447.0,0,1
14051,2,16,9271.84,2287,43,16,15,United Kingdom,579.49,142.9375,274,1
14053,34,2,260.25,215,2,2,2,United Kingdom,130.125,107.5,35,0
14055,16,1,725.6400000000001,216,10,1,1,United Kingdom,725.6400000000001,216.0,0,0
14056,17,17,5333.97,2864,274,17,17,United Kingdom,313.7629411764706,168.47058823529412,177,1
14057,11,13,4805.68,3945,155,13,11,United Kingdom,369.66769230769233,303.46153846153845,259,1
14059,177,1,183.6,128,8,1,1,United Kingdom,183.6,128.0,0,0
14060,18,14,4102.78,3770,67,14,14,United Kingdom,293.05571428571426,269.2857142857143,264,1
14062,2,10,8800.67,4143,57,10,9,United Kingdom,880.067,414.3,272,1
14064,23,4,1097.03,1512,44,4,4,United Kingdom,274.2575,378.0,161,1
14066,177,1,152.55,45,7,1,1,United Kingdom,152.55,45.0,0,0
14067,7,1,224.67,216,25,1,1,United Kingdom,224.67,216.0,0,1
14068,230,1,265.85,73,22,1,1,United Kingdom,265.85,73.0,0,0
14071,170,2,356.81,295,22,2,2,United Kingdom,178.405,147.5,4,1
14075,171,1,307.92,270,18,1,1,United Kingdom,307.92,270.0,0,1
14076,39,1,118.67,79,43,1,1,United Kingdom,118.67,79.0,0,0
14077,92,3,310.4,148,30,3,3,United Kingdom,103.46666666666665,49.333333333333336,91,1
14078,12,6,1049.37,310,46,6,6,United Kingdom,174.89499999999998,51.666666666666664,271,0
14079,35,1,375.1,301,12,1,1,United Kingdom,375.1,301.0,0,0
14081,212,2,921.62,592,126,2,2,United Kingdom,460.81,296.0,67,0
14082,275,1,182.25,110,28,1,1,United Kingdom,182.25,110.0,0,0
14083,36,7,533.39,374,92,7,6,United Kingdom,76.19857142857143,53.42857142857143,245,1
14085,51,12,3220.94,2190,228,12,12,United Kingdom,268.4116666666667,182.5,227,1
14088,39,7,25507.89,7074,232,7,6,United Kingdom,3643.9842857142858,1010.5714285714286,193,1
14090,235,1,76.32000000000001,72,1,1,1,United Kingdom,76.32000000000001,72.0,0,0
14092,10,10,2745.42,1495,96,10,9,United Kingdom,274.54200000000003,149.5,258,1
14096,1,3,203.89,94,55,3,3,United Kingdom,67.96333333333332,31.333333333333332,10,1
14099,30,8,2309.92,1726,143,8,8,United Kingdom,288.74,215.75,234,1
14100,48,1,191.95,63,24,1,1,United Kingdom,191.95,63.0,0,0
14101,53,5,4944.39,6406,15,5,5,United Kingdom,988.878,1281.2,183,1
14104,65,2,216.21,72,21,2,2,United Kingdom,108.105,36.0,11,0
14105,149,1,1266.23,800,74,1,1,United Kingdom,1266.23,800.0,0,0
14107,6,6,2461.94,1606,58,6,6,United Kingdom,410.3233333333333,267.6666666666667,268,1
14108,12,1,291.33,209,16,1,1,United Kingdom,291.33,209.0,0,1
14110,29,5,3259.62,1534,65,5,5,United Kingdom,651.924,306.8,147,1
14111,6,3,295.5,202,5,3,3,United Kingdom,98.5,67.33333333333333,146,1
14112,41,4,1900.82,1148,89,4,3,United Kingdom,475.205,287.0,145,1
14113,265,1,433.5,102,2,1,1,United Kingdom,433.5,102.0,0,1
14114,184,2,386.53,101,15,2,2,United Kingdom,193.265,50.5,56,0
14116,3,2,628.87,380,29,2,2,United Kingdom,314.435,190.0,28,1
14117,54,1,90.0,72,3,1,1,United Kingdom,90.0,72.0,0,0
14127,33,3,709.71,321,39,3,3,United Kingdom,236.57000000000002,107.0,187,0
14128,166,1,305.54,269,22,1,1,United Kingdom,305.54,269.0,0,1
14129,6,3,726.23,355,28,3,2,United Kingdom,242.07666666666668,118.33333333333333,165,1
14130,229,1,480.91,257,66,1,1,United Kingdom,480.91,257.0,0,0
14132,24,5,1552.46,1420,48,5,5,United Kingdom,310.492,284.0,69,1
14133,40,3,605.64,348,25,3,2,United Kingdom,201.88,116.0,186,0
14135,15,10,3190.32,3364,82,10,9,United Kingdom,319.03200000000004,336.4,267,1
14141,15,1,285.16,140,16,1,1,United Kingdom,285.16,140.0,0,1
14142,283,1,311.81,313,22,1,1,United Kingdom,311.81,313.0,0,0
14143,44,1,115.8,30,7,1,1,United Kingdom,115.8,30.0,0,0
14145,67,3,2851.2,576,6,3,3,United Kingdom,950.4,192.0,60,1
14146,165,2,1903.73,811,62,2,2,United Kingdom,951.865,405.5,102,1
14147,196,1,182.8,40,2,1,1,United Kingdom,182.8,40.0,0,1
14148,144,1,157.2,16,3,1,1,United Kingdom,157.2,16.0,0,0
14149,131,1,446.62,218,28,1,1,United Kingdom,446.62,218.0,0,0
14150,270,1,306.18,262,12,1,1,United Kingdom,306.18,262.0,0,1
14152,144,1,314.51,369,29,1,1,United Kingdom,314.51,369.0,0,1
14154,149,2,1345.62,465,52,2,1,United Kingdom,672.81,232.5,0,0
14155,176,1,118.75,25,6,1,1,United Kingdom,118.75,25.0,0,0
14156,3,41,98238.79000000001,48707,641,41,31,EIRE,2396.068048780488,1187.9756097560976,278,1
14157,195,1,269.18,186,36,1,1,United Kingdom,269.18,186.0,0,1
14159,6,7,2732.73,2487,399,7,7,United Kingdom,390.39,355.2857142857143,267,1
14161,126,3,1097.6200000000001,450,87,3,3,United Kingdom,365.8733333333334,150.0,153,0
14162,84,2,289.36,142,25,2,2,United Kingdom,144.68,71.0,118,0
14163,62,3,1659.39,589,31,3,3,United Kingdom,553.13,196.33333333333334,86,1
14165,186,1,120.44,53,23,1,1,United Kingdom,120.44,53.0,0,0
14167,75,3,389.85,103,23,3,3,United Kingdom,129.95000000000002,34.333333333333336,166,1
14171,8,1,363.79,167,57,1,1,United Kingdom,363.79,167.0,0,0
14173,129,1,114.04,40,11,1,1,United Kingdom,114.04,40.0,0,1
14175,81,2,1205.99,626,58,2,2,United Kingdom,602.995,313.0,158,1
14176,207,4,576.9000000000001,209,28,4,3,United Kingdom,144.22500000000002,52.25,70,0
14177,6,3,299.46,144,37,3,2,United Kingdom,99.82,48.0,84,1
14178,8,3,477.29,387,87,3,3,United Kingdom,159.09666666666666,129.0,84,1
14180,1,22,4258.92,635,107,22,21,United Kingdom,193.58727272727273,28.863636363636363,281,1
14185,241,1,197.65,6,3,1,1,United Kingdom,197.65,6.0,0,0
14188,19,4,1383.46,783,25,4,4,United Kingdom,345.865,195.75,200,1
14189,6,11,3267.92,2720,125,11,10,United Kingdom,297.08363636363634,247.27272727272728,272,1
14191,18,7,2258.26,1388,71,7,7,United Kingdom,322.60857142857145,198.28571428571428,112,1
14193,180,1,422.54,250,23,1,1,United Kingdom,422.54,250.0,0,1
14194,16,12,5666.45,3243,203,12,8,United Kingdom,472.20416666666665,270.25,201,1
14195,112,2,1012.0,760,7,2,2,United Kingdom,506.0,380.0,50,0
14196,17,1,335.52,142,6,1,1,United Kingdom,335.52,142.0,0,0
14198,55,2,356.95,167,21,2,2,United Kingdom,178.475,83.5,94,1
14199,128,1,185.39999999999998,28,2,1,1,United Kingdom,185.39999999999998,28.0,0,0
14201,59,5,521.24,360,19,5,5,United Kingdom,104.248,72.0,210,1
14205,174,1,222.9,126,14,1,1,United Kingdom,222.9,126.0,0,1
14206,149,1,328.15999999999997,276,20,1,1,United Kingdom,328.15999999999997,276.0,0,0
14208,5,1,151.74,114,10,1,1,United Kingdom,151.74,114.0,0,0
14209,31,5,1876.33,657,54,5,5,United Kingdom,375.26599999999996,131.4,211,1
14210,16,6,1905.8400000000001,760,66,6,6,United Kingdom,317.64000000000004,126.66666666666667,265,0
14211,7,6,1129.93,593,53,6,6,United Kingdom,188.3216666666667,98.83333333333333,198,1
14214,66,3,899.16,671,56,3,3,United Kingdom,299.71999999999997,223.66666666666666,121,1
14215,97,4,1098.27,589,58,4,4,United Kingdom,274.5675,147.25,181,1
14217,10,10,1211.5,380,54,10,10,United Kingdom,121.15,38.0,266,1
14220,157,2,632.4000000000001,272,21,2,2,United Kingdom,316.20000000000005,136.0,110,0
14221,23,7,2617.01,1546,91,7,5,United Kingdom,373.85857142857145,220.85714285714286,226,1
14222,87,1,683.17,607,41,1,1,United Kingdom,683.17,607.0,0,0
14223,2,3,991.13,585,50,3,3,United Kingdom,330.37666666666667,195.0,171,0
14224,20,4,1009.73,483,105,4,4,United Kingdom,252.4325,120.75,209,0
14226,120,2,1692.0,1075,40,2,2,United Kingdom,846.0,537.5,58,1
14227,106,7,2399.52,1279,104,7,4,United Kingdom,342.7885714285714,182.71428571428572,88,1
14229,202,2,762.13,303,23,2,2,United Kingdom,381.065,151.5,41,1
14231,94,3,925.71,409,47,3,3,United Kingdom,308.57,136.33333333333334,104,0
14232,25,4,1573.33,1503,71,4,4,United Kingdom,393.3325,375.75,149,1
14233,122,3,959.1,410,15,3,3,United Kingdom,319.7,136.66666666666666,105,1
14235,68,4,2802.86,1841,62,4,3,United Kingdom,700.715,460.25,102,1
14236,282,1,189.3,38,3,1,1,United Kingdom,189.3,38.0,0,1
14237,283,1,161.0,38,9,1,1,United Kingdom,161.0,38.0,0,0
14238,236,1,146.85,111,8,1,1,United Kingdom,146.85,111.0,0,0
14239,5,9,1880.89,803,71,9,9,United Kingdom,208.98777777777778,89.22222222222223,221,1
14240,136,1,226.85000000000002,79,10,1,1,United Kingdom,226.85000000000002,79.0,0,1
14241,94,1,213.70000000000002,146,10,1,1,United Kingdom,213.70000000000002,146.0,0,0
14242,145,2,280.55,123,13,2,2,United Kingdom,140.275,61.5,91,0
14243,5,8,2305.9500000000003,1031,93,8,8,United Kingdom,288.24375000000003,128.875,270,1
14245,130,2,1693.45,976,107,2,2,United Kingdom,846.725,488.0,43,0
14246,21,3,1474.06,804,57,3,3,United Kingdom,491.3533333333333,268.0,135,0
14247,188,1,136.77,47,19,1,1,United Kingdom,136.77,47.0,0,0
14248,228,1,302.58,102,8,1,1,United Kingdom,302.58,102.0,0,0
14256,170,2,969.0600000000001,414,51,2,2,United Kingdom,484.53000000000003,207.0,104,0
14257,33,4,2725.84,1338,84,4,4,United Kingdom,681.46,334.5,195,1
14258,62,7,9386.32,5420,52,7,6,United Kingdom,1340.902857142857,774.2857142857143,185,1
14259,52,1,120.0,68,5,1,1,United Kingdom,120.0,68.0,0,0
14262,17,3,855.0,593,42,3,3,United Kingdom,285.0,197.66666666666666,133,1
14264,65,2,333.97,70,15,2,2,United Kingdom,166.985,35.0,90,0
14265,19,2,530.18,330,31,2,2,Unspecified,265.09,165.0,39,0
14267,73,3,1516.24,530,25,3,2,United Kingdom,505.41333333333336,176.66666666666666,97,0
14270,242,1,492.65000000000003,197,29,1,1,United Kingdom,492.65000000000003,197.0,0,0
14271,136,1,112.32000000000001,88,10,1,1,United Kingdom,112.32000000000001,88.0,0,0
14272,164,1,132.09,87,8,1,1,United Kingdom,132.09,87.0,0,1
14273,46,3,450.05,196,18,3,3,United Kingdom,150.01666666666668,65.33333333333333,106,1
14276,9,3,1119.74,744,52,3,3,United Kingdom,373.24666666666667,248.0,191,0
14277,122,1,1629.03,855,71,1,1,France,1629.03,855.0,0,1
14280,107,1,134.04,52,8,1,1,United Kingdom,134.04,52.0,0,0
14282,20,9,2467.54,1788,58,9,9,United Kingdom,274.1711111111111,198.66666666666666,257,1
14285,87,1,5.9,2,1,1,1,United Kingdom,5.9,2.0,0,1
14286,153,1,2050.08,1998,141,1,1,United Kingdom,2050.08,1998.0,0,1
14287,109,2,83.28,216,4,2,1,United Kingdom,41.64,108.0,0,1
14288,123,1,426.6,188,16,1,1,United Kingdom,426.6,188.0,0,0
14289,45,5,832.78,278,33,5,5,United Kingdom,166.55599999999998,55.6,154,1
14290,272,1,777.5600000000001,220,23,1,1,United Kingdom,777.5600000000001,220.0,0,1
14291,31,7,2355.54,1478,96,7,4,United Kingdom,336.5057142857143,211.14285714285714,154,1
14292,56,4,2590.21,825,50,4,3,United Kingdom,647.5525,206.25,137,1
14293,57,3,739.41,427,40,3,3,United Kingdom,246.47,142.33333333333334,221,1
14297,185,1,232.6,78,11,1,1,United Kingdom,232.6,78.0,0,1
14298,9,37,41182.51,47694,720,37,19,United Kingdom,1113.0408108108109,1289.027027027027,261,1
14299,18,5,2437.14,922,70,5,5,United Kingdom,487.428,184.4,258,1
14301,27,1,640.14,606,13,1,1,United Kingdom,640.14,606.0,0,0
14304,133,1,383.45,139,17,1,1,United Kingdom,383.45,139.0,0,0
14305,24,2,1048.45,582,62,2,2,United Kingdom,524.225,291.0,21,1
14307,45,4,2307.89,1711,119,4,4,United Kingdom,576.9725,427.75,238,1
14309,4,7,1633.7,1200,62,7,7,United Kingdom,233.3857142857143,171.42857142857142,264,1
14311,153,1,310.26,146,20,1,1,United Kingdom,310.26,146.0,0,0
14312,1,5,1047.19,480,51,5,5,United Kingdom,209.43800000000002,96.0,245,1
14314,17,1,120.0,296,8,1,1,United Kingdom,120.0,296.0,0,0
14315,39,5,1550.15,689,49,5,5,United Kingdom,310.03000000000003,137.8,137,1
14320,117,2,477.79,325,29,2,2,United Kingdom,238.895,162.5,126,0
14321,27,3,900.65,1516,75,3,3,United Kingdom,300.21666666666664,505.3333333333333,216,1
14323,25,2,605.0600000000001,350,32,2,2,United Kingdom,302.53000000000003,175.0,123,0
14326,152,1,183.85,103,8,1,1,United Kingdom,183.85,103.0,0,0
14327,73,1,311.65000000000003,139,12,1,1,United Kingdom,311.65000000000003,139.0,0,0
14329,19,4,3485.03,2184,169,4,4,United Kingdom,871.2575,546.0,220,1
14331,34,2,462.66,252,27,2,2,United Kingdom,231.33,126.0,10,0
14332,58,1,119.04,48,2,1,1,United Kingdom,119.04,48.0,0,1
14334,4,7,2328.71,1597,96,7,7,United Kingdom,332.67285714285714,228.14285714285714,264,1
14335,6,1,347.5,337,40,1,1,Germany,347.5,337.0,0,1
14336,108,3,1114.39,989,53,3,3,United Kingdom,371.46333333333337,329.6666666666667,77,1
14338,71,2,588.22,335,30,2,2,United Kingdom,294.11,167.5,35,0
14339,153,1,309.52000000000004,168,14,1,1,United Kingdom,309.52000000000004,168.0,0,0
14340,129,1,134.7,58,6,1,1,United Kingdom,134.7,58.0,0,0
14341,40,6,1139.52,709,54,6,4,United Kingdom,189.92,118.16666666666667,188,1
14342,47,2,419.74,176,11,2,2,United Kingdom,209.87,88.0,73,1
14344,37,8,889.9300000000001,477,56,8,8,United Kingdom,111.24125000000001,59.625,241,0
14346,31,2,1021.58,605,55,2,2,United Kingdom,510.79,302.5,176,0
14348,170,1,409.57,183,18,1,1,United Kingdom,409.57,183.0,0,0
14350,184,1,282.93,183,18,1,1,United Kingdom,282.93,183.0,0,0
14351,75,1,51.0,12,1,1,1,United Kingdom,51.0,12.0,0,0
14352,67,4,1078.96,538,44,4,3,United Kingdom,269.74,134.5,116,0
14353,125,1,90.6,64,6,1,1,United Kingdom,90.6,64.0,0,0
14355,276,1,174.4,92,11,1,1,United Kingdom,174.4,92.0,0,0
14360,5,1,1124.49,733,71,1,1,United Kingdom,1124.49,733.0,0,1
14364,19,8,3717.35,1967,61,8,7,United Kingdom,464.66875,245.875,102,0
14367,48,10,5419.7,2562,209,10,7,United Kingdom,541.97,256.2,138,1
14368,230,1,155.0,36,8,1,1,United Kingdom,155.0,36.0,0,0
14371,205,1,100.5,34,4,1,1,United Kingdom,100.5,34.0,0,0
14373,268,1,76.55,17,4,1,1,United Kingdom,76.55,17.0,0,0
14375,95,1,235.56,184,57,1,1,United Kingdom,235.56,184.0,0,0
14377,101,2,617.05,219,11,2,2,United Kingdom,308.525,109.5,70,0
14379,205,1,110.98,128,17,1,1,United Kingdom,110.98,128.0,0,1
14383,74,1,242.09,201,15,1,1,United Kingdom,242.09,201.0,0,1
14386,207,1,142.4,54,7,1,1,United Kingdom,142.4,54.0,0,0
14387,19,1,440.76,209,40,1,1,United Kingdom,440.76,209.0,0,1
14388,1,6,2277.77,1389,93,6,6,United Kingdom,379.62833333333333,231.5,281,1
14389,101,1,311.14,189,19,1,1,United Kingdom,311.14,189.0,0,1
14390,54,4,1590.71,739,95,4,4,United Kingdom,397.6775,184.75,228,1
14393,128,1,67.95,13,5,1,1,United Kingdom,67.95,13.0,0,0
14395,88,6,1952.32,970,114,6,6,United Kingdom,325.38666666666666,161.66666666666666,194,1
14396,281,1,110.35000000000001,39,34,1,1,United Kingdom,110.35000000000001,39.0,0,1
14397,4,10,1036.1200000000001,764,16,10,10,United Kingdom,103.61200000000001,76.4,119,1
14400,59,1,574.7,454,25,1,1,United Kingdom,574.7,454.0,0,0
14401,6,10,3079.38,3549,78,10,10,United Kingdom,307.938,354.9,264,1
14403,40,4,1475.81,519,17,4,4,United Kingdom,368.9525,129.75,116,0
14404,19,5,1322.52,769,64,5,5,United Kingdom,264.504,153.8,260,1
14406,29,1,156.75,77,8,1,1,United Kingdom,156.75,77.0,0,0
14407,17,5,2142.73,1414,66,5,5,United Kingdom,428.546,282.8,169,0
14408,5,6,2290.81,1448,59,6,6,United Kingdom,381.8016666666667,241.33333333333334,169,1
14409,33,5,1943.73,1160,36,5,4,United Kingdom,388.746,232.0,245,1
14410,2,9,1099.27,565,152,9,7,United Kingdom,122.14111111111112,62.77777777777778,213,0
14411,221,1,1063.0,196,14,1,1,United Kingdom,1063.0,196.0,0,0
14413,272,1,121.05,67,22,1,1,United Kingdom,121.05,67.0,0,0
14414,2,7,1496.98,2512,79,7,7,United Kingdom,213.8542857142857,358.85714285714283,267,0
14415,8,9,3766.13,1798,196,9,9,United Kingdom,418.4588888888889,199.77777777777777,262,1
14418,18,1,150.44,148,17,1,1,United Kingdom,150.44,148.0,0,1
14419,163,2,307.14,161,45,2,2,United Kingdom,153.57,80.5,112,1
14420,9,1,387.52,334,29,1,1,United Kingdom,387.52,334.0,0,0
14421,122,1,455.18,194,15,1,1,United Kingdom,455.18,194.0,0,1
14422,80,2,1032.15,541,57,2,2,United Kingdom,516.075,270.5,96,1
14423,128,1,265.2,120,3,1,1,United Kingdom,265.2,120.0,0,0
14426,51,6,2885.58,1603,151,6,4,United Kingdom,480.93,267.1666666666667,172,1
14428,150,2,330.62,145,25,2,2,United Kingdom,165.31,72.5,85,1
14431,213,1,470.36,130,17,1,1,United Kingdom,470.36,130.0,0,0
14436,9,1,89.06,129,9,1,1,United Kingdom,89.06,129.0,0,0
14437,276,1,63.0,60,5,1,1,United Kingdom,63.0,60.0,0,0
14438,216,1,131.9,82,9,1,1,United Kingdom,131.9,82.0,0,0
14439,230,1,2661.24,526,32,1,1,Greece,2661.24,526.0,0,0
14440,227,2,1185.71,341,25,2,2,United Kingdom,592.855,170.5,48,1
14441,5,2,697.4,212,22,2,2,United Kingdom,348.7,106.0,160,1
14442,115,2,1589.82,482,58,2,2,Channel Islands,794.91,241.0,112,0
14443,49,3,991.52,666,58,3,3,United Kingdom,330.50666666666666,222.0,230,1
14446,157,1,303.04,318,83,1,1,United Kingdom,303.04,318.0,0,1
14447,106,2,601.03,313,34,2,2,United Kingdom,300.515,156.5,84,1
14448,274,1,102.35000000000001,44,18,1,1,United Kingdom,102.35000000000001,44.0,0,1
14449,157,2,399.91,333,98,2,2,United Kingdom,199.955,166.5,125,1
14450,91,3,483.25,241,32,3,3,United Kingdom,161.08333333333334,80.33333333333333,139,0
14451,105,1,360.0,204,52,1,1,United Kingdom,360.0,204.0,0,1
14452,4,1,127.37,46,29,1,1,United Kingdom,127.37,46.0,0,1
14453,100,1,119.93,49,22,1,1,United Kingdom,119.93,49.0,0,0
14456,41,3,633.69,539,219,3,2,United Kingdom,211.23000000000002,179.66666666666666,11,1
14457,221,1,113.64,88,4,1,1,United Kingdom,113.64,88.0,0,0
14459,65,1,1837.92,760,37,1,1,United Kingdom,1837.92,760.0,0,0
14460,20,3,434.34,881,14,3,3,United Kingdom,144.78,293.6666666666667,200,0
14461,58,3,2102.67,765,172,3,3,United Kingdom,700.89,255.0,113,0
14462,31,9,1505.65,676,125,9,7,United Kingdom,167.29444444444445,75.11111111111111,218,1
14463,8,3,529.62,179,6,3,3,United Kingdom,176.54,59.666666666666664,107,0
14465,157,3,1038.44,398,107,3,2,United Kingdom,346.1466666666667,132.66666666666666,56,0
14466,26,5,1580.45,597,28,5,5,United Kingdom,316.09000000000003,119.4,256,1
14467,223,1,131.7,37,15,1,1,United Kingdom,131.7,37.0,0,1
14470,198,1,297.64,138,35,1,1,United Kingdom,297.64,138.0,0,1
14472,14,8,1852.67,1135,153,8,8,United Kingdom,231.58375,141.875,251,0
14473,192,1,85.0,10,1,1,1,United Kingdom,85.0,10.0,0,1
14475,96,2,622.1700000000001,243,23,2,2,United Kingdom,311.08500000000004,121.5,118,1
14476,167,1,193.0,110,17,1,1,United Kingdom,193.0,110.0,0,0
14477,94,2,523.0,300,3,2,2,United Kingdom,261.5,150.0,112,1
14479,164,2,316.25,117,18,2,2,United Kingdom,158.125,58.5,111,0
14481,75,2,636.51,489,25,2,2,United Kingdom,318.255,244.5,122,0
14482,9,2,465.95000000000005,234,20,2,2,United Kingdom,232.97500000000002,117.0,140,1
14483,192,1,137.1,97,9,1,1,United Kingdom,137.1,97.0,0,0
14487,278,1,125.10000000000001,37,13,1,1,United Kingdom,125.10000000000001,37.0,0,1
14489,117,1,463.38,299,30,1,1,United Kingdom,463.38,299.0,0,0
14491,85,2,340.93,139,17,2,2,United Kingdom,170.465,69.5,197,0
14493,65,1,611.22,327,29,1,1,United Kingdom,611.22,327.0,0,1
14495,31,1,40.6,22,2,1,1,United Kingdom,40.6,22.0,0,1
14496,222,2,538.8100000000001,159,16,2,2,United Kingdom,269.40500000000003,79.5,61,0
14497,219,1,475.37,235,29,1,1,United Kingdom,475.37,235.0,0,0
14498,26,4,1281.79,689,104,4,4,United Kingdom,320.4475,172.25,245,1
14499,44,2,367.81,188,71,2,2,United Kingdom,183.905,94.0,144,1
14500,22,2,335.85,107,5,2,2,United Kingdom,167.925,53.5,77,1
14501,94,2,251.21,161,9,2,2,United Kingdom,125.605,80.5,136,0
14502,59,7,1163.22,532,201,7,6,United Kingdom,166.17428571428573,76.0,163,1
14503,89,1,597.07,381,40,1,1,United Kingdom,597.07,381.0,0,1
14504,153,3,542.71,263,81,3,3,United Kingdom,180.90333333333334,87.66666666666667,35,1
14505,19,6,4222.74,1922,388,6,6,United Kingdom,703.79,320.3333333333333,252,1
14506,72,3,818.96,251,82,3,3,United Kingdom,272.9866666666667,83.66666666666667,207,1
14507,11,4,924.6899999999999,478,71,4,3,United Kingdom,231.17249999999999,119.5,174,1
14511,2,2,329.89,145,16,2,2,United Kingdom,164.945,72.5,41,1
14512,98,2,275.28,122,19,2,2,United Kingdom,137.64,61.0,44,0
14513,11,3,455.59000000000003,361,11,3,3,United Kingdom,151.86333333333334,120.33333333333333,188,0
14514,111,2,403.11,173,36,2,2,United Kingdom,201.555,86.5,129,1
14515,101,2,765.65,371,25,2,2,United Kingdom,382.825,185.5,27,1
14517,52,1,252.45,73,14,1,1,United Kingdom,252.45,73.0,0,1
14520,201,1,165.0,100,1,1,1,United Kingdom,165.0,100.0,0,1
14522,2,2,760.7,419,15,2,2,United Kingdom,380.35,209.5,105,1
14523,18,1,241.09,251,12,1,1,United Kingdom,241.09,251.0,0,0
14524,89,5,1028.8700000000001,416,113,5,4,United Kingdom,205.77400000000003,83.2,182,1
14525,10,7,2820.29,1720,163,7,7,United Kingdom,402.8985714285714,245.71428571428572,260,1
14527,9,40,5280.42,1341,262,40,39,United Kingdom,132.0105,33.525,270,1
14529,20,1,135.24,84,49,1,1,United Kingdom,135.24,84.0,0,1
14530,3,5,2482.32,1051,121,5,5,United Kingdom,496.46400000000006,210.2,203,1
14532,146,4,932.85,284,45,4,4,United Kingdom,233.2125,71.0,115,0
14533,23,2,734.98,912,23,2,2,United Kingdom,367.49,456.0,240,1
14534,6,14,3029.7400000000002,1481,263,14,14,United Kingdom,216.41000000000003,105.78571428571429,222,1
14535,37,2,1652.81,966,166,2,2,United Kingdom,826.405,483.0,121,1
14536,170,1,170.95,39,18,1,1,United Kingdom,170.95,39.0,0,0
14538,166,1,106.5,30,3,1,1,United Kingdom,106.5,30.0,0,1
14540,219,1,195.9,122,11,1,1,United Kingdom,195.9,122.0,0,1
14541,79,7,1307.35,597,70,7,6,United Kingdom,186.7642857142857,85.28571428571429,150,1
14542,96,1,103.25,19,5,1,1,United Kingdom,103.25,19.0,0,0
14543,19,13,3199.85,592,36,13,12,United Kingdom,246.1423076923077,45.53846153846154,256,1
14544,272,1,1101.77,836,53,1,1,United Kingdom,1101.77,836.0,0,1
14546,112,2,874.88,501,126,2,2,United Kingdom,437.44,250.5,46,1
14548,61,2,652.8,256,2,2,2,United Kingdom,326.4,128.0,167,0
14549,221,1,289.24,136,56,1,1,United Kingdom,289.24,136.0,0,0
14551,114,1,125.43,66,7,1,1,United Kingdom,125.43,66.0,0,1
14552,62,1,164.22,90,57,1,1,United Kingdom,164.22,90.0,0,0
14553,129,2,312.32,182,35,2,2,United Kingdom,156.16,91.0,120,1
14555,212,1,186.34,90,14,1,1,United Kingdom,186.34,90.0,0,1
14560,5,15,1565.1999999999998,625,25,15,14,United Kingdom,104.34666666666665,41.666666666666664,263,1
14561,72,2,566.99,375,35,2,2,United Kingdom,283.495,187.5,22,1
14562,2,7,2309.38,993,121,7,7,United Kingdom,329.9114285714286,141.85714285714286,212,1
14565,6,4,2949.12,1537,110,4,4,United Kingdom,737.28,384.25,265,0
14566,21,1,1432.0,800,4,1,1,Channel Islands,1432.0,800.0,0,0
14567,40,1,800.76,172,13,1,1,United Kingdom,800.76,172.0,0,1
14570,191,2,217.21,94,28,2,1,United Kingdom,108.605,47.0,0,0
14572,20,5,2063.2400000000002,1183,153,5,5,United Kingdom,412.648,236.6,213,1
14573,90,9,1639.82,534,127,9,8,United Kingdom,182.20222222222222,59.333333333333336,192,0
14576,282,1,35.400000000000006,12,1,1,1,United Kingdom,35.400000000000006,12.0,0,0
14577,74,3,646.64,280,70,3,3,United Kingdom,215.54666666666665,93.33333333333333,199,1
14583,54,4,741.72,552,172,4,4,United Kingdom,185.43,138.0,61,1
14584,79,4,1033.06,381,68,4,4,United Kingdom,258.265,95.25,29,0
14586,187,1,237.35999999999999,444,19,1,1,United Kingdom,237.35999999999999,444.0,0,0
14587,94,8,1452.68,716,166,8,8,United Kingdom,181.585,89.5,147,1
14589,282,1,39.75,5,3,1,1,United Kingdom,39.75,5.0,0,0
14591,123,1,204.02,91,33,1,1,United Kingdom,204.02,91.0,0,1
14593,109,2,339.59,118,54,2,1,United Kingdom,169.795,59.0,0,1
14594,283,1,255.0,146,31,1,1,United Kingdom,255.0,146.0,0,1
14595,223,1,163.8,76,5,1,1,United Kingdom,163.8,76.0,0,1
14597,102,1,165.1,118,3,1,1,United Kingdom,165.1,118.0,0,1
14600,216,1,393.33000000000004,125,25,1,1,United Kingdom,393.33000000000004,125.0,0,0
14603,185,1,660.0,400,2,1,1,United Kingdom,660.0,400.0,0,0
14606,4,68,9358.91,4841,715,68,66,United Kingdom,137.6310294117647,71.19117647058823,279,1
14607,171,1,495.0,300,3,1,1,United Kingdom,495.0,300.0,0,1
14608,272,1,204.0,48,1,1,1,United Kingdom,204.0,48.0,0,1
14609,53,3,486.36,6306,2,3,3,United Kingdom,162.12,2102.0,153,1
14616,153,3,406.08000000000004,104,2,3,3,United Kingdom,135.36,34.666666666666664,74,0
14618,248,1,211.8,92,5,1,1,United Kingdom,211.8,92.0,0,1
14619,156,1,394.44,152,20,1,1,United Kingdom,394.44,152.0,0,0
14620,116,2,412.78000000000003,214,26,2,2,United Kingdom,206.39000000000001,107.0,78,0
14621,67,3,1002.9100000000001,410,45,3,3,United Kingdom,334.30333333333334,136.66666666666666,201,1
14622,95,1,320.58000000000004,146,21,1,1,United Kingdom,320.58000000000004,146.0,0,0
14623,26,3,601.48,253,87,3,3,United Kingdom,200.49333333333334,84.33333333333333,118,1
14625,106,2,899.63,335,51,2,2,United Kingdom,449.815,167.5,164,0
14626,33,2,1571.29,879,64,2,2,United Kingdom,785.645,439.5,110,1
14628,1,2,671.96,272,22,2,2,United Kingdom,335.98,136.0,151,0
14631,145,2,630.08,352,24,2,2,United Kingdom,315.04,176.0,63,1
14632,173,1,114.56,96,8,1,1,United Kingdom,114.56,96.0,0,0
14633,176,1,344.90000000000003,96,20,1,1,United Kingdom,344.90000000000003,96.0,0,0
14636,179,1,300.19,117,16,1,1,United Kingdom,300.19,117.0,0,1
14639,30,4,1989.23,789,93,4,3,United Kingdom,497.3075,197.25,240,1
14640,38,4,1483.3600000000001,572,63,4,4,United Kingdom,370.84000000000003,143.0,99,1
14643,80,2,693.8100000000001,815,30,2,2,United Kingdom,346.90500000000003,407.5,187,0
14644,208,1,187.50000000000003,66,8,1,1,United Kingdom,187.50000000000003,66.0,0,1
14645,67,2,597.09,381,28,2,2,United Kingdom,298.545,190.5,118,0
14646,3,42,177729.62,127706,494,42,30,Netherlands,4231.657619047619,3040.6190476190477,262,1
14647,111,1,236.04000000000002,91,24,1,1,United Kingdom,236.04000000000002,91.0,0,0
14649,122,2,582.12,349,48,2,1,United Kingdom,291.06,174.5,0,1
14651,121,1,415.47,185,59,1,1,United Kingdom,415.47,185.0,0,1
14653,248,1,344.81,305,29,1,1,United Kingdom,344.81,305.0,0,1
14655,132,1,810.56,522,14,1,1,United Kingdom,810.56,522.0,0,1
14656,79,2,291.05,120,73,2,2,United Kingdom,145.525,60.0,114,0
14657,65,3,638.94,339,83,3,3,United Kingdom,212.98000000000002,113.0,171,1
14658,27,1,123.14,23,14,1,1,United Kingdom,123.14,23.0,0,1
14659,56,6,1641.55,767,107,6,6,United Kingdom,273.59166666666664,127.83333333333333,169,1
14660,11,1,128.95,104,14,1,1,United Kingdom,128.95,104.0,0,1
14662,145,3,512.28,322,82,3,3,United Kingdom,170.76,107.33333333333333,81,1
14665,207,3,731.66,268,41,3,2,United Kingdom,243.88666666666666,89.33333333333333,14,1
14667,5,18,6007.21,3379,267,18,17,United Kingdom,333.7338888888889,187.72222222222223,273,1
14669,152,3,1259.24,770,158,3,2,United Kingdom,419.74666666666667,256.6666666666667,90,0
14670,190,2,392.86,326,107,2,1,United Kingdom,196.43,163.0,0,0
14672,145,2,765.5500000000001,454,58,2,2,United Kingdom,382.77500000000003,227.0,101,0
14673,278,1,373.49,213,15,1,1,United Kingdom,373.49,213.0,0,1
14676,58,4,1690.92,1824,19,4,4,United Kingdom,422.73,456.0,135,1
14680,5,14,25422.56,12116,70,14,14,United Kingdom,1815.8971428571429,865.4285714285714,276,1
14681,122,1,393.95,48,5,1,1,United Kingdom,393.95,48.0,0,1
14682,98,2,52.0,80,1,2,2,United Kingdom,26.0,40.0,13,0
14684,125,2,493.44,270,140,2,2,United Kingdom,246.72,135.0,147,1
14687,17,1,628.38,470,15,1,1,United Kingdom,628.38,470.0,0,0
14688,3,16,4186.45,2953,112,16,16,United Kingdom,261.653125,184.5625,281,1
14689,119,1,112.80000000000001,76,13,1,1,United Kingdom,112.80000000000001,76.0,0,0
14690,62,1,212.56,84,28,1,1,United Kingdom,212.56,84.0,0,1
14691,7,2,1274.68,464,37,2,2,United Kingdom,637.34,232.0,116,1
14692,47,4,591.55,265,53,4,4,United Kingdom,147.8875,66.25,185,0
14693,175,1,172.9,34,8,1,1,United Kingdom,172.9,34.0,0,0
14696,30,5,1458.54,1086,83,5,5,United Kingdom,291.70799999999997,217.2,253,1
14697,128,2,188.61,181,22,2,1,United Kingdom,94.305,90.5,0,0
14699,124,1,109.13000000000001,77,8,1,1,United Kingdom,109.13000000000001,77.0,0,0
14700,100,2,1541.1,848,56,2,2,United Kingdom,770.55,424.0,48,1
14701,83,7,1941.43,666,188,7,6,United Kingdom,277.34714285714284,95.14285714285714,143,1
14702,27,9,1651.25,636,106,9,9,United Kingdom,183.47222222222223,70.66666666666667,248,1
14704,53,2,207.5,101,56,2,2,United Kingdom,103.75,50.5,37,1
14705,109,1,179.0,100,1,1,1,United Kingdom,179.0,100.0,0,0
14708,64,2,701.1800000000001,410,12,2,2,United Kingdom,350.59000000000003,205.0,214,1
14709,4,9,3952.7400000000002,2004,65,9,9,United Kingdom,439.1933333333334,222.66666666666666,264,1
14711,1,9,2355.63,795,177,9,9,United Kingdom,261.7366666666667,88.33333333333333,171,1
14712,22,1,115.72,102,7,1,1,United Kingdom,115.72,102.0,0,1
14713,9,9,2029.61,1236,130,9,9,United Kingdom,225.51222222222222,137.33333333333334,266,1
14715,5,3,594.75,297,44,3,3,United Kingdom,198.25,99.0,236,1
14716,59,1,181.72,319,19,1,1,United Kingdom,181.72,319.0,0,1
14719,89,2,488.12,398,70,2,2,United Kingdom,244.06,199.0,69,1
14720,37,1,155.8,40,9,1,1,United Kingdom,155.8,40.0,0,1
14722,57,1,180.42,118,28,1,1,United Kingdom,180.42,118.0,0,0
14723,268,3,453.95,197,67,3,2,United Kingdom,151.31666666666666,65.66666666666667,13,1
14727,184,1,268.58,62,10,1,1,United Kingdom,268.58,62.0,0,0
14729,284,1,313.49,197,69,1,1,United Kingdom,313.49,197.0,0,0
14730,17,5,872.13,509,142,5,5,United Kingdom,174.426,101.8,169,1
14731,116,2,251.01999999999998,182,23,2,2,United Kingdom,125.50999999999999,91.0,6,1
14732,54,5,1618.3,960,72,5,5,United Kingdom,323.65999999999997,192.0,195,1
14733,21,11,9044.2,3645,98,11,11,United Kingdom,822.2,331.3636363636364,257,1
14735,9,23,3595.71,1365,66,23,13,United Kingdom,156.33521739130435,59.34782608695652,259,1
14737,39,2,1081.75,303,13,2,2,United Kingdom,540.875,151.5,224,1
14738,44,5,757.6500000000001,351,28,5,5,United Kingdom,151.53000000000003,70.2,182,1
14739,4,4,2247.58,2678,32,4,4,United Kingdom,561.895,669.5,272,1
14740,107,3,1448.21,735,85,3,3,United Kingdom,482.7366666666667,245.0,86,0
14741,23,4,864.96,558,25,4,4,United Kingdom,216.24,139.5,259,1
14744,208,5,928.03,519,14,5,4,United Kingdom,185.606,103.8,69,1
14745,23,5,1220.26,1038,46,5,4,United Kingdom,244.052,207.6,172,0
14747,159,1,328.2,84,18,1,1,United Kingdom,328.2,84.0,0,0
14748,34,4,1118.77,1061,75,4,3,United Kingdom,279.6925,265.25,245,1
14754,206,1,228.27,173,15,1,1,United Kingdom,228.27,173.0,0,1
14755,23,7,2867.68,1241,103,7,7,United Kingdom,409.6685714285714,177.28571428571428,221,1
14758,55,4,1484.06,419,54,4,4,United Kingdom,371.015,104.75,114,0
14759,23,2,870.85,247,47,2,2,United Kingdom,435.425,123.5,119,1
14760,207,1,89.2,40,5,1,1,United Kingdom,89.2,40.0,0,0
14761,245,1,97.5,58,7,1,1,United Kingdom,97.5,58.0,0,1
14762,174,1,300.52,341,21,1,1,United Kingdom,300.52,341.0,0,0
14765,22,2,95.5,22,8,2,2,United Kingdom,47.75,11.0,63,1
14766,78,4,1531.32,984,85,4,4,United Kingdom,382.83,246.0,197,1
14768,37,1,133.20000000000002,40,4,1,1,United Kingdom,133.20000000000002,40.0,0,1
14769,18,6,6284.84,4329,478,6,6,United Kingdom,1047.4733333333334,721.5,249,1
14770,142,2,876.4200000000001,490,49,2,2,United Kingdom,438.21000000000004,245.0,90,0
14772,22,1,139.26,82,9,1,1,United Kingdom,139.26,82.0,0,0
14775,48,2,701.46,802,39,2,2,United Kingdom,350.73,401.0,234,1
14776,15,8,1862.22,2230,44,8,7,United Kingdom,232.7775,278.75,207,1
14778,37,2,730.86,306,34,2,2,United Kingdom,365.43,153.0,181,0
14779,191,3,386.15,84,40,3,3,United Kingdom,128.71666666666667,28.0,43,0
14782,230,1,200.10000000000002,114,6,1,1,United Kingdom,200.10000000000002,114.0,0,0
14784,234,1,114.68,56,4,1,1,United Kingdom,114.68,56.0,0,1
14790,30,2,364.04,384,22,2,2,United Kingdom,182.02,192.0,134,1
14794,114,4,679.54,311,37,4,4,United Kingdom,169.885,77.75,130,1
14795,76,1,131.45000000000002,17,6,1,1,United Kingdom,131.45000000000002,17.0,0,0
14796,5,14,6579.62,4846,337,14,14,United Kingdom,469.97285714285715,346.14285714285717,272,1
14798,54,2,97.4,104,7,2,2,United Kingdom,48.7,52.0,165,1
14800,20,9,3832.49,3154,209,9,9,United Kingdom,425.8322222222222,350.44444444444446,260,1
14803,72,3,845.5500000000001,370,35,3,3,United Kingdom,281.85,123.33333333333333,130,0
14805,224,1,109.25,29,19,1,1,United Kingdom,109.25,29.0,0,1
14808,54,6,1833.82,1241,146,6,4,United Kingdom,305.63666666666666,206.83333333333334,28,1
14810,14,10,1866.78,912,97,10,10,United Kingdom,186.678,91.2,265,1
14813,280,2,152.88,66,25,2,1,United Kingdom,76.44,33.0,0,0
14816,107,1,271.85,5,4,1,1,United Kingdom,271.85,5.0,0,0
14817,110,2,1010.34,653,51,2,2,United Kingdom,505.17,326.5,76,0
14818,79,2,409.63,202,23,2,2,United Kingdom,204.815,101.0,84,1
14819,102,1,84.72,48,3,1,1,United Kingdom,84.72,48.0,0,1
14820,83,1,139.77,87,8,1,1,United Kingdom,139.77,87.0,0,1
14821,277,1,48.800000000000004,20,2,1,1,United Kingdom,48.800000000000004,20.0,0,0
14823,90,3,321.43,88,56,3,2,United Kingdom,107.14333333333333,29.333333333333332,14,0
14824,1,1,441.91,217,15,1,1,United Kingdom,441.91,217.0,0,1
14825,38,7,1333.47,540,68,7,7,United Kingdom,190.49571428571429,77.14285714285714,240,1
14828,107,3,2139.76,2172,17,3,3,United Kingdom,713.2533333333334,724.0,140,0
14829,94,3,531.63,364,33,3,3,United Kingdom,177.21,121.33333333333333,187,1
14834,30,2,429.3,180,18,2,2,United Kingdom,214.65,90.0,119,1
14837,15,3,1345.56,1226,82,3,3,United Kingdom,448.52,408.6666666666667,96,1
14840,178,1,62.85,31,4,1,1,United Kingdom,62.85,31.0,0,0
14841,89,4,2375.57,1235,88,4,4,United Kingdom,593.8925,308.75,179,1
14842,5,3,1901.52,711,86,3,3,United Kingdom,633.84,237.0,212,1
14844,33,3,2257.6800000000003,1301,64,3,3,United Kingdom,752.5600000000001,433.6666666666667,118,1
14847,59,1,309.40000000000003,120,13,1,1,United Kingdom,309.40000000000003,120.0,0,0
14849,5,17,5784.53,4088,145,17,10,United Kingdom,340.2664705882353,240.47058823529412,278,1
14850,222,1,325.75,293,21,1,1,United Kingdom,325.75,293.0,0,0
14851,166,1,206.13,139,14,1,1,United Kingdom,206.13,139.0,0,1
14852,6,5,2188.42,1390,67,5,4,United Kingdom,437.684,278.0,156,1
14853,121,1,214.5,34,3,1,1,United Kingdom,214.5,34.0,0,1
14854,43,6,2281.83,1429,95,6,6,United Kingdom,380.305,238.16666666666666,141,1
14855,29,2,645.65,267,13,2,2,United Kingdom,322.825,133.5,15,0
14857,58,1,522.52,188,29,1,1,United Kingdom,522.52,188.0,0,1
14859,114,1,296.86,209,11,1,1,United Kingdom,296.86,209.0,0,1
14862,59,1,304.1,430,21,1,1,United Kingdom,304.1,430.0,0,1
14865,282,1,37.2,96,3,1,1,United Kingdom,37.2,96.0,0,1
14866,16,3,1127.4,551,24,3,3,United Kingdom,375.8,183.66666666666666,260,1
14867,96,3,710.28,328,31,3,3,United Kingdom,236.76,109.33333333333333,150,0
14868,30,4,1297.07,689,59,4,3,United Kingdom,324.2675,172.25,113,1
14869,13,1,387.06,354,48,1,1,United Kingdom,387.06,354.0,0,1
14870,172,1,327.25,119,13,1,1,United Kingdom,327.25,119.0,0,0
14871,88,3,335.3,109,44,3,3,United Kingdom,111.76666666666667,36.333333333333336,182,1
14873,120,1,519.68,168,28,1,1,United Kingdom,519.68,168.0,0,0
14875,18,2,1465.32,558,46,2,2,United Kingdom,732.66,279.0,155,0
14878,84,6,1083.02,627,51,6,6,United Kingdom,180.50333333333333,104.5,184,1
14880,95,2,347.67,237,25,2,2,United Kingdom,173.835,118.5,103,1
14883,74,2,358.48,322,25,2,2,United Kingdom,179.24,161.0,47,1
14885,42,1,765.3199999999999,724,15,1,1,United Kingdom,765.3199999999999,724.0,0,0
14886,163,1,364.8,160,18,1,1,United Kingdom,364.8,160.0,0,0
14888,117,1,369.2,184,20,1,1,United Kingdom,369.2,184.0,0,0
14889,246,1,135.9,90,10,1,1,United Kingdom,135.9,90.0,0,0
14890,164,1,125.65,51,7,1,1,United Kingdom,125.65,51.0,0,0
14891,58,2,554.38,505,30,2,2,United Kingdom,277.19,252.5,39,0
14895,1,13,7974.79,3418,242,13,7,United Kingdom,613.4453846153846,262.9230769230769,199,1
14896,115,2,468.77000000000004,279,43,2,2,United Kingdom,234.38500000000002,139.5,160,0
14897,207,1,175.5,122,10,1,1,United Kingdom,175.5,122.0,0,1
14898,44,5,991.18,852,60,5,5,United Kingdom,198.236,170.4,236,1
14901,12,5,822.12,409,50,5,5,United Kingdom,164.424,81.8,271,1
14903,35,4,2398.62,1330,195,4,4,United Kingdom,599.655,332.5,154,1
14905,68,2,616.15,287,14,2,2,United Kingdom,308.075,143.5,76,0
14907,9,5,2608.1800000000003,1307,110,5,4,United Kingdom,521.6360000000001,261.4,268,1
14911,3,109,76104.45,43408,1228,109,81,EIRE,698.2059633027523,398.23853211009174,280,1
14912,157,1,482.79,445,14,1,1,Italy,482.79,445.0,0,1
14913,93,3,917.15,1362,57,3,3,United Kingdom,305.71666666666664,454.0,175,1
14915,1,2,307.48,112,12,2,2,United Kingdom,153.74,56.0,186,0
14916,4,3,967.76,830,54,3,3,United Kingdom,322.58666666666664,276.6666666666667,230,1
14918,26,2,1610.15,675,39,2,2,United Kingdom,805.075,337.5,38,0
14920,123,2,977.77,509,57,2,1,United Kingdom,488.885,254.5,0,0
14921,111,1,903.01,631,53,1,1,United Kingdom,903.01,631.0,0,1
14924,156,1,310.05,64,10,1,1,United Kingdom,310.05,64.0,0,0
14930,19,3,2362.96,1160,116,3,2,Channel Islands,787.6533333333333,386.6666666666667,165,0
14931,151,1,243.0,96,8,1,1,Channel Islands,243.0,96.0,0,1
14932,276,1,313.53,79,16,1,1,Channel Islands,313.53,79.0,0,0
14934,193,1,828.84,459,39,1,1,Channel Islands,828.84,459.0,0,1
14935,207,1,1784.71,935,10,1,1,Channel Islands,1784.71,935.0,0,0
14936,19,3,5072.88,2352,124,3,3,Channel Islands,1690.96,784.0,167,1
14937,40,1,759.56,172,13,1,1,Channel Islands,759.56,172.0,0,1
14944,5,7,3164.19,1699,71,7,5,United Kingdom,452.02714285714285,242.71428571428572,201,1
14947,41,1,178.5,118,10,1,1,United Kingdom,178.5,118.0,0,1
14948,8,4,639.23,453,39,4,4,United Kingdom,159.8075,113.25,120,1
14952,117,7,3534.61,1787,82,7,5,United Kingdom,504.94428571428574,255.28571428571428,157,1
14957,163,1,58.49,34,12,1,1,United Kingdom,58.49,34.0,0,0
14958,57,3,483.73,128,33,3,3,United Kingdom,161.24333333333334,42.666666666666664,98,0
14959,20,3,537.32,400,33,3,3,United Kingdom,179.10666666666668,133.33333333333334,186,1
14960,81,1,88.3,20,2,1,1,United Kingdom,88.3,20.0,0,1
14961,1,7,4917.93,2669,158,7,6,United Kingdom,702.5614285714286,381.2857142857143,269,1
14962,181,1,126.7,44,5,1,1,United Kingdom,126.7,44.0,0,0
14963,94,1,294.2,167,37,1,1,United Kingdom,294.2,167.0,0,1
14964,157,1,206.21,143,13,1,1,United Kingdom,206.21,143.0,0,0
14965,6,2,596.09,363,80,2,1,United Kingdom,298.045,181.5,0,0
14970,47,3,1119.75,165,10,3,3,United Kingdom,373.25,55.0,179,1
14972,38,1,114.77,28,18,1,1,United Kingdom,114.77,28.0,0,0
14973,17,3,1314.45,369,29,3,3,United Kingdom,438.15000000000003,123.0,118,0
14976,11,4,559.96,162,38,4,4,United Kingdom,139.99,40.5,225,1
14978,146,4,1527.23,415,120,4,4,United Kingdom,381.8075,103.75,94,1
14981,156,1,102.12,97,8,1,1,United Kingdom,102.12,97.0,0,0
14984,91,1,102.23,20,16,1,1,United Kingdom,102.23,20.0,0,1
14985,108,2,292.01,256,78,2,2,United Kingdom,146.005,128.0,159,0
14987,276,1,163.2,64,2,1,1,United Kingdom,163.2,64.0,0,1
14988,122,1,334.54,141,40,1,1,United Kingdom,334.54,141.0,0,0
14995,190,1,119.31,51,37,1,1,United Kingdom,119.31,51.0,0,1
14997,88,1,155.28,312,9,1,1,United Kingdom,155.28,312.0,0,1
14998,80,2,414.87,258,70,2,2,United Kingdom,207.435,129.0,71,0
15002,26,4,1641.76,862,93,4,4,United Kingdom,410.44,215.5,251,0
15004,57,1,1220.38,622,153,1,1,United Kingdom,1220.38,622.0,0,0
15005,6,20,4505.85,3018,280,20,20,United Kingdom,225.29250000000002,150.9,270,1
15007,69,1,156.91,69,12,1,1,United Kingdom,156.91,69.0,0,0
15012,284,1,188.56,84,46,1,1,United Kingdom,188.56,84.0,0,1
15014,86,1,117.72999999999999,68,2,1,1,United Kingdom,117.72999999999999,68.0,0,1
15016,83,1,170.04,76,20,1,1,United Kingdom,170.04,76.0,0,0
15018,163,2,291.34000000000003,94,17,2,2,United Kingdom,145.67000000000002,47.0,114,1
15019,177,1,252.81,150,64,1,1,United Kingdom,252.81,150.0,0,0
15021,67,5,1080.23,505,204,5,5,United Kingdom,216.046,101.0,209,1
15023,26,8,5009.07,2184,270,8,8,United Kingdom,626.13375,273.0,253,1
15024,23,5,830.62,404,62,5,4,United Kingdom,166.124,80.8,254,1
15026,150,2,230.78,81,24,2,2,United Kingdom,115.39,40.5,37,1
15027,78,3,966.97,523,27,3,3,United Kingdom,322.3233333333333,174.33333333333334,70,1
15028,279,1,185.97,119,14,1,1,United Kingdom,185.97,119.0,0,1
15030,178,1,152.76,156,3,1,1,United Kingdom,152.76,156.0,0,1
15031,20,2,261.79,115,42,2,2,United Kingdom,130.895,57.5,172,1
15032,166,3,4959.1,2968,29,3,2,United Kingdom,1653.0333333333335,989.3333333333334,110,0
15033,19,6,1605.65,901,202,6,6,United Kingdom,267.60833333333335,150.16666666666666,220,1
15034,143,5,2640.38,1326,158,5,4,United Kingdom,528.076,265.2,121,1
15036,87,2,212.49,143,49,2,2,United Kingdom,106.245,71.5,2,1
15038,98,4,497.7,123,90,4,4,United Kingdom,124.425,30.75,182,1
15039,2,38,18384.65,8465,377,38,34,United Kingdom,483.80657894736845,222.76315789473685,276,1
15041,80,1,179.93,103,66,1,1,United Kingdom,179.93,103.0,0,0
15042,109,1,135.93,30,5,1,1,United Kingdom,135.93,30.0,0,0
15044,46,13,5152.68,1539,147,13,11,United Kingdom,396.36,118.38461538461539,225,1
15045,62,2,735.66,114,11,2,2,United Kingdom,367.83,57.0,105,0
15046,7,11,3924.73,2535,123,11,11,United Kingdom,356.7936363636364,230.45454545454547,241,1
15047,180,1,343.62,222,22,1,1,United Kingdom,343.62,222.0,0,0
15048,27,3,321.48,170,74,3,3,United Kingdom,107.16000000000001,56.666666666666664,251,1
15049,184,1,121.17000000000002,63,3,1,1,United Kingdom,121.17000000000002,63.0,0,0
15051,60,1,377.74,351,34,1,1,United Kingdom,377.74,351.0,0,1
15052,229,1,207.73000000000002,79,27,1,1,United Kingdom,207.73000000000002,79.0,0,0
15053,66,2,478.6,514,28,2,2,United Kingdom,239.3,257.0,125,1
15057,185,2,1489.5,668,25,2,2,United Kingdom,744.75,334.0,40,0
15058,35,7,1234.76,607,131,7,5,United Kingdom,176.3942857142857,86.71428571428571,187,1
15059,17,7,1008.6,405,127,7,6,United Kingdom,144.0857142857143,57.857142857142854,227,1
15061,38,37,36575.0,19193,59,37,22,United Kingdom,988.5135135135135,518.7297297297297,244,1
15062,128,3,814.04,541,38,3,3,United Kingdom,271.34666666666664,180.33333333333334,141,1
15063,123,1,370.79999999999995,56,5,1,1,United Kingdom,370.79999999999995,56.0,0,0
15065,75,3,2858.75,1181,132,3,3,United Kingdom,952.9166666666666,393.6666666666667,126,1
15067,193,1,848.05,335,35,1,1,United Kingdom,848.05,335.0,0,1
15068,166,1,239.95999999999998,130,39,1,1,United Kingdom,239.95999999999998,130.0,0,1
15069,89,1,1109.53,520,70,1,1,United Kingdom,1109.53,520.0,0,0
15070,283,1,106.2,36,1,1,1,United Kingdom,106.2,36.0,0,0
15071,4,2,982.07,269,25,2,2,United Kingdom,491.035,134.5,182,0
15073,96,2,861.96,428,22,2,2,United Kingdom,430.98,214.0,1,1
15074,15,1,735.67,431,41,1,1,United Kingdom,735.67,431.0,0,0
15076,83,1,880.85,571,49,1,1,United Kingdom,880.85,571.0,0,0
15078,16,22,6702.59,3387,83,22,14,United Kingdom,304.66318181818184,153.95454545454547,262,1
15079,123,4,895.61,389,46,4,3,United Kingdom,223.9025,97.25,153,0
15081,118,2,248.05,113,16,2,2,United Kingdom,124.025,56.5,158,1
15083,167,1,88.2,38,5,1,1,United Kingdom,88.2,38.0,0,0
15087,192,1,306.94,470,15,1,1,United Kingdom,306.94,470.0,0,0
15089,4,3,2036.28,1189,117,3,3,United Kingdom,678.76,396.3333333333333,34,1
15090,218,1,381.32,208,23,1,1,United Kingdom,381.32,208.0,0,0
15092,125,2,457.81,135,23,2,2,United Kingdom,228.905,67.5,68,0
15093,27,5,4027.1,3279,51,5,5,United Kingdom,805.42,655.8,255,1
15095,14,4,1370.6000000000001,1079,30,4,3,United Kingdom,342.65000000000003,269.75,99,0
15098,92,3,39916.5,121,1,3,1,United Kingdom,13305.5,40.333333333333336,0,0
15100,244,3,876.0,80,1,3,3,United Kingdom,292.0,26.666666666666668,40,0
15101,269,1,102.28,34,4,1,1,United Kingdom,102.28,34.0,0,1
15104,107,2,993.54,635,66,2,2,United Kingdom,496.77,317.5,85,0
15105,45,1,532.98,274,19,1,1,United Kingdom,532.98,274.0,0,1
15106,51,3,1032.83,822,67,3,3,United Kingdom,344.27666666666664,274.0,128,1
15107,221,6,319.5,169,12,6,6,United Kingdom,53.25,28.166666666666668,61,0
15108,52,3,1159.25,490,49,3,3,European Community,386.4166666666667,163.33333333333334,85,0
15109,156,1,484.95,131,28,1,1,United Kingdom,484.95,131.0,0,0
15110,37,2,376.55,121,13,2,2,United Kingdom,188.275,60.5,191,1
15111,283,1,288.5,106,16,1,1,United Kingdom,288.5,106.0,0,1
15114,3,7,1678.97,1817,78,7,7,United Kingdom,239.85285714285715,259.57142857142856,208,1
15116,45,2,790.97,255,20,2,2,United Kingdom,395.485,127.5,70,1
15117,31,2,675.73,1085,31,2,2,United Kingdom,337.865,542.5,94,1
15118,44,1,244.8,1440,1,1,1,United Kingdom,244.8,1440.0,0,0
15119,156,1,266.4,88,14,1,1,United Kingdom,266.4,88.0,0,0
15120,44,1,358.82,296,21,1,1,United Kingdom,358.82,296.0,0,0
15121,199,1,295.15,125,18,1,1,United Kingdom,295.15,125.0,0,1
15122,24,3,1633.78,800,65,3,3,United Kingdom,544.5933333333334,266.6666666666667,183,0
15123,116,1,1069.47,509,53,1,1,United Kingdom,1069.47,509.0,0,1
15124,102,1,90.75,89,9,1,1,United Kingdom,90.75,89.0,0,1
15125,23,12,10795.48,5909,97,12,8,United Kingdom,899.6233333333333,492.4166666666667,157,1
15128,37,3,1170.24,1007,66,3,3,United Kingdom,390.08,335.6666666666667,92,1
15129,17,10,2796.73,1621,48,10,9,United Kingdom,279.673,162.1,185,1
15130,80,1,330.11,197,22,1,1,United Kingdom,330.11,197.0,0,0
15132,16,3,842.23,633,47,3,3,United Kingdom,280.74333333333334,211.0,156,1
15133,38,3,982.42,680,27,3,3,United Kingdom,327.4733333333333,226.66666666666666,174,0
15134,37,4,614.86,390,27,4,4,United Kingdom,153.715,97.5,113,1
15135,149,1,139.05,43,9,1,1,United Kingdom,139.05,43.0,0,0
15136,6,1,582.9,374,29,1,1,United Kingdom,582.9,374.0,0,1
15139,150,2,178.96,208,13,2,2,United Kingdom,89.48,104.0,96,0
15140,26,5,1728.11,1266,53,5,4,United Kingdom,345.62199999999996,253.2,148,1
15143,136,1,259.45,150,14,1,1,United Kingdom,259.45,150.0,0,0
15144,3,10,3560.84,1920,99,10,8,United Kingdom,356.084,192.0,219,1
15145,137,2,724.03,438,35,2,2,United Kingdom,362.015,219.0,21,1
15146,75,2,1327.16,1473,90,2,2,United Kingdom,663.58,736.5,126,0
15147,150,1,623.5,366,28,1,1,United Kingdom,623.5,366.0,0,0
15149,44,1,520.8000000000001,128,23,1,1,United Kingdom,520.8000000000001,128.0,0,0
15150,19,5,3569.62,2474,225,5,5,United Kingdom,713.924,494.8,160,1
15152,23,6,2383.21,1173,110,6,6,United Kingdom,397.20166666666665,195.5,73,1
15157,64,2,1505.37,1910,89,2,2,United Kingdom,752.685,955.0,203,1
15159,23,18,8969.97,5666,205,18,12,United Kingdom,498.33166666666665,314.77777777777777,248,1
15160,267,1,158.16,84,4,1,1,United Kingdom,158.16,84.0,0,0
15163,102,1,155.0,48,10,1,1,United Kingdom,155.0,48.0,0,1
15164,118,2,363.23,142,52,2,2,United Kingdom,181.615,71.0,130,1
15165,283,1,487.75,160,27,1,1,United Kingdom,487.75,160.0,0,0
15167,231,1,158.8,65,39,1,1,United Kingdom,158.8,65.0,0,0
15171,241,1,1289.5,290,5,1,1,United Kingdom,1289.5,290.0,0,0
15172,46,3,886.74,838,60,3,3,United Kingdom,295.58,279.3333333333333,100,1
15174,233,1,135.75,145,11,1,1,United Kingdom,135.75,145.0,0,0
15178,170,1,40.5,30,3,1,1,United Kingdom,40.5,30.0,0,0
15179,144,3,1455.1200000000001,1294,45,3,3,United Kingdom,485.04,431.3333333333333,85,1
15180,277,1,87.5,36,6,1,1,United Kingdom,87.5,36.0,0,0
15181,85,2,435.0,252,10,2,2,United Kingdom,217.5,126.0,94,1
15182,64,2,622.85,253,24,2,2,United Kingdom,311.425,126.5,114,0
15184,101,1,235.23000000000002,73,20,1,1,United Kingdom,235.23000000000002,73.0,0,1
15186,78,1,229.26000000000002,162,10,1,1,United Kingdom,229.26000000000002,162.0,0,1
15187,6,5,1868.88,800,36,5,5,United Kingdom,373.776,160.0,116,1
15189,1,33,12635.77,4627,72,33,30,United Kingdom,382.90212121212124,140.21212121212122,241,1
15192,30,3,1044.32,918,36,3,3,United Kingdom,348.1066666666666,306.0,245,0
15194,37,11,4469.53,3283,152,11,11,United Kingdom,406.3209090909091,298.45454545454544,241,1
15197,163,2,773.25,202,15,2,2,United Kingdom,386.625,101.0,105,1
15198,2,2,193.64,120,10,2,2,United Kingdom,96.82,60.0,31,0
15199,5,3,967.75,305,4,3,3,United Kingdom,322.5833333333333,101.66666666666667,213,1
15201,36,4,933.26,914,29,4,3,United Kingdom,233.315,228.5,121,1
15203,16,4,1328.32,1339,73,4,4,United Kingdom,332.08,334.75,205,1
15204,267,1,316.58,258,9,1,1,United Kingdom,316.58,258.0,0,0
15205,37,1,476.29999999999995,196,24,1,1,United Kingdom,476.29999999999995,196.0,0,1
15206,10,3,236.70000000000002,90,3,3,3,United Kingdom,78.9,30.0,176,1
15208,73,2,323.52,154,16,2,2,United Kingdom,161.76,77.0,190,1
15210,135,1,331.18,228,20,1,1,United Kingdom,331.18,228.0,0,0
15211,275,1,383.07,117,23,1,1,United Kingdom,383.07,117.0,0,1
15212,151,1,101.8,36,5,1,1,United Kingdom,101.8,36.0,0,0
15213,229,2,328.35,272,22,2,2,United Kingdom,164.175,136.0,11,0
15214,94,2,651.63,556,46,2,2,United Kingdom,325.815,278.0,58,1
15215,7,1,300.04,92,16,1,1,United Kingdom,300.04,92.0,0,1
15218,27,8,3865.35,2258,68,8,6,United Kingdom,483.16875,282.25,202,1
15219,86,1,305.75,45,9,1,1,United Kingdom,305.75,45.0,0,0
15220,25,5,1284.05,1137,84,5,5,United Kingdom,256.81,227.4,165,1
15221,276,1,403.25,43,5,1,1,United Kingdom,403.25,43.0,0,0
15222,229,1,585.0,440,5,1,1,United Kingdom,585.0,440.0,0,0
15223,136,2,755.75,213,14,2,2,United Kingdom,377.875,106.5,23,0
15224,268,2,322.08,152,13,2,2,United Kingdom,161.04,76.0,4,0
15225,144,1,409.40000000000003,226,23,1,1,United Kingdom,409.40000000000003,226.0,0,0
15226,221,1,154.41,71,8,1,1,United Kingdom,154.41,71.0,0,0
15227,126,3,876.82,589,36,3,3,United Kingdom,292.27333333333337,196.33333333333334,101,1
15228,40,3,2224.03,1505,83,3,3,United Kingdom,741.3433333333334,501.6666666666667,165,1
15230,149,2,429.6,351,23,2,2,United Kingdom,214.8,175.5,1,0
15232,23,2,612.06,686,26,2,2,United Kingdom,306.03,343.0,27,0
15234,187,1,197.0,196,14,1,1,United Kingdom,197.0,196.0,0,0
15235,128,12,2247.51,1324,132,12,10,United Kingdom,187.29250000000002,110.33333333333333,155,0
15236,209,1,321.05,269,15,1,1,United Kingdom,321.05,269.0,0,0
15237,113,2,1093.65,798,74,2,2,United Kingdom,546.825,399.0,23,1
15238,5,2,772.78,577,37,2,2,United Kingdom,386.39,288.5,88,1
15240,102,3,1045.38,755,30,3,3,United Kingdom,348.46000000000004,251.66666666666666,120,1
15241,37,6,1344.86,1558,73,6,6,United Kingdom,224.14333333333332,259.6666666666667,156,1
15244,158,1,297.94,240,15,1,1,United Kingdom,297.94,240.0,0,1
15245,44,3,2515.84,1784,55,3,3,United Kingdom,838.6133333333333,594.6666666666666,127,0
15246,148,2,514.15,247,32,2,2,United Kingdom,257.075,123.5,120,0
15247,32,1,356.0,160,6,1,1,United Kingdom,356.0,160.0,0,0
15249,2,11,5639.34,3071,188,11,10,United Kingdom,512.6672727272727,279.1818181818182,164,1
15251,1,8,9695.82,5704,92,8,8,United Kingdom,1211.9775,713.0,150,1
15252,93,1,300.55,99,14,1,1,United Kingdom,300.55,99.0,0,1
15253,80,1,173.85,211,12,1,1,United Kingdom,173.85,211.0,0,1
15254,37,1,300.36,275,18,1,1,United Kingdom,300.36,275.0,0,0
15256,59,1,98.45,55,6,1,1,United Kingdom,98.45,55.0,0,0
15257,193,1,317.15,46,7,1,1,United Kingdom,317.15,46.0,0,0
15258,79,2,623.16,142,32,2,2,United Kingdom,311.58,71.0,48,0
15260,10,7,1810.77,885,62,7,6,United Kingdom,258.68142857142857,126.42857142857143,272,0
15261,45,1,254.82,270,19,1,1,United Kingdom,254.82,270.0,0,0
15262,234,1,178.95000000000002,73,10,1,1,United Kingdom,178.95000000000002,73.0,0,0
15263,17,1,156.51,89,12,1,1,United Kingdom,156.51,89.0,0,0
15265,61,2,1506.1200000000001,612,76,2,2,United Kingdom,753.0600000000001,306.0,84,0
15266,248,1,119.3,18,6,1,1,United Kingdom,119.3,18.0,0,0
15267,66,2,1407.76,704,7,2,2,United Kingdom,703.88,352.0,27,1
15270,28,5,1850.29,1017,21,5,4,United Kingdom,370.058,203.4,192,1
15271,5,10,1592.58,786,116,10,10,United Kingdom,159.25799999999998,78.6,270,1
15279,265,1,290.51,189,19,1,1,United Kingdom,290.51,189.0,0,0
15280,82,1,113.12,154,16,1,1,United Kingdom,113.12,154.0,0,0
15281,47,8,2191.78,1128,113,8,8,United Kingdom,273.9725,141.0,196,1
15288,66,4,2006.36,721,74,4,4,United Kingdom,501.59,180.25,209,1
15289,48,2,697.98,768,41,2,2,United Kingdom,348.99,384.0,111,1
15290,14,12,3392.59,1723,51,12,12,United Kingdom,282.71583333333336,143.58333333333334,255,1
15291,5,11,3640.02,1456,56,11,11,United Kingdom,330.9109090909091,132.36363636363637,278,1
15292,111,1,178.39,55,24,1,1,United Kingdom,178.39,55.0,0,0
15296,19,5,2599.4900000000002,1275,118,5,5,United Kingdom,519.898,255.0,217,1
15298,3,7,3358.2200000000003,2120,87,7,7,United Kingdom,479.7457142857143,302.85714285714283,273,1
15299,174,4,2435.01,2577,4,4,2,United Kingdom,608.7525,644.25,108,1
15301,24,9,3727.4,1998,130,9,8,United Kingdom,414.15555555555557,222.0,254,1
15303,200,1,574.02,248,31,1,1,United Kingdom,574.02,248.0,0,0
15304,75,6,491.90000000000003,74,8,6,6,United Kingdom,81.98333333333333,12.333333333333334,203,1
15306,3,2,657.07,512,30,2,2,United Kingdom,328.535,256.0,55,1
15307,6,1,205.3,37,12,1,1,United Kingdom,205.3,37.0,0,0
15308,184,1,310.47,175,19,1,1,United Kingdom,310.47,175.0,0,0
15311,4,65,46020.75,29464,470,65,64,United Kingdom,708.0115384615384,453.2923076923077,279,1
15312,13,3,794.8000000000001,410,33,3,3,United Kingdom,264.93333333333334,136.66666666666666,251,1
15313,20,1,52.0,25,1,1,1,United Kingdom,52.0,25.0,0,0
15314,109,1,327.97,313,24,1,1,United Kingdom,327.97,313.0,0,0
15315,26,1,233.54,262,16,1,1,United Kingdom,233.54,262.0,0,1
15316,237,1,165.0,100,1,1,1,United Kingdom,165.0,100.0,0,0
15319,194,1,204.5,175,16,1,1,United Kingdom,204.5,175.0,0,0
15321,202,1,1159.47,545,38,1,1,United Kingdom,1159.47,545.0,0,1
15325,14,1,161.74,231,47,1,1,United Kingdom,161.74,231.0,0,0
15326,244,1,311.71,386,29,1,1,United Kingdom,311.71,386.0,0,0
15329,44,2,754.0,386,42,2,2,United Kingdom,377.0,193.0,37,1
15332,276,4,1661.06,652,29,4,2,Lithuania,415.265,163.0,3,0
15333,118,1,1028.56,344,16,1,1,United Kingdom,1028.56,344.0,0,0
15334,67,3,347.87,272,66,3,3,United Kingdom,115.95666666666666,90.66666666666667,16,0
15339,228,1,257.9,159,40,1,1,United Kingdom,257.9,159.0,0,1
15342,40,1,406.09000000000003,283,24,1,1,United Kingdom,406.09000000000003,283.0,0,0
15346,243,1,252.42000000000002,144,17,1,1,United Kingdom,252.42000000000002,144.0,0,0
15347,276,1,201.60000000000002,130,5,1,1,United Kingdom,201.60000000000002,130.0,0,0
15349,68,2,463.91,321,65,2,2,United Kingdom,231.955,160.5,29,0
15350,283,1,115.65,51,5,1,1,United Kingdom,115.65,51.0,0,0
15351,280,1,274.67,129,49,1,1,United Kingdom,274.67,129.0,0,1
15353,165,2,770.12,341,59,2,2,United Kingdom,385.06,170.5,113,0
15356,15,8,2231.17,1355,201,8,8,United Kingdom,278.89625,169.375,262,1
15358,31,15,5639.81,4933,240,15,10,United Kingdom,375.98733333333337,328.8666666666667,245,1
15361,272,1,418.92,336,7,1,1,United Kingdom,418.92,336.0,0,0
15363,283,1,326.0,144,16,1,1,United Kingdom,326.0,144.0,0,0
15364,6,2,913.19,493,29,2,2,United Kingdom,456.595,246.5,158,0
15365,6,2,961.28,404,44,2,2,United Kingdom,480.64,202.0,219,1
15366,268,1,105.54,61,8,1,1,United Kingdom,105.54,61.0,0,1
15367,156,2,1416.18,750,65,2,2,United Kingdom,708.09,375.0,29,1
15370,51,4,1513.46,611,54,4,4,United Kingdom,378.365,152.75,191,1
15372,47,1,2007.4,2924,27,1,1,United Kingdom,2007.4,2924.0,0,0
15373,26,9,1686.9,354,65,9,8,United Kingdom,187.43333333333334,39.333333333333336,255,1
15374,39,1,168.0,126,3,1,1,United Kingdom,168.0,126.0,0,0
15376,27,2,977.22,533,94,2,2,United Kingdom,488.61,266.5,105,1
15379,79,7,3703.29,2305,145,7,7,United Kingdom,529.0414285714286,329.2857142857143,189,0
15380,51,2,582.56,216,17,2,2,United Kingdom,291.28,108.0,224,1
15381,124,2,596.85,171,8,2,2,United Kingdom,298.425,85.5,54,0
15382,95,4,2127.12,1628,97,4,3,United Kingdom,531.78,407.0,110,1
15384,80,2,642.41,596,34,2,2,United Kingdom,321.205,298.0,189,0
15386,96,1,394.14,446,31,1,1,United Kingdom,394.14,446.0,0,0
15388,180,1,140.54,88,10,1,1,Canada,140.54,88.0,0,0
15389,82,1,500.0,400,1,1,1,United Kingdom,500.0,400.0,0,0
15392,270,1,338.98,402,19,1,1,United Kingdom,338.98,402.0,0,1
15393,191,1,124.10000000000001,94,8,1,1,United Kingdom,124.10000000000001,94.0,0,1
15394,114,2,1436.44,546,44,2,2,United Kingdom,718.22,273.0,154,1
15395,236,1,107.45,17,7,1,1,United Kingdom,107.45,17.0,0,0
15396,23,1,288.18,122,14,1,1,United Kingdom,288.18,122.0,0,0
15397,200,1,94.0,20,6,1,1,United Kingdom,94.0,20.0,0,0
15400,2,5,716.2,390,10,5,5,United Kingdom,143.24,78.0,186,0
15402,59,2,626.35,693,34,2,2,United Kingdom,313.175,346.5,47,0
15405,99,1,349.1,193,8,1,1,United Kingdom,349.1,193.0,0,0
15406,211,1,252.29,130,42,1,1,United Kingdom,252.29,130.0,0,1
15407,94,3,740.73,329,62,3,3,United Kingdom,246.91,109.66666666666667,121,1
15408,174,1,267.18,106,34,1,1,United Kingdom,267.18,106.0,0,0
15410,9,7,3089.4100000000003,1049,43,7,7,United Kingdom,441.3442857142858,149.85714285714286,162,1
15411,34,2,382.21000000000004,155,22,2,2,United Kingdom,191.10500000000002,77.5,58,1
15412,81,1,190.53,108,10,1,1,United Kingdom,190.53,108.0,0,0
15414,152,1,36.2,12,5,1,1,United Kingdom,36.2,12.0,0,1
15415,223,1,559.61,551,46,1,1,United Kingdom,559.61,551.0,0,0
15416,65,3,3144.33,1698,135,3,3,United Kingdom,1048.11,566.0,127,1
15421,125,3,739.36,379,35,3,2,United Kingdom,246.45333333333335,126.33333333333333,94,1
15422,233,2,97.7,38,6,2,1,United Kingdom,48.85,19.0,0,0
15424,164,2,383.34,554,17,2,1,United Kingdom,191.67,277.0,0,0
15426,167,2,634.13,255,101,2,2,United Kingdom,317.065,127.5,112,1
15433,124,2,533.3,534,40,2,2,United Kingdom,266.65,267.0,53,0
15434,17,3,587.28,479,32,3,2,United Kingdom,195.76,159.66666666666666,93,1
15436,144,1,484.1,246,124,1,1,United Kingdom,484.1,246.0,0,1
15437,172,1,200.16,79,44,1,1,United Kingdom,200.16,79.0,0,0
15438,41,1,156.57999999999998,59,25,1,1,United Kingdom,156.57999999999998,59.0,0,0
15440,46,2,237.66,125,25,2,2,United Kingdom,118.83,62.5,72,1
15442,159,1,594.0,120,2,1,1,United Kingdom,594.0,120.0,0,0
15443,19,2,684.8,347,72,2,2,United Kingdom,342.4,173.5,210,1
15445,174,1,113.5,58,5,1,1,United Kingdom,113.5,58.0,0,0
15447,241,1,155.17000000000002,85,9,1,1,United Kingdom,155.17000000000002,85.0,0,0
15448,223,1,494.64,232,28,1,1,United Kingdom,494.64,232.0,0,0
15449,95,2,647.7,516,30,2,2,United Kingdom,323.85,258.0,76,1
15452,174,1,237.0,134,36,1,1,United Kingdom,237.0,134.0,0,1
15453,2,4,701.2,357,102,4,4,United Kingdom,175.3,89.25,95,1
15454,272,1,179.1,86,23,1,1,United Kingdom,179.1,86.0,0,0
15456,193,3,434.59,633,48,3,2,United Kingdom,144.86333333333332,211.0,75,0
15457,172,1,237.07,132,56,1,1,United Kingdom,237.07,132.0,0,0
15460,264,1,214.26,107,53,1,1,United Kingdom,214.26,107.0,0,0
15462,4,3,234.6,172,9,3,3,United Kingdom,78.2,57.333333333333336,92,0
15464,248,1,1044.65,348,155,1,1,United Kingdom,1044.65,348.0,0,0
15465,49,15,5992.129999999999,906,38,15,15,United Kingdom,399.47533333333325,60.4,230,1
15467,55,2,402.56,235,36,2,2,United Kingdom,201.28,117.5,7,1
15469,30,1,304.3,128,16,1,1,United Kingdom,304.3,128.0,0,1
15472,23,1,371.56,251,76,1,1,United Kingdom,371.56,251.0,0,0
15480,26,1,905.5,303,45,1,1,Malta,905.5,303.0,0,0
15482,76,4,1928.3,675,17,4,3,United Kingdom,482.075,168.75,193,1
15483,71,4,225.26,291,74,4,2,United Kingdom,56.315,72.75,105,0
15485,246,2,1268.13,578,33,2,2,United Kingdom,634.065,289.0,37,1
15488,3,1,91.32000000000001,73,2,1,1,United Kingdom,91.32000000000001,73.0,0,0
15489,121,1,348.26,220,23,1,1,United Kingdom,348.26,220.0,0,1
15491,5,6,3100.09,1646,108,6,5,United Kingdom,516.6816666666667,274.3333333333333,140,0
15493,60,3,1286.95,358,126,3,3,United Kingdom,428.98333333333335,119.33333333333333,120,1
15494,31,1,1119.88,1071,87,1,1,United Kingdom,1119.88,1071.0,0,1
15497,230,1,970.6,528,10,1,1,United Kingdom,970.6,528.0,0,1
15498,31,19,9126.37,4525,288,19,12,United Kingdom,480.33526315789476,238.1578947368421,245,1
15502,34,5,5955.53,3761,148,5,4,United Kingdom,1191.106,752.2,245,1
15503,273,1,141.04,70,66,1,1,United Kingdom,141.04,70.0,0,0
15505,24,3,2091.14,964,36,3,3,United Kingdom,697.0466666666666,321.3333333333333,41,1
15506,49,1,208.77,144,45,1,1,United Kingdom,208.77,144.0,0,1
15507,82,1,475.86,160,41,1,1,United Kingdom,475.86,160.0,0,0
15508,99,6,1000.27,440,78,6,4,United Kingdom,166.71166666666667,73.33333333333333,46,0
15510,241,1,250.0,2,1,1,1,United Kingdom,250.0,2.0,0,0
15512,66,2,121.0,68,7,2,2,United Kingdom,60.5,34.0,203,0
15513,5,17,11352.14,4424,160,17,13,United Kingdom,667.7729411764706,260.2352941176471,278,1
15514,136,6,2501.94,1184,50,6,4,United Kingdom,416.99,197.33333333333334,138,1
15517,143,1,267.03,293,27,1,1,United Kingdom,267.03,293.0,0,0
15518,34,7,1603.86,1117,125,7,6,United Kingdom,229.12285714285713,159.57142857142858,208,1
15521,5,7,2326.78,1470,113,7,5,United Kingdom,332.3971428571429,210.0,160,1
15525,283,1,274.93,113,44,1,1,United Kingdom,274.93,113.0,0,1
15527,55,5,1330.79,509,68,5,5,United Kingdom,266.158,101.8,209,1
15528,164,1,229.33,123,26,1,1,United Kingdom,229.33,123.0,0,0
15529,53,8,2384.68,2024,279,8,8,United Kingdom,298.085,253.0,223,1
15530,60,3,1163.69,654,77,3,3,United Kingdom,387.8966666666667,218.0,97,1
15532,41,3,1204.59,369,164,3,3,United Kingdom,401.53,123.0,226,1
15535,83,4,502.9,135,55,4,3,United Kingdom,125.725,33.75,154,0
15537,73,1,110.92,29,24,1,1,United Kingdom,110.92,29.0,0,0
15541,24,1,85.13000000000001,49,29,1,1,United Kingdom,85.13000000000001,49.0,0,0
15543,198,1,127.86,86,26,1,1,United Kingdom,127.86,86.0,0,0
15544,30,7,2772.37,2212,95,7,7,United Kingdom,396.05285714285714,316.0,252,1
15545,281,1,135.32999999999998,75,31,1,1,United Kingdom,135.32999999999998,75.0,0,1
15547,20,8,2745.16,1841,236,8,7,United Kingdom,343.145,230.125,252,1
15549,68,2,1619.88,656,94,2,2,United Kingdom,809.94,328.0,158,1
15550,16,3,433.28,252,36,3,3,United Kingdom,144.42666666666665,84.0,195,1
15552,127,1,90.12,60,17,1,1,United Kingdom,90.12,60.0,0,0
15554,188,1,217.2,74,14,1,1,United Kingdom,217.2,74.0,0,0
15555,14,10,2808.38,2427,259,10,10,United Kingdom,280.838,242.7,265,1
15561,60,3,449.66999999999996,95,16,3,2,United Kingdom,149.89,31.666666666666668,65,1
15562,262,1,134.55,39,1,1,1,United Kingdom,134.55,39.0,0,0
15563,111,2,735.62,742,55,2,2,United Kingdom,367.81,371.0,158,1
15569,14,5,1375.71,666,27,5,4,United Kingdom,275.142,133.2,228,0
15570,52,9,2809.98,1135,184,9,9,United Kingdom,312.22,126.11111111111111,227,1
15572,20,4,1552.79,687,109,4,3,United Kingdom,388.1975,171.75,168,1
15574,88,4,675.64,332,131,4,3,United Kingdom,168.91,83.0,194,0
15577,61,3,258.88,89,39,3,2,United Kingdom,86.29333333333334,29.666666666666668,154,0
15578,72,1,127.1,52,13,1,1,United Kingdom,127.1,52.0,0,0
15579,224,1,195.35,55,25,1,1,United Kingdom,195.35,55.0,0,1
15581,66,10,717.4300000000001,280,133,10,9,United Kingdom,71.74300000000001,28.0,209,0
15582,10,2,541.51,407,33,2,2,United Kingdom,270.755,203.5,120,1
15584,72,1,150.4,48,35,1,1,United Kingdom,150.4,48.0,0,1
15585,87,1,455.3,320,31,1,1,United Kingdom,455.3,320.0,0,0
15587,53,2,456.84,156,3,2,2,United Kingdom,228.42,78.0,209,1
15589,166,3,478.53,243,28,3,2,United Kingdom,159.51,81.0,54,0
15594,4,2,788.22,464,43,2,2,United Kingdom,394.11,232.0,141,1
15596,11,5,1406.59,561,51,5,5,United Kingdom,281.318,112.2,264,0
15599,114,1,448.83,361,29,1,1,United Kingdom,448.83,361.0,0,1
15601,33,11,5585.46,4003,200,11,11,United Kingdom,507.7690909090909,363.90909090909093,249,1
15602,111,5,542.95,345,12,5,5,United Kingdom,108.59,69.0,167,1
15605,162,3,690.1800000000001,266,37,3,3,United Kingdom,230.06000000000003,88.66666666666667,121,1
15606,29,8,2439.38,762,42,8,8,United Kingdom,304.9225,95.25,205,1
15607,247,1,104.76,202,13,1,1,United Kingdom,104.76,202.0,0,0
15608,31,1,285.68,230,18,1,1,United Kingdom,285.68,230.0,0,1
15609,94,1,298.48,148,16,1,1,United Kingdom,298.48,148.0,0,0
15611,14,7,932.14,256,16,7,7,United Kingdom,133.16285714285715,36.57142857142857,230,1
15615,16,19,7367.85,3837,153,19,13,United Kingdom,387.7815789473684,201.94736842105263,253,1
15618,2,3,419.041,215,22,3,2,United Kingdom,139.68033333333332,71.66666666666667,44,1
15620,131,2,875.01,600,59,2,2,United Kingdom,437.505,300.0,137,1
15622,107,5,2602.0,1225,127,5,3,United Kingdom,520.4,245.0,85,1
15623,51,1,301.03000000000003,125,19,1,1,United Kingdom,301.03000000000003,125.0,0,0
15624,27,4,588.13,357,26,4,4,United Kingdom,147.0325,89.25,139,0
15625,14,4,1534.26,1188,44,4,4,United Kingdom,383.565,297.0,131,0
15626,240,1,281.88,312,20,1,1,United Kingdom,281.88,312.0,0,1
15628,8,5,1625.4,1058,58,5,5,United Kingdom,325.08000000000004,211.6,268,1
15630,115,1,396.86,280,21,1,1,United Kingdom,396.86,280.0,0,1
15632,32,6,2351.84,1304,76,6,6,United Kingdom,391.97333333333336,217.33333333333334,153,1
15636,192,1,306.7,82,8,1,1,United Kingdom,306.7,82.0,0,1
15639,44,1,425.32,323,25,1,1,United Kingdom,425.32,323.0,0,0
15640,32,11,8836.74,4861,193,11,11,United Kingdom,803.34,441.90909090909093,250,1
15641,15,4,1887.2,1562,102,4,4,United Kingdom,471.8,390.5,253,0
15643,102,3,664.0,246,31,3,2,United Kingdom,221.33333333333334,82.0,90,0
15644,76,4,803.54,550,166,4,3,United Kingdom,200.885,137.5,94,0
15646,68,3,447.64000000000004,394,35,3,3,United Kingdom,149.21333333333334,131.33333333333334,214,0
15648,114,2,639.5,218,23,2,2,United Kingdom,319.75,109.0,62,0
15649,246,2,816.0,192,1,2,2,United Kingdom,408.0,96.0,31,0
15651,171,1,227.32,238,16,1,1,United Kingdom,227.32,238.0,0,1
15652,1,1,337.74,208,21,1,1,United Kingdom,337.74,208.0,0,0
15653,3,2,877.44,1200,4,2,2,United Kingdom,438.72,600.0,23,0
15655,153,1,560.6700000000001,324,34,1,1,United Kingdom,560.6700000000001,324.0,0,0
15656,88,3,563.63,202,34,3,3,United Kingdom,187.87666666666667,67.33333333333333,105,1
15658,100,5,1024.1000000000001,242,40,5,5,United Kingdom,204.82000000000002,48.4,182,0
15660,46,6,884.34,578,35,6,4,United Kingdom,147.39000000000001,96.33333333333333,229,1
15661,227,2,309.8,236,4,2,2,United Kingdom,154.9,118.0,21,0
15663,16,1,138.14,106,9,1,1,United Kingdom,138.14,106.0,0,0
15665,78,2,2222.21,1654,92,2,2,United Kingdom,1111.105,827.0,74,0
15668,128,1,76.32000000000001,72,1,1,1,United Kingdom,76.32000000000001,72.0,0,0
15669,14,3,565.54,262,29,3,3,United Kingdom,188.51333333333332,87.33333333333333,160,1
15670,207,1,173.05,91,12,1,1,United Kingdom,173.05,91.0,0,0
15671,5,5,1972.89,1185,47,5,5,United Kingdom,394.57800000000003,237.0,176,1
15673,67,3,2014.7,1031,82,3,3,United Kingdom,671.5666666666667,343.6666666666667,170,1
15674,125,3,1044.95,625,38,3,3,United Kingdom,348.31666666666666,208.33333333333334,39,1
15675,65,2,225.39000000000001,485,16,2,2,United Kingdom,112.69500000000001,242.5,125,1
15676,194,1,897.8,555,61,1,1,United Kingdom,897.8,555.0,0,1
15679,64,2,260.26,398,18,2,2,United Kingdom,130.13,199.0,28,1
15680,276,1,478.89,331,30,1,1,United Kingdom,478.89,331.0,0,1
15681,93,3,703.22,450,22,3,2,United Kingdom,234.40666666666667,150.0,97,1
15683,27,1,193.75,131,10,1,1,United Kingdom,193.75,131.0,0,0
15687,97,5,1679.45,657,69,5,5,United Kingdom,335.89,131.4,143,1
15689,30,2,254.1,84,8,2,2,United Kingdom,127.05,42.0,241,0
15690,11,1,111.0,204,8,1,1,United Kingdom,111.0,204.0,0,1
15691,162,1,136.8,72,2,1,1,United Kingdom,136.8,72.0,0,0
15694,86,8,3290.7799999999997,738,22,8,8,United Kingdom,411.34749999999997,92.25,196,1
15695,177,2,409.98,212,22,2,1,United Kingdom,204.99,106.0,0,0
15696,131,6,1629.95,717,89,6,6,United Kingdom,271.65833333333336,119.5,106,1
15700,82,2,696.68,357,85,2,2,United Kingdom,348.34,178.5,1,0
15701,21,1,853.9,472,119,1,1,United Kingdom,853.9,472.0,0,1
15703,175,1,211.5,66,5,1,1,United Kingdom,211.5,66.0,0,0
15704,50,4,2293.62,1028,79,4,3,United Kingdom,573.405,257.0,75,0
15705,111,1,143.1,62,6,1,1,United Kingdom,143.1,62.0,0,0
15706,26,1,450.05,160,29,1,1,United Kingdom,450.05,160.0,0,1
15708,49,6,2589.34,989,103,6,6,United Kingdom,431.5566666666667,164.83333333333334,231,1
15709,194,1,133.25,121,6,1,1,United Kingdom,133.25,121.0,0,0
15712,20,3,766.3100000000001,371,32,3,3,United Kingdom,255.4366666666667,123.66666666666667,178,1
15713,53,2,356.7,150,18,2,2,United Kingdom,178.35,75.0,222,0
15716,56,4,1101.11,738,101,4,4,United Kingdom,275.2775,184.5,223,0
15717,144,1,150.3,70,7,1,1,United Kingdom,150.3,70.0,0,0
15719,10,11,4060.32,2172,259,11,11,United Kingdom,369.12,197.45454545454547,238,1
15722,19,3,1413.45,590,32,3,3,United Kingdom,471.15000000000003,196.66666666666666,181,1
15723,275,1,190.70000000000002,73,37,1,1,United Kingdom,190.70000000000002,73.0,0,0
15724,111,2,218.25,73,11,2,2,United Kingdom,109.125,36.5,83,0
15727,17,6,4589.39,2625,191,6,6,United Kingdom,764.8983333333334,437.5,251,1
15729,123,1,85.0,28,5,1,1,United Kingdom,85.0,28.0,0,0
15730,2,2,777.22,489,46,2,2,United Kingdom,388.61,244.5,114,1
15732,122,2,294.12,215,13,2,2,United Kingdom,147.06,107.5,159,0
15733,193,1,162.3,62,10,1,1,United Kingdom,162.3,62.0,0,0
15734,25,2,1339.45,346,25,2,2,United Kingdom,669.725,173.0,85,0
15737,58,5,880.9300000000001,443,43,5,4,United Kingdom,176.186,88.6,95,1
15738,7,13,3853.45,2357,45,13,12,United Kingdom,296.41923076923075,181.30769230769232,275,1
15743,24,2,434.05,119,31,2,2,United Kingdom,217.025,59.5,71,1
15745,146,1,302.85,127,18,1,1,United Kingdom,302.85,127.0,0,1
15746,44,1,196.88,178,28,1,1,United Kingdom,196.88,178.0,0,0
15747,30,2,525.37,281,26,2,2,United Kingdom,262.685,140.5,52,1
15749,145,3,44534.3,18028,5,3,2,United Kingdom,14844.766666666668,6009.333333333333,97,0
15750,81,4,1108.18,1053,125,4,3,United Kingdom,277.045,263.25,196,1
15752,3,6,2093.37,1657,207,6,6,United Kingdom,348.895,276.1666666666667,279,1
15753,215,1,79.2,144,1,1,1,United Kingdom,79.2,144.0,0,0
15754,157,1,91.8,36,6,1,1,United Kingdom,91.8,36.0,0,1
15755,18,3,1144.83,624,65,3,3,United Kingdom,381.60999999999996,208.0,186,1
15756,63,3,359.89,166,118,3,3,United Kingdom,119.96333333333332,55.333333333333336,96,1
15757,128,1,261.36,167,16,1,1,United Kingdom,261.36,167.0,0,1
15759,128,3,253.04000000000002,60,5,3,3,United Kingdom,84.34666666666668,20.0,139,0
15764,17,5,3276.62,2048,150,5,3,United Kingdom,655.324,409.6,169,1
15768,26,3,621.83,244,23,3,3,United Kingdom,207.27666666666667,81.33333333333333,110,0
15769,12,19,41863.72,22140,19,19,16,United Kingdom,2203.3536842105264,1165.2631578947369,269,1
15775,155,1,104.9,68,7,1,1,United Kingdom,104.9,68.0,0,0
15776,43,1,241.62,138,18,1,1,United Kingdom,241.62,138.0,0,0
15777,151,4,1047.1100000000001,378,18,4,3,United Kingdom,261.77750000000003,94.5,120,0
15780,94,3,475.28000000000003,220,26,3,3,United Kingdom,158.42666666666668,73.33333333333333,174,0
15781,48,2,211.3,66,11,2,2,United Kingdom,105.65,33.0,168,1
15785,68,4,1665.8300000000002,1011,41,4,3,United Kingdom,416.45750000000004,252.75,137,1
15786,24,1,3147.64,2286,165,1,1,United Kingdom,3147.64,2286.0,0,1
15789,268,1,351.3,438,25,1,1,United Kingdom,351.3,438.0,0,0
15791,114,1,1223.24,558,54,1,1,United Kingdom,1223.24,558.0,0,1
15793,179,1,306.64,192,3,1,1,United Kingdom,306.64,192.0,0,1
15795,60,1,610.01,581,42,1,1,United Kingdom,610.01,581.0,0,0
15796,19,5,1571.77,527,58,5,5,United Kingdom,314.354,105.4,192,1
15797,23,3,2192.4,872,7,3,3,United Kingdom,730.8000000000001,290.6666666666667,191,0
15799,95,2,481.24,539,37,2,2,United Kingdom,240.62,269.5,149,1
15800,17,2,696.89,332,116,2,2,United Kingdom,348.445,166.0,139,0
15801,20,1,137.22,70,9,1,1,United Kingdom,137.22,70.0,0,1
15804,4,5,2554.84,1492,130,5,5,United Kingdom,510.968,298.4,104,1
15805,16,11,3548.5,2273,150,11,8,United Kingdom,322.59090909090907,206.63636363636363,258,1
15806,68,2,521.88,413,19,2,2,United Kingdom,260.94,206.5,119,1
15808,216,4,3651.27,1305,142,4,4,United Kingdom,912.8175,326.25,63,0
15809,94,4,399.21000000000004,251,24,4,4,United Kingdom,99.80250000000001,62.75,118,1
15810,80,3,1361.19,856,64,3,3,United Kingdom,453.73,285.3333333333333,126,1
15811,16,5,1773.8,760,89,5,5,United Kingdom,354.76,152.0,259,1
15812,17,5,1801.14,922,36,5,5,United Kingdom,360.228,184.4,210,0
15813,118,2,1303.9099999999999,603,40,2,2,United Kingdom,651.9549999999999,301.5,31,0
15815,51,4,1874.7,1514,24,4,4,United Kingdom,468.675,378.5,119,1
15819,41,3,1585.47,1139,83,3,3,United Kingdom,528.49,379.6666666666667,145,1
15820,230,1,206.98,128,17,1,1,United Kingdom,206.98,128.0,0,0
15822,269,1,440.2,160,16,1,1,United Kingdom,440.2,160.0,0,1
15825,82,1,532.94,220,20,1,1,United Kingdom,532.94,220.0,0,0
15826,121,1,720.0,488,28,1,1,United Kingdom,720.0,488.0,0,1
15827,24,13,1598.16,749,60,13,10,United Kingdom,122.93538461538462,57.61538461538461,258,1
15829,9,2,636.14,996,44,2,2,United Kingdom,318.07,498.0,41,0
15831,34,2,451.11,687,22,2,2,United Kingdom,225.555,343.5,199,1
15832,164,1,836.79,465,54,1,1,United Kingdom,836.79,465.0,0,0
15834,76,3,1780.72,675,175,3,2,United Kingdom,593.5733333333334,225.0,111,1
15835,48,3,675.51,333,32,3,3,United Kingdom,225.17,111.0,193,1
15838,19,12,14153.5,7998,51,12,11,United Kingdom,1179.4583333333333,666.5,259,1
15839,58,1,299.18,234,20,1,1,United Kingdom,299.18,234.0,0,1
15840,83,1,241.74,256,17,1,1,United Kingdom,241.74,256.0,0,1
15841,128,2,613.26,366,19,2,2,United Kingdom,306.63,183.0,120,1
15843,214,1,118.95,27,8,1,1,United Kingdom,118.95,27.0,0,0
15845,55,5,2526.76,1378,73,5,5,United Kingdom,505.35200000000003,275.6,192,1
15847,198,1,180.68,348,9,1,1,United Kingdom,180.68,348.0,0,1
15850,78,1,116.16,239,41,1,1,United Kingdom,116.16,239.0,0,1
15852,97,2,160.71,48,22,2,2,United Kingdom,80.355,24.0,10,0
15854,50,9,2393.69,744,70,9,8,United Kingdom,265.96555555555557,82.66666666666667,221,1
15855,47,5,712.24,470,59,5,5,United Kingdom,142.448,94.0,126,0
15856,5,17,11246.67,7438,253,17,16,United Kingdom,661.5688235294118,437.52941176470586,270,1
15858,199,2,816.22,725,91,2,2,United Kingdom,408.11,362.5,77,1
15860,9,6,767.14,345,87,6,6,United Kingdom,127.85666666666667,57.5,269,1
15861,45,3,1123.76,870,174,3,2,United Kingdom,374.58666666666664,290.0,132,1
15862,22,3,659.73,499,98,3,3,United Kingdom,219.91,166.33333333333334,261,1
15863,103,1,9.2,2,2,1,1,United Kingdom,9.2,2.0,0,1
15864,9,3,957.86,558,11,3,3,United Kingdom,319.2866666666667,186.0,217,1
15865,124,1,313.93,178,16,1,1,United Kingdom,313.93,178.0,0,1
15866,11,1,211.89,124,43,1,1,United Kingdom,211.89,124.0,0,0
15867,23,12,2940.87,1472,252,12,12,United Kingdom,245.0725,122.66666666666667,256,1
15869,187,2,149.64,175,13,2,1,United Kingdom,74.82,87.5,0,0
15874,88,6,2207.75,1065,79,6,5,United Kingdom,367.9583333333333,177.5,106,1
15880,279,1,329.03,202,95,1,1,United Kingdom,329.03,202.0,0,0
15881,222,5,501.39,260,26,5,3,United Kingdom,100.27799999999999,52.0,52,0
15882,109,4,514.08,264,22,4,2,United Kingdom,128.52,66.0,169,0
15885,3,1,349.35,109,16,1,1,United Kingdom,349.35,109.0,0,0
15889,67,2,400.77,200,78,2,2,United Kingdom,200.385,100.0,212,0
15891,137,1,509.13,417,59,1,1,United Kingdom,509.13,417.0,0,0
15894,163,2,257.6,163,34,2,2,United Kingdom,128.8,81.5,115,0
15895,60,1,179.17,94,11,1,1,United Kingdom,179.17,94.0,0,0
15897,104,2,208.59,223,17,2,1,United Kingdom,104.295,111.5,0,0
15898,137,4,997.94,421,67,4,4,United Kingdom,249.485,105.25,141,1
15899,279,1,56.25,39,4,1,1,United Kingdom,56.25,39.0,0,0
15901,65,1,110.49,209,24,1,1,United Kingdom,110.49,209.0,0,1
15903,138,2,641.64,676,19,2,2,United Kingdom,320.82,338.0,67,1
15906,55,4,797.71,242,56,4,3,United Kingdom,199.4275,60.5,110,1
15907,87,2,477.59000000000003,237,93,2,2,United Kingdom,238.79500000000002,118.5,33,1
15909,84,1,191.94,98,7,1,1,United Kingdom,191.94,98.0,0,0
15910,9,5,663.36,510,143,5,5,United Kingdom,132.672,102.0,217,1
15912,88,2,264.62,185,19,2,2,United Kingdom,132.31,92.5,54,0
15916,102,5,846.95,393,64,5,4,United Kingdom,169.39000000000001,78.6,174,1
15917,158,1,123.1,42,12,1,1,United Kingdom,123.1,42.0,0,0
15918,101,2,334.23,153,33,2,2,United Kingdom,167.115,76.5,80,0
15919,279,1,214.07999999999998,175,38,1,1,United Kingdom,214.07999999999998,175.0,0,1
15920,64,3,163.55,94,52,3,1,United Kingdom,54.51666666666667,31.333333333333332,0,0
15921,83,1,323.03000000000003,162,24,1,1,United Kingdom,323.03000000000003,162.0,0,0
15922,283,1,369.5,138,11,1,1,United Kingdom,369.5,138.0,0,0
15923,283,1,127.08,122,21,1,1,United Kingdom,127.08,122.0,0,0
15925,104,1,207.15,93,12,1,1,United Kingdom,207.15,93.0,0,0
15932,18,6,1885.95,1509,65,6,6,United Kingdom,314.325,251.5,181,1
15935,149,1,108.03999999999999,114,11,1,1,United Kingdom,108.03999999999999,114.0,0,0
15938,22,5,404.58000000000004,240,13,5,5,United Kingdom,80.91600000000001,48.0,211,0
15939,17,13,5845.25,4571,27,13,12,United Kingdom,449.63461538461536,351.61538461538464,224,1
15940,221,1,35.8,4,1,1,1,United Kingdom,35.8,4.0,0,0
15942,44,1,337.44,232,14,1,1,United Kingdom,337.44,232.0,0,0
15944,187,1,325.1,50,6,1,1,United Kingdom,325.1,50.0,0,0
15945,275,1,181.0,52,2,1,1,United Kingdom,181.0,52.0,0,0
15950,16,2,1091.38,445,66,2,2,United Kingdom,545.69,222.5,253,1
15951,196,1,375.17,174,22,1,1,United Kingdom,375.17,174.0,0,1
15952,69,2,309.20000000000005,140,25,2,2,United Kingdom,154.60000000000002,70.0,66,1
15953,122,4,824.04,450,29,4,4,United Kingdom,206.01,112.5,157,1
15955,17,8,2463.65,1103,68,8,5,United Kingdom,307.95625,137.875,266,1
15965,277,1,156.19,74,16,1,1,United Kingdom,156.19,74.0,0,1
15967,229,1,161.9,60,32,1,1,United Kingdom,161.9,60.0,0,1
15969,96,1,308.7,44,10,1,1,United Kingdom,308.7,44.0,0,1
15970,214,1,314.09999999999997,116,11,1,1,United Kingdom,314.09999999999997,116.0,0,0
15971,19,7,2104.5,911,8,7,7,United Kingdom,300.64285714285717,130.14285714285714,202,1
15973,277,1,307.82000000000005,106,4,1,1,United Kingdom,307.82000000000005,106.0,0,0
15974,5,6,2895.01,1864,119,6,6,United Kingdom,482.5016666666667,310.6666666666667,193,1
15976,75,2,427.64,275,83,2,2,United Kingdom,213.82,137.5,54,0
15980,164,1,760.18,592,20,1,1,United Kingdom,760.18,592.0,0,1
15981,48,6,2458.2,1296,31,6,6,United Kingdom,409.7,216.0,173,1
15983,271,3,1138.37,694,57,3,3,United Kingdom,379.45666666666665,231.33333333333334,13,1
15984,11,7,1807.51,943,176,7,7,United Kingdom,258.2157142857143,134.71428571428572,267,1
15985,33,2,1142.42,1086,29,2,2,United Kingdom,571.21,543.0,113,0
15987,31,6,1193.63,1365,64,6,5,United Kingdom,198.93833333333336,227.5,248,1
15990,197,1,401.37,171,23,1,1,United Kingdom,401.37,171.0,0,1
15996,26,5,879.76,336,91,5,5,United Kingdom,175.952,67.2,249,1
15998,82,3,2105.26,1370,280,3,3,United Kingdom,701.7533333333334,456.6666666666667,190,1
16003,45,3,1793.9,595,56,3,3,United Kingdom,597.9666666666667,198.33333333333334,224,1
16005,93,2,275.41,117,77,2,2,United Kingdom,137.705,58.5,88,1
16006,121,1,101.4,84,8,1,1,United Kingdom,101.4,84.0,0,0
16007,91,2,727.67,581,128,2,2,United Kingdom,363.835,290.5,34,1
16008,115,1,139.15,75,6,1,1,United Kingdom,139.15,75.0,0,1
16009,70,1,441.59000000000003,196,55,1,1,United Kingdom,441.59000000000003,196.0,0,1
16010,156,3,392.4,202,62,3,3,United Kingdom,130.79999999999998,67.33333333333333,116,0
16011,2,12,2185.66,1419,85,12,12,United Kingdom,182.13833333333332,118.25,273,1
16012,39,2,1132.12,551,49,2,2,United Kingdom,566.06,275.5,26,1
16013,9,35,23409.34,8878,27,35,22,United Kingdom,668.8382857142857,253.65714285714284,272,1
16014,62,2,514.38,222,115,2,2,United Kingdom,257.19,111.0,138,1
16016,106,4,791.07,300,99,4,3,United Kingdom,197.7675,75.0,170,1
16018,90,1,161.9,44,15,1,1,United Kingdom,161.9,44.0,0,1
16019,46,7,2952.25,1193,85,7,7,United Kingdom,421.75,170.42857142857142,228,1
16022,170,1,602.63,255,68,1,1,United Kingdom,602.63,255.0,0,0
16023,102,2,500.69,227,59,2,2,United Kingdom,250.345,113.5,74,1
16027,2,6,934.62,1147,11,6,6,United Kingdom,155.77,191.16666666666666,210,0
16029,4,51,45987.39,25425,42,51,31,United Kingdom,901.7135294117647,498.52941176470586,279,1
16030,220,1,331.24,283,28,1,1,United Kingdom,331.24,283.0,0,0
16031,2,2,547.9,421,91,2,2,United Kingdom,273.95,210.5,154,0
16033,18,16,5864.55,2149,367,16,14,United Kingdom,366.534375,134.3125,261,1
16034,106,3,437.70000000000005,242,18,3,3,United Kingdom,145.9,80.66666666666667,136,0
16036,173,1,188.73000000000002,127,11,1,1,United Kingdom,188.73000000000002,127.0,0,1
16037,180,3,855.02,428,37,3,3,United Kingdom,285.00666666666666,142.66666666666666,88,0
16038,87,2,393.33,229,23,2,2,United Kingdom,196.665,114.5,24,1
16040,58,2,876.1800000000001,509,42,2,2,United Kingdom,438.09000000000003,254.5,120,1
16041,51,2,2739.8,1044,5,2,1,United Kingdom,1369.9,522.0,0,1
16042,18,2,440.48,260,26,2,2,United Kingdom,220.24,130.0,224,1
16043,121,3,676.49,342,22,3,3,United Kingdom,225.49666666666667,114.0,106,1
16045,30,4,1340.7,897,71,4,4,United Kingdom,335.175,224.25,170,0
16048,283,2,256.44,144,8,2,1,United Kingdom,128.22,72.0,0,0
16050,84,1,137.9,278,10,1,1,United Kingdom,137.9,278.0,0,0
16053,32,1,1124.19,1003,62,1,1,United Kingdom,1124.19,1003.0,0,1
16054,55,1,783.9,380,70,1,1,United Kingdom,783.9,380.0,0,0
16055,131,1,134.8,22,8,1,1,United Kingdom,134.8,22.0,0,0
16057,6,6,1544.23,620,79,6,3,United Kingdom,257.37166666666667,103.33333333333333,188,1
16059,74,4,944.6,390,99,4,4,United Kingdom,236.15,97.5,204,1
16062,44,3,778.14,650,37,3,3,United Kingdom,259.38,216.66666666666666,231,1
16063,170,1,335.32,262,23,1,1,United Kingdom,335.32,262.0,0,0
16065,275,1,367.14,228,71,1,1,United Kingdom,367.14,228.0,0,0
16066,34,1,316.38,186,6,1,1,United Kingdom,316.38,186.0,0,1
16072,198,1,584.3199999999999,140,23,1,1,United Kingdom,584.3199999999999,140.0,0,0
16073,207,1,122.4,48,1,1,1,United Kingdom,122.4,48.0,0,0
16076,3,5,1357.98,1012,69,5,4,United Kingdom,271.596,202.4,115,1
16078,194,1,79.2,16,1,1,1,United Kingdom,79.2,16.0,0,0
16080,184,1,130.26,66,5,1,1,United Kingdom,130.26,66.0,0,1
16081,95,3,992.37,476,57,3,3,United Kingdom,330.79,158.66666666666666,181,1
16083,11,2,1317.62,908,31,2,2,United Kingdom,658.81,454.0,259,0
16084,209,1,436.18,216,38,1,1,United Kingdom,436.18,216.0,0,0
16085,147,2,325.04,224,48,2,2,United Kingdom,162.52,112.0,84,1
16086,8,4,899.7,388,21,4,4,United Kingdom,224.925,97.0,268,1
16091,65,2,315.06,154,16,2,2,United Kingdom,157.53,77.0,43,0
16092,25,3,817.86,628,37,3,3,United Kingdom,272.62,209.33333333333334,139,0
16093,17,1,17.0,20,1,1,1,United Kingdom,17.0,20.0,0,0
16094,129,1,252.1,164,16,1,1,United Kingdom,252.1,164.0,0,1
16096,174,1,320.62,155,12,1,1,United Kingdom,320.62,155.0,0,0
16097,150,1,185.04999999999998,87,10,1,1,United Kingdom,185.04999999999998,87.0,0,0
16098,38,6,1712.49,501,31,6,6,United Kingdom,285.415,83.5,245,1
16099,48,2,592.1,362,26,2,2,United Kingdom,296.05,181.0,88,1
16102,9,2,1392.84,776,41,2,2,United Kingdom,696.42,388.0,29,1
16103,68,4,1156.4,388,24,4,4,United Kingdom,289.1,97.0,75,1
16105,159,1,336.96,330,13,1,1,United Kingdom,336.96,330.0,0,0
16107,13,3,1494.1200000000001,500,16,3,3,United Kingdom,498.04,166.66666666666666,79,1
16109,129,2,611.88,612,18,2,2,United Kingdom,305.94,306.0,89,0
16110,172,2,678.18,342,173,2,2,United Kingdom,339.09,171.0,48,1
16112,53,4,195.74,574,15,4,4,United Kingdom,48.935,143.5,195,0
16113,93,1,161.38,176,30,1,1,United Kingdom,161.38,176.0,0,0
16114,81,1,135.75000000000003,43,8,1,1,United Kingdom,135.75000000000003,43.0,0,0
16115,27,5,924.59,592,125,5,5,United Kingdom,184.918,118.4,175,1
16116,122,1,612.78,248,34,1,1,United Kingdom,612.78,248.0,0,0
16117,100,1,232.21,130,30,1,1,United Kingdom,232.21,130.0,0,0
16121,126,1,285.94,139,60,1,1,United Kingdom,285.94,139.0,0,1
16122,23,3,550.26,912,24,3,3,United Kingdom,183.42,304.0,253,1
16124,227,1,249.0,48,11,1,1,United Kingdom,249.0,48.0,0,0
16125,277,1,289.35,124,13,1,1,United Kingdom,289.35,124.0,0,0
16126,12,3,3706.7,1084,41,3,3,United Kingdom,1235.5666666666666,361.3333333333333,194,1
16128,54,2,694.7,366,34,2,2,United Kingdom,347.35,183.0,138,1
16131,26,4,2278.5,1244,46,4,3,United Kingdom,569.625,311.0,124,1
16133,11,23,10619.27,6223,139,23,20,United Kingdom,461.7073913043478,270.5652173913044,216,1
16134,269,1,283.53000000000003,158,16,1,1,United Kingdom,283.53000000000003,158.0,0,1
16135,173,1,517.55,209,21,1,1,United Kingdom,517.55,209.0,0,0
16136,188,1,159.3,66,8,1,1,United Kingdom,159.3,66.0,0,1
16139,22,2,306.37,155,13,2,2,United Kingdom,153.185,77.5,94,1
16140,281,1,124.14,104,7,1,1,United Kingdom,124.14,104.0,0,1
16142,160,1,535.34,422,37,1,1,United Kingdom,535.34,422.0,0,0
16143,18,5,1949.3600000000001,715,70,5,5,United Kingdom,389.872,143.0,261,1
16144,157,1,175.2,16,1,1,1,United Kingdom,175.2,16.0,0,0
16145,10,8,2600.31,2248,102,8,8,United Kingdom,325.03875,281.0,260,1
16146,67,3,734.13,427,26,3,3,United Kingdom,244.71,142.33333333333334,74,0
16147,44,1,375.0,246,22,1,1,United Kingdom,375.0,246.0,0,0
16148,206,1,76.32000000000001,72,1,1,1,United Kingdom,76.32000000000001,72.0,0,0
16149,52,1,163.68,168,11,1,1,United Kingdom,163.68,168.0,0,1
16150,39,3,1408.7,774,66,3,3,United Kingdom,469.56666666666666,258.0,243,1
16152,179,1,1829.04,642,29,1,1,United Kingdom,1829.04,642.0,0,0
16153,26,4,1023.54,530,50,4,4,United Kingdom,255.885,132.5,239,1
16156,62,5,1415.17,654,62,5,5,United Kingdom,283.034,130.8,158,1
16159,192,1,348.2,236,14,1,1,United Kingdom,348.2,236.0,0,0
16161,50,12,3036.66,1475,172,12,12,United Kingdom,253.05499999999998,122.91666666666667,228,1
16162,162,1,37.4,4,2,1,1,United Kingdom,37.4,4.0,0,0
16163,142,2,856.6,192,5,2,2,United Kingdom,428.3,96.0,132,0
16168,5,18,2632.12,1392,42,18,17,United Kingdom,146.2288888888889,77.33333333333333,275,1
16170,23,5,1560.66,1483,91,5,5,United Kingdom,312.132,296.6,135,1
16172,5,5,1140.21,787,52,5,4,United Kingdom,228.042,157.4,146,0
16173,2,2,635.05,242,39,2,2,United Kingdom,317.525,121.0,6,1
16174,36,3,1009.55,651,19,3,3,United Kingdom,336.51666666666665,217.0,25,0
16175,4,4,1037.5900000000001,533,45,4,4,United Kingdom,259.39750000000004,133.25,145,0
16178,48,1,197.9,94,8,1,1,United Kingdom,197.9,94.0,0,0
16180,10,8,10254.18,5867,90,8,7,United Kingdom,1281.7725,733.375,152,0
16182,40,3,4844.0,2800,8,3,3,United Kingdom,1614.6666666666667,933.3333333333334,164,1
16184,16,5,985.8000000000001,470,22,5,5,United Kingdom,197.16000000000003,94.0,105,1
16185,143,1,335.0,153,19,1,1,United Kingdom,335.0,153.0,0,1
16186,13,9,2696.5299999999997,2242,67,9,7,United Kingdom,299.6144444444444,249.11111111111111,268,1
16187,9,12,5395.7,3925,140,12,8,United Kingdom,449.64166666666665,327.0833333333333,185,1
16188,51,3,755.03,645,51,3,3,United Kingdom,251.67666666666665,215.0,101,1
16191,173,8,2615.68,1612,25,8,5,United Kingdom,326.96,201.5,97,1
16193,147,1,314.45,219,19,1,1,United Kingdom,314.45,219.0,0,0
16200,74,1,550.57,231,58,1,1,United Kingdom,550.57,231.0,0,1
16201,20,1,303.8,208,19,1,1,United Kingdom,303.8,208.0,0,1
16202,271,1,365.27,191,18,1,1,United Kingdom,365.27,191.0,0,0
16203,58,3,378.3,158,19,3,3,United Kingdom,126.10000000000001,52.666666666666664,224,1
16205,90,1,105.75,60,26,1,1,United Kingdom,105.75,60.0,0,1
16206,35,3,409.86,203,48,3,3,United Kingdom,136.62,67.66666666666667,202,1
16208,199,1,497.59000000000003,243,40,1,1,United Kingdom,497.59000000000003,243.0,0,1
16209,29,4,2116.9,1103,35,4,4,United Kingdom,529.225,275.75,127,1
16210,9,10,11238.960000000001,4380,46,10,9,United Kingdom,1123.8960000000002,438.0,275,1
16212,193,1,498.15000000000003,151,30,1,1,United Kingdom,498.15000000000003,151.0,0,1
16214,81,3,1062.75,420,36,3,3,United Kingdom,354.25,140.0,98,0
16216,177,1,914.9300000000001,254,37,1,1,United Kingdom,914.9300000000001,254.0,0,0
16217,145,2,304.25,91,13,2,2,United Kingdom,152.125,45.5,46,0
16218,25,6,2635.48,1752,51,6,5,United Kingdom,439.24666666666667,292.0,258,1
16221,186,2,315.37,267,29,2,2,United Kingdom,157.685,133.5,91,1
16222,228,1,773.55,325,120,1,1,United Kingdom,773.55,325.0,0,0
16224,51,3,865.88,798,63,3,3,United Kingdom,288.62666666666667,266.0,108,1
16225,60,4,953.64,451,108,4,3,United Kingdom,238.41,112.75,128,1
16226,113,3,255.12,192,6,3,3,United Kingdom,85.04,64.0,32,0
16227,135,1,314.22,90,6,1,1,United Kingdom,314.22,90.0,0,0
16229,123,1,358.2,92,12,1,1,United Kingdom,358.2,92.0,0,1
16230,100,2,542.03,365,32,2,2,United Kingdom,271.015,182.5,30,0
16232,53,3,725.04,438,23,3,2,United Kingdom,241.67999999999998,146.0,71,1
16233,240,2,326.5,90,9,2,2,United Kingdom,163.25,45.0,36,1
16235,97,3,665.29,251,34,3,3,United Kingdom,221.76333333333332,83.66666666666667,145,1
16239,100,1,347.9,182,15,1,1,United Kingdom,347.9,182.0,0,1
16241,6,10,1778.43,951,273,10,9,United Kingdom,177.84300000000002,95.1,273,1
16242,75,3,846.59,375,60,3,3,United Kingdom,282.19666666666666,125.0,111,1
16244,122,2,1522.75,855,88,2,2,United Kingdom,761.375,427.5,160,0
16245,32,2,769.7,430,49,2,2,United Kingdom,384.85,215.0,135,1
16247,80,1,114.56,182,16,1,1,United Kingdom,114.56,182.0,0,0
16249,23,4,1440.77,762,48,4,4,United Kingdom,360.1925,190.5,126,1
16250,171,2,389.44,208,22,2,2,United Kingdom,194.72,104.0,112,0
16253,165,1,1700.4,1340,53,1,1,United Kingdom,1700.4,1340.0,0,1
16255,6,7,2182.79,1461,132,7,7,United Kingdom,311.82714285714286,208.71428571428572,269,1
16256,177,1,752.4300000000001,581,13,1,1,United Kingdom,752.4300000000001,581.0,0,0
16257,87,1,21.95,1,1,1,1,United Kingdom,21.95,1.0,0,0
16258,37,4,3741.0600000000004,2345,72,4,4,United Kingdom,935.2650000000001,586.25,92,1
16261,23,2,409.99,194,66,2,2,United Kingdom,204.995,97.0,132,1
16265,21,7,3962.02,1869,131,7,6,United Kingdom,566.0028571428571,267.0,254,1
16266,26,6,761.12,353,37,6,5,United Kingdom,126.85333333333334,58.833333333333336,90,1
16270,263,1,1141.24,688,54,1,1,United Kingdom,1141.24,688.0,0,0
16271,36,3,868.4300000000001,672,51,3,3,United Kingdom,289.4766666666667,224.0,232,1
16272,27,1,411.7,224,25,1,1,United Kingdom,411.7,224.0,0,0
16274,283,1,331.55,151,63,1,1,United Kingdom,331.55,151.0,0,0
16275,107,1,559.87,336,33,1,1,United Kingdom,559.87,336.0,0,0
16276,87,1,810.6,420,6,1,1,United Kingdom,810.6,420.0,0,0
16278,10,1,566.38,114,23,1,1,United Kingdom,566.38,114.0,0,0
16279,87,1,359.08000000000004,156,16,1,1,United Kingdom,359.08000000000004,156.0,0,1
16282,250,1,168.3,114,11,1,1,United Kingdom,168.3,114.0,0,0
16283,31,3,584.65,439,58,3,3,United Kingdom,194.88333333333333,146.33333333333334,87,1
16287,80,1,142.5,298,8,1,1,United Kingdom,142.5,298.0,0,0
16292,32,1,302.25,191,17,1,1,United Kingdom,302.25,191.0,0,0
16293,2,6,1454.3300000000002,643,74,6,4,United Kingdom,242.38833333333335,107.16666666666667,275,1
16297,179,1,301.9,206,20,1,1,United Kingdom,301.9,206.0,0,0
16298,97,1,114.30000000000001,50,7,1,1,United Kingdom,114.30000000000001,50.0,0,1
16302,37,1,233.22,158,11,1,1,United Kingdom,233.22,158.0,0,0
16303,26,2,4036.33,2025,112,2,2,United Kingdom,2018.165,1012.5,217,1
16305,49,1,361.22,256,22,1,1,United Kingdom,361.22,256.0,0,0
16306,124,6,632.27,487,36,6,6,United Kingdom,105.37833333333333,81.16666666666667,153,0
16308,18,3,1600.0,5000,1,3,3,United Kingdom,533.3333333333334,1666.6666666666667,153,1
16309,16,2,706.57,467,39,2,2,United Kingdom,353.285,233.5,134,0
16315,241,1,226.37,75,14,1,1,United Kingdom,226.37,75.0,0,0
16316,67,7,2212.81,1185,103,7,6,United Kingdom,316.11571428571426,169.28571428571428,201,1
16317,30,3,1341.65,890,64,3,3,United Kingdom,447.2166666666667,296.6666666666667,177,0
16319,128,1,404.40000000000003,72,3,1,1,United Kingdom,404.40000000000003,72.0,0,0
16320,82,2,1038.46,732,56,2,2,Unspecified,519.23,366.0,40,0
16321,215,3,223.65,63,5,3,2,Australia,74.55,21.0,18,1
16323,106,1,207.50000000000003,50,1,1,1,United Kingdom,207.50000000000003,50.0,0,0
16324,38,3,408.59000000000003,270,100,3,2,United Kingdom,136.1966666666667,90.0,48,0
16325,65,2,416.02000000000004,120,11,2,2,United Kingdom,208.01000000000002,60.0,90,1
16326,7,8,1524.67,317,92,8,7,United Kingdom,190.58375,39.625,238,1
16327,109,4,2439.04,1582,118,4,4,United Kingdom,609.76,395.5,170,1
16330,22,2,48.96,23,17,2,1,United Kingdom,24.48,11.5,0,1
16332,40,3,651.77,269,43,3,3,United Kingdom,217.25666666666666,89.66666666666667,174,1
16333,9,18,15619.6,24352,8,18,10,United Kingdom,867.7555555555556,1352.888888888889,210,1
16338,67,1,214.8,94,11,1,1,United Kingdom,214.8,94.0,0,0
16339,194,1,94.05,21,17,1,1,United Kingdom,94.05,21.0,0,0
16340,17,1,534.31,486,124,1,1,United Kingdom,534.31,486.0,0,0
16341,111,1,797.65,534,29,1,1,United Kingdom,797.65,534.0,0,1
16342,18,3,283.71000000000004,145,10,3,3,United Kingdom,94.57000000000001,48.333333333333336,71,1
16344,68,1,101.10000000000001,18,1,1,1,United Kingdom,101.10000000000001,18.0,0,0
16348,38,4,735.95,394,115,4,3,United Kingdom,183.9875,98.5,111,1
16349,201,1,53.5,9,9,1,1,United Kingdom,53.5,9.0,0,0
16350,244,1,376.7,196,22,1,1,United Kingdom,376.7,196.0,0,1
16351,243,1,153.9,90,8,1,1,United Kingdom,153.9,90.0,0,0
16353,2,14,3467.81,1260,46,14,13,United Kingdom,247.70071428571427,90.0,278,1
16356,108,3,211.77,93,20,3,3,United Kingdom,70.59,31.0,79,0
16357,72,2,257.95,55,9,2,2,United Kingdom,128.975,27.5,51,1
16358,94,1,462.15000000000003,221,22,1,1,United Kingdom,462.15000000000003,221.0,0,1
16359,5,7,1411.23,876,38,7,7,United Kingdom,201.6042857142857,125.14285714285714,237,1
16362,1,3,360.65,145,34,3,1,United Kingdom,120.21666666666665,48.333333333333336,0,1
16364,47,1,346.3,114,28,1,1,United Kingdom,346.3,114.0,0,1
16365,33,7,862.56,325,34,7,6,United Kingdom,123.22285714285714,46.42857142857143,243,1
16367,273,1,167.09,87,33,1,1,United Kingdom,167.09,87.0,0,1
16369,107,1,354.45,199,15,1,1,United Kingdom,354.45,199.0,0,1
16370,27,3,944.49,519,133,3,3,United Kingdom,314.83,173.0,107,1
16374,172,1,154.2,51,26,1,1,United Kingdom,154.2,51.0,0,1
16377,177,1,676.2,1500,5,1,1,United Kingdom,676.2,1500.0,0,0
16378,157,3,362.95,267,22,3,3,United Kingdom,120.98333333333333,89.0,63,0
16383,178,1,309.46,298,48,1,1,United Kingdom,309.46,298.0,0,1
16384,174,1,409.1,200,24,1,1,United Kingdom,409.1,200.0,0,1
16385,68,2,273.82,152,36,2,2,United Kingdom,136.91,76.0,208,1
16386,164,1,61.10000000000001,26,4,1,1,United Kingdom,61.10000000000001,26.0,0,1
16387,233,1,94.36,44,4,1,1,United Kingdom,94.36,44.0,0,0
16389,115,2,670.1700000000001,307,16,2,2,United Kingdom,335.08500000000004,153.5,77,1
16392,180,1,217.89000000000001,201,41,1,1,United Kingdom,217.89000000000001,201.0,0,0
16393,4,9,1761.97,1013,96,9,9,United Kingdom,195.77444444444444,112.55555555555556,274,1
16394,81,3,933.1,1404,49,3,3,United Kingdom,311.03333333333336,468.0,118,1
16395,78,3,964.3,896,87,3,3,United Kingdom,321.43333333333334,298.6666666666667,162,1
16398,64,2,1705.8,758,75,2,2,United Kingdom,852.9,379.0,99,0
16399,145,1,176.60999999999999,141,30,1,1,United Kingdom,176.60999999999999,141.0,0,1
16400,5,1,303.93,172,28,1,1,United Kingdom,303.93,172.0,0,0
16401,42,7,2455.42,2320,52,7,7,United Kingdom,350.7742857142857,331.42857142857144,196,1
16402,175,2,293.45,146,55,2,2,United Kingdom,146.725,73.0,104,0
16403,222,1,177.5,114,10,1,1,United Kingdom,177.5,114.0,0,0
16405,212,2,167.25,187,3,2,2,United Kingdom,83.625,93.5,7,0
16407,20,8,1482.3700000000001,746,76,8,7,United Kingdom,185.29625000000001,93.25,201,1
16409,60,3,1033.3700000000001,675,106,3,3,United Kingdom,344.4566666666667,225.0,167,1
16411,279,1,128.55,69,19,1,1,United Kingdom,128.55,69.0,0,1
16414,190,1,50.8,16,3,1,1,United Kingdom,50.8,16.0,0,1
16418,3,2,368.36,174,44,2,2,United Kingdom,184.18,87.0,133,1
16419,23,6,958.71,428,36,6,5,United Kingdom,159.785,71.33333333333333,199,0
16422,10,39,29117.7,27606,68,39,37,United Kingdom,746.6076923076923,707.8461538461538,269,1
16424,101,1,133.56,88,5,1,1,United Kingdom,133.56,88.0,0,0
16425,212,1,302.7,199,21,1,1,United Kingdom,302.7,199.0,0,0
16426,3,4,689.83,414,64,4,2,United Kingdom,172.4575,103.5,183,1
16427,173,2,241.06,156,8,2,2,United Kingdom,120.53,78.0,21,0
16429,16,1,284.55,9,2,1,1,United Kingdom,284.55,9.0,0,0
16431,123,3,623.28,442,51,3,2,United Kingdom,207.76,147.33333333333334,84,0
16434,6,4,898.84,442,49,4,4,United Kingdom,224.71,110.5,203,1
16440,125,1,272.46,115,35,1,1,United Kingdom,272.46,115.0,0,1
16441,201,1,211.0,110,12,1,1,United Kingdom,211.0,110.0,0,1
16442,138,2,432.43,352,99,2,2,United Kingdom,216.215,176.0,133,1
16444,5,3,541.4,337,58,3,3,United Kingdom,180.46666666666667,112.33333333333333,169,1
16446,116,1,2.9,2,2,1,1,United Kingdom,2.9,2.0,0,1
16447,46,1,255.91,221,34,1,1,United Kingdom,255.91,221.0,0,0
16448,108,1,182.99,76,19,1,1,United Kingdom,182.99,76.0,0,0
16449,108,2,707.69,367,40,2,2,United Kingdom,353.845,183.5,82,0
16450,60,1,311.92,200,11,1,1,United Kingdom,311.92,200.0,0,0
16455,5,6,1323.38,756,48,6,5,United Kingdom,220.56333333333336,126.0,276,1
16456,9,5,2158.18,1147,80,5,5,United Kingdom,431.63599999999997,229.4,273,0
16457,128,1,208.36,140,9,1,1,United Kingdom,208.36,140.0,0,0
16458,16,11,2151.5,1360,43,11,11,United Kingdom,195.5909090909091,123.63636363636364,254,1
16461,88,1,142.92,48,31,1,1,United Kingdom,142.92,48.0,0,0
16462,96,2,68.0,8,1,2,2,United Kingdom,34.0,4.0,98,1
16463,114,1,319.37,179,19,1,1,United Kingdom,319.37,179.0,0,1
16464,52,1,380.33,310,88,1,1,United Kingdom,380.33,310.0,0,1
16466,13,5,999.63,529,68,5,5,United Kingdom,199.926,105.8,189,1
16469,156,2,268.3,111,52,2,1,United Kingdom,134.15,55.5,0,1
16470,26,3,539.13,358,83,3,3,United Kingdom,179.71,119.33333333333333,242,1
16471,185,1,223.95000000000002,141,13,1,1,United Kingdom,223.95000000000002,141.0,0,0
16473,75,3,316.11,196,18,3,3,United Kingdom,105.37,65.33333333333333,171,0
16474,55,1,341.35,193,82,1,1,United Kingdom,341.35,193.0,0,1
16475,54,3,459.3,318,22,3,3,United Kingdom,153.1,106.0,130,1
16477,42,6,1999.26,1099,96,6,6,United Kingdom,333.21,183.16666666666666,239,1
16483,102,1,139.35,44,19,1,1,United Kingdom,139.35,44.0,0,0
16484,84,2,404.3,200,25,2,2,United Kingdom,202.15,100.0,17,0
16488,25,2,354.57,619,22,2,2,United Kingdom,177.285,309.5,33,1
16493,83,3,782.29,706,25,3,3,United Kingdom,260.7633333333333,235.33333333333334,156,1
16494,207,1,826.53,675,47,1,1,United Kingdom,826.53,675.0,0,0
16495,186,2,246.51,166,32,2,1,United Kingdom,123.255,83.0,0,1
16496,118,2,1185.04,784,71,2,2,United Kingdom,592.52,392.0,109,1
16497,113,5,1550.7,789,82,5,4,United Kingdom,310.14,157.8,130,1
16498,71,2,100.97,45,15,2,2,United Kingdom,50.485,22.5,0,0
16499,270,2,365.45,127,18,2,2,United Kingdom,182.725,63.5,4,0
16500,241,1,165.0,1,1,1,1,United Kingdom,165.0,1.0,0,1
16503,17,4,1431.93,569,71,4,4,United Kingdom,357.9825,142.25,253,0
16509,207,1,363.70000000000005,64,13,1,1,United Kingdom,363.70000000000005,64.0,0,0
16510,282,1,248.1,92,13,1,1,United Kingdom,248.1,92.0,0,0
16511,55,2,563.7,263,82,2,2,United Kingdom,281.85,131.5,121,1
16515,2,4,1247.3600000000001,688,79,4,4,United Kingdom,311.84000000000003,172.0,219,1
16517,187,1,162.70000000000002,96,17,1,1,United Kingdom,162.70000000000002,96.0,0,0
16518,194,1,190.7,124,11,1,1,United Kingdom,190.7,124.0,0,1
16519,275,1,103.7,24,5,1,1,United Kingdom,103.7,24.0,0,1
16520,96,3,1046.57,558,129,3,3,United Kingdom,348.8566666666666,186.0,179,0
16523,6,13,5245.95,2325,88,13,11,United Kingdom,403.5346153846154,178.84615384615384,219,1
16525,9,21,10372.35,5825,67,21,21,United Kingdom,493.9214285714286,277.3809523809524,267,1
16526,82,1,290.36,106,15,1,1,United Kingdom,290.36,106.0,0,0
16529,100,1,455.25,198,30,1,1,United Kingdom,455.25,198.0,0,0
16531,37,4,684.53,567,41,4,4,United Kingdom,171.1325,141.75,233,1
16532,46,2,4516.8,1536,2,2,2,United Kingdom,2258.4,768.0,202,1
16536,20,1,548.12,250,49,1,1,United Kingdom,548.12,250.0,0,0
16539,130,3,1053.61,421,34,3,3,United Kingdom,351.2033333333333,140.33333333333334,153,1
16545,75,1,339.3,78,3,1,1,United Kingdom,339.3,78.0,0,0
16546,201,2,787.15,549,25,2,2,United Kingdom,393.575,274.5,81,0
16549,34,2,780.36,513,131,2,2,United Kingdom,390.18,256.5,210,1
16550,19,5,2298.97,1540,162,5,5,United Kingdom,459.794,308.0,259,0
16551,6,3,922.12,970,26,3,3,United Kingdom,307.37333333333333,323.3333333333333,240,0
16552,153,2,379.73,219,17,2,2,United Kingdom,189.865,109.5,130,0
16553,73,12,5719.82,4600,62,12,6,United Kingdom,476.65166666666664,383.3333333333333,197,0
16554,132,2,314.11,129,21,2,2,United Kingdom,157.055,64.5,109,1
16555,20,1,151.98000000000002,90,9,1,1,United Kingdom,151.98000000000002,90.0,0,1
16556,16,6,2556.37,1342,111,6,6,United Kingdom,426.06166666666667,223.66666666666666,254,1
16557,47,1,101.15,13,6,1,1,United Kingdom,101.15,13.0,0,1
16558,2,14,4685.17,3252,171,14,14,United Kingdom,334.65500000000003,232.28571428571428,274,1
16560,268,1,332.18,169,20,1,1,United Kingdom,332.18,169.0,0,1
16565,274,1,173.7,46,3,1,1,United Kingdom,173.7,46.0,0,0
16566,80,3,463.88,216,9,3,3,United Kingdom,154.62666666666667,72.0,122,1
16567,104,2,865.6,996,34,2,2,United Kingdom,432.8,498.0,142,0
16570,37,6,2134.07,1427,52,6,6,United Kingdom,355.67833333333334,237.83333333333334,184,1
16571,86,2,896.79,891,54,2,2,United Kingdom,448.395,445.5,105,1
16572,37,3,1009.6,532,40,3,3,United Kingdom,336.53333333333336,177.33333333333334,148,0
16573,200,1,292.63,111,16,1,1,United Kingdom,292.63,111.0,0,1
16581,93,1,105.84,134,9,1,1,United Kingdom,105.84,134.0,0,0
16582,23,1,313.62,164,6,1,1,United Kingdom,313.62,164.0,0,0
16583,284,1,233.45,111,14,1,1,United Kingdom,233.45,111.0,0,0
16584,164,1,611.94,488,14,1,1,United Kingdom,611.94,488.0,0,1
16586,159,1,463.95,95,8,1,1,United Kingdom,463.95,95.0,0,0
16587,142,1,225.15,71,13,1,1,United Kingdom,225.15,71.0,0,0
16589,17,2,214.68,156,13,2,2,United Kingdom,107.34,78.0,54,1
16592,47,10,2214.33,1785,102,10,5,United Kingdom,221.433,178.5,151,1
16593,100,2,255.5,85,20,2,2,United Kingdom,127.75,42.5,138,1
16596,276,1,120.65,47,6,1,1,United Kingdom,120.65,47.0,0,1
16598,196,1,145.05,73,10,1,1,United Kingdom,145.05,73.0,0,0
16600,163,2,237.46,368,18,2,2,United Kingdom,118.73,184.0,85,1
16603,1,1,296.62,363,23,1,1,United Kingdom,296.62,363.0,0,1
16607,38,10,2267.58,2070,94,10,10,United Kingdom,226.75799999999998,207.0,230,1
16609,45,5,2710.04,1245,103,5,5,United Kingdom,542.008,249.0,117,1
16610,129,1,75.66,66,6,1,1,United Kingdom,75.66,66.0,0,0
16611,96,1,129.49,47,9,1,1,United Kingdom,129.49,47.0,0,0
16612,29,3,870.3000000000001,394,42,3,3,United Kingdom,290.1,131.33333333333334,192,1
16614,93,1,506.19,223,26,1,1,United Kingdom,506.19,223.0,0,0
16616,67,1,210.10000000000002,110,11,1,1,United Kingdom,210.10000000000002,110.0,0,1
16617,146,1,151.85,91,5,1,1,United Kingdom,151.85,91.0,0,0
16618,121,4,1441.29,771,44,4,3,United Kingdom,360.3225,192.75,111,1
16619,174,1,226.21,133,14,1,1,United Kingdom,226.21,133.0,0,0
16620,171,1,95.75999999999999,48,5,1,1,United Kingdom,95.75999999999999,48.0,0,1
16621,58,3,609.41,187,17,3,3,United Kingdom,203.13666666666666,62.333333333333336,130,1
16623,156,1,129.45000000000002,39,5,1,1,United Kingdom,129.45000000000002,39.0,0,0
16624,107,1,426.43,196,21,1,1,United Kingdom,426.43,196.0,0,1
16625,185,1,333.08,164,23,1,1,United Kingdom,333.08,164.0,0,0
16626,23,7,2165.34,1108,74,7,7,United Kingdom,309.3342857142857,158.28571428571428,153,1
16628,17,4,1619.8400000000001,844,64,4,4,United Kingdom,404.96000000000004,211.0,128,1
16629,6,1,227.68,212,46,1,1,United Kingdom,227.68,212.0,0,1
16633,24,3,1168.26,463,51,3,3,United Kingdom,389.42,154.33333333333334,119,1
16634,133,2,217.9,82,9,2,2,United Kingdom,108.95,41.0,149,0
16637,34,2,530.55,351,29,2,2,United Kingdom,265.275,175.5,102,1
16638,9,9,1550.94,1199,85,9,9,United Kingdom,172.32666666666668,133.22222222222223,269,1
16639,117,2,471.15000000000003,159,19,2,2,United Kingdom,235.57500000000002,79.5,29,1
16641,16,1,231.1,256,12,1,1,United Kingdom,231.1,256.0,0,0
16642,118,1,307.73,131,15,1,1,United Kingdom,307.73,131.0,0,1
16643,156,1,487.51,269,27,1,1,United Kingdom,487.51,269.0,0,0
16644,88,2,833.78,826,62,2,2,United Kingdom,416.89,413.0,34,0
16647,80,2,214.06,146,12,2,2,United Kingdom,107.03,73.0,35,0
16652,20,5,4525.87,2077,53,5,4,United Kingdom,905.174,415.4,163,1
16654,51,4,601.27,282,29,4,4,United Kingdom,150.3175,70.5,227,0
16655,41,3,1867.19,1033,125,3,3,United Kingdom,622.3966666666666,344.3333333333333,200,1
16656,6,11,7116.68,7142,13,11,11,United Kingdom,646.9709090909091,649.2727272727273,268,1
16657,59,2,414.79,597,111,2,2,United Kingdom,207.395,298.5,105,1
16658,278,1,123.24,40,8,1,1,United Kingdom,123.24,40.0,0,0
16659,99,1,39.12,72,2,1,1,United Kingdom,39.12,72.0,0,0
16660,121,2,384.36,228,5,2,2,United Kingdom,192.18,114.0,108,1
16665,272,1,135.4,59,9,1,1,United Kingdom,135.4,59.0,0,0
16667,194,1,200.4,77,20,1,1,United Kingdom,200.4,77.0,0,1
16668,27,5,266.52,258,9,5,5,United Kingdom,53.303999999999995,51.6,167,1
16670,16,8,3239.9700000000003,2152,150,8,7,United Kingdom,404.99625000000003,269.0,252,1
16671,75,1,1382.88,656,3,1,1,United Kingdom,1382.88,656.0,0,1
16672,9,17,6911.84,2474,22,17,15,United Kingdom,406.57882352941175,145.52941176470588,167,1
16674,8,1,115.1,61,33,1,1,United Kingdom,115.1,61.0,0,1
16676,123,3,1098.5,412,58,3,3,United Kingdom,366.1666666666667,137.33333333333334,124,1
16678,9,8,2137.3,1638,76,8,8,United Kingdom,267.1625,204.75,184,1
16679,276,1,129.75,29,3,1,1,United Kingdom,129.75,29.0,0,0
16681,55,4,1332.68,1050,15,4,4,United Kingdom,333.17,262.5,108,1
16682,2,3,810.22,762,15,3,3,United Kingdom,270.0733333333333,254.0,95,1
16684,43,18,33883.5,24485,88,18,10,United Kingdom,1882.4166666666667,1360.2777777777778,224,1
16686,8,6,2399.94,1644,327,6,6,United Kingdom,399.99,274.0,257,1
16690,112,1,86.5,46,5,1,1,United Kingdom,86.5,46.0,0,1
16692,166,2,1126.0,151,1,2,2,United Kingdom,563.0,75.5,32,0
16693,182,1,153.41,50,21,1,1,United Kingdom,153.41,50.0,0,1
16696,45,4,657.9,146,7,4,4,United Kingdom,164.475,36.5,112,0
16697,151,1,112.75,27,20,1,1,United Kingdom,112.75,27.0,0,0
16698,137,2,1998.0,840,4,2,2,United Kingdom,999.0,420.0,26,0
16700,32,10,4095.9500000000003,3240,142,10,10,United Kingdom,409.595,324.0,244,1
16701,40,10,4050.42,4958,80,10,9,United Kingdom,405.04200000000003,495.8,232,1
16705,9,10,9780.35,3926,88,10,6,United Kingdom,978.0350000000001,392.6,259,1
16706,8,2,411.55,220,98,2,2,United Kingdom,205.775,110.0,15,1
16709,110,4,1984.5900000000001,521,42,4,3,United Kingdom,496.14750000000004,130.25,82,1
16710,48,7,1835.08,1385,215,7,7,United Kingdom,262.1542857142857,197.85714285714286,230,1
16711,50,3,909.87,253,9,3,3,United Kingdom,303.29,84.33333333333333,217,1
16712,5,8,2489.81,1157,170,8,7,United Kingdom,311.22625,144.625,181,1
16713,26,11,3970.77,2144,237,11,11,United Kingdom,360.9790909090909,194.9090909090909,250,1
16714,227,2,1114.06,588,76,2,1,United Kingdom,557.03,294.0,0,0
16716,177,2,901.2,120,1,2,2,United Kingdom,450.6,60.0,44,0
16717,6,4,1559.66,756,78,4,4,United Kingdom,389.915,189.0,270,1
16718,279,1,606.0500000000001,407,41,1,1,United Kingdom,606.0500000000001,407.0,0,0
16719,59,5,1283.8799999999999,737,85,5,5,United Kingdom,256.77599999999995,147.4,219,1
16721,172,1,292.47,172,37,1,1,United Kingdom,292.47,172.0,0,0
16722,10,10,3656.58,3724,89,10,10,United Kingdom,365.658,372.4,268,1
16723,1,2,576.4,398,37,2,2,United Kingdom,288.2,199.0,16,0
16725,212,6,756.82,287,109,6,6,United Kingdom,126.13666666666667,47.833333333333336,69,0
16726,106,4,777.16,512,71,4,3,United Kingdom,194.29,128.0,164,1
16727,274,1,256.32,167,41,1,1,United Kingdom,256.32,167.0,0,0
16728,77,3,548.31,320,113,3,3,United Kingdom,182.76999999999998,106.66666666666667,97,1
16729,9,17,5339.95,3985,139,17,15,United Kingdom,314.11470588235295,234.41176470588235,142,1
16730,145,2,480.94,750,35,2,2,United Kingdom,240.47,375.0,84,1
16734,24,2,302.40999999999997,108,27,2,1,United Kingdom,151.20499999999998,54.0,0,1
16735,9,4,1941.15,1326,71,4,3,United Kingdom,485.2875,331.5,235,1
16738,208,1,3.75,3,1,1,1,United Kingdom,3.75,3.0,0,0
16739,87,1,323.0,172,13,1,1,United Kingdom,323.0,172.0,0,0
16743,23,6,1860.9,1666,82,6,5,United Kingdom,310.15000000000003,277.6666666666667,245,1
16744,7,3,399.11,240,74,3,3,United Kingdom,133.03666666666666,80.0,76,1
16745,8,16,6359.1,5771,144,16,16,United Kingdom,397.44375,360.6875,213,1
16746,11,12,4403.53,2575,174,12,11,United Kingdom,366.9608333333333,214.58333333333334,257,1
16748,128,3,910.2,492,27,3,3,United Kingdom,303.40000000000003,164.0,116,1
16750,31,3,416.12,138,44,3,3,United Kingdom,138.70666666666668,46.0,110,1
16752,283,1,207.5,54,9,1,1,United Kingdom,207.5,54.0,0,0
16754,282,1,2002.4,4280,2,1,1,United Kingdom,2002.4,4280.0,0,0
16755,24,3,1475.43,1058,133,3,3,United Kingdom,491.81,352.6666666666667,201,0
16756,125,1,239.4,106,13,1,1,United Kingdom,239.4,106.0,0,0
16757,229,1,106.83000000000001,81,7,1,1,United Kingdom,106.83000000000001,81.0,0,0
16761,7,1,316.62,341,13,1,1,United Kingdom,316.62,341.0,0,0
16762,54,1,314.15000000000003,143,13,1,1,United Kingdom,314.15000000000003,143.0,0,1
16763,109,1,611.8499999999999,319,23,1,1,United Kingdom,611.8499999999999,319.0,0,0
16764,9,4,782.5500000000001,363,110,4,4,United Kingdom,195.63750000000002,90.75,43,1
16765,204,1,34.0,4,1,1,1,United Kingdom,34.0,4.0,0,0
16766,183,2,1145.6,536,17,2,1,United Kingdom,572.8,268.0,0,0
16767,4,7,4820.46,3913,137,7,7,United Kingdom,688.6371428571429,559.0,222,1
16768,14,2,286.49,88,40,2,2,United Kingdom,143.245,44.0,168,1
16769,170,1,361.54,80,33,1,1,United Kingdom,361.54,80.0,0,0
16770,147,4,649.38,365,82,4,4,United Kingdom,162.345,91.25,135,1
16771,185,3,1639.75,1038,153,3,3,United Kingdom,546.5833333333334,346.0,62,1
16774,26,3,542.2,226,20,3,3,United Kingdom,180.73333333333335,75.33333333333333,62,1
16775,32,8,1174.55,283,65,8,8,United Kingdom,146.81875,35.375,244,1
16777,167,1,173.52,48,35,1,1,United Kingdom,173.52,48.0,0,1
16778,184,1,93.18,66,5,1,1,United Kingdom,93.18,66.0,0,1
16779,17,15,6376.7300000000005,3590,130,15,15,United Kingdom,425.11533333333335,239.33333333333334,260,1
16780,10,2,422.24,270,51,2,2,United Kingdom,211.12,135.0,158,0
16781,282,1,311.25,113,17,1,1,United Kingdom,311.25,113.0,0,0
16782,48,9,1630.4,501,89,9,9,United Kingdom,181.15555555555557,55.666666666666664,227,1
16788,33,2,592.74,303,137,2,2,United Kingdom,296.37,151.5,131,0
16791,32,5,779.12,334,110,5,4,United Kingdom,155.824,66.8,209,1
16792,192,2,110.38,44,11,2,1,United Kingdom,55.19,22.0,0,0
16794,18,4,605.03,616,99,4,4,United Kingdom,151.2575,154.0,71,1
16795,275,1,414.88,239,64,1,1,United Kingdom,414.88,239.0,0,0
16801,73,4,1594.23,493,72,4,4,United Kingdom,398.5575,123.25,110,0
16804,180,1,118.05,34,19,1,1,United Kingdom,118.05,34.0,0,1
16805,84,2,460.59000000000003,539,94,2,2,United Kingdom,230.29500000000002,269.5,186,0
16806,13,4,736.21,355,67,4,4,United Kingdom,184.0525,88.75,135,0
16807,53,3,1121.59,778,57,3,3,United Kingdom,373.8633333333333,259.3333333333333,128,0
16808,9,2,288.42,196,21,2,2,United Kingdom,144.21,98.0,175,0
16809,46,3,470.69,371,61,3,3,United Kingdom,156.89666666666668,123.66666666666667,125,1
16810,102,1,309.54,114,15,1,1,United Kingdom,309.54,114.0,0,0
16812,271,1,479.35,81,15,1,1,United Kingdom,479.35,81.0,0,0
16813,7,7,1146.84,1163,200,7,7,United Kingdom,163.8342857142857,166.14285714285714,107,1
16814,19,16,5121.79,2123,109,16,16,United Kingdom,320.111875,132.6875,261,1
16816,13,4,417.06,274,28,4,4,United Kingdom,104.265,68.5,254,0
16817,96,7,1179.43,574,52,7,7,United Kingdom,168.49,82.0,182,1
16818,3,9,2528.4700000000003,1582,132,9,9,United Kingdom,280.9411111111111,175.77777777777777,112,1
16820,6,1,497.61,307,26,1,1,United Kingdom,497.61,307.0,0,0
16823,137,1,358.38,136,34,1,1,United Kingdom,358.38,136.0,0,0
16824,74,1,222.9,134,13,1,1,United Kingdom,222.9,134.0,0,1
16825,96,1,318.7,358,11,1,1,United Kingdom,318.7,358.0,0,1
16828,22,1,113.5,58,7,1,1,United Kingdom,113.5,58.0,0,0
16829,67,1,197.22,99,11,1,1,United Kingdom,197.22,99.0,0,0
16832,94,3,199.15,33,11,3,3,United Kingdom,66.38333333333334,11.0,33,0
16833,170,3,671.2900000000001,306,32,3,2,United Kingdom,223.76333333333335,102.0,74,1
16834,138,1,413.46,358,24,1,1,United Kingdom,413.46,358.0,0,0
16835,38,2,180.85,61,10,2,2,United Kingdom,90.425,30.5,244,0
16836,27,1,91.32000000000001,84,2,1,1,United Kingdom,91.32000000000001,84.0,0,1
16837,68,9,1911.74,727,77,9,7,United Kingdom,212.41555555555556,80.77777777777777,88,1
16838,107,2,588.85,185,24,2,2,United Kingdom,294.425,92.5,90,0
16839,20,22,10869.28,5724,97,22,21,United Kingdom,494.0581818181818,260.1818181818182,259,1
16841,47,5,1561.06,1878,89,5,5,United Kingdom,312.212,375.6,150,1
16842,11,3,1264.19,693,45,3,3,United Kingdom,421.3966666666667,231.0,201,0
16843,4,13,8809.24,9034,188,13,10,United Kingdom,677.6338461538461,694.9230769230769,233,1
16849,97,1,124.57,33,8,1,1,United Kingdom,124.57,33.0,0,0
16850,244,1,332.41,249,19,1,1,United Kingdom,332.41,249.0,0,0
16852,86,1,113.06,51,7,1,1,United Kingdom,113.06,51.0,0,1
16858,279,1,375.69000000000005,91,9,1,1,United Kingdom,375.69000000000005,91.0,0,0
16859,55,2,747.81,827,50,2,2,United Kingdom,373.905,413.5,116,0
16861,68,1,70.80000000000001,24,2,1,1,United Kingdom,70.80000000000001,24.0,0,1
16863,277,1,164.25,105,9,1,1,United Kingdom,164.25,105.0,0,1
16866,51,3,207.74,60,10,3,3,United Kingdom,69.24666666666667,20.0,20,0
16869,76,2,387.68,242,56,2,2,United Kingdom,193.84,121.0,9,1
16871,121,4,2037.82,861,104,4,3,United Kingdom,509.455,215.25,60,1
16872,15,2,464.68000000000006,454,3,2,2,United Kingdom,232.34000000000003,227.0,79,1
16873,37,4,3871.47,2055,97,4,4,United Kingdom,967.8675,513.75,236,1
16875,55,4,1138.2,488,53,4,3,United Kingdom,284.55,122.0,195,1
16877,62,2,188.98,104,46,2,2,United Kingdom,94.49,52.0,56,1
16880,10,6,1093.1200000000001,605,92,6,5,United Kingdom,182.1866666666667,100.83333333333333,89,1
16882,149,2,215.70000000000002,102,15,2,2,United Kingdom,107.85000000000001,51.0,77,1
16883,97,2,272.48,103,33,2,2,United Kingdom,136.24,51.5,184,0
16885,267,1,177.95,35,27,1,1,United Kingdom,177.95,35.0,0,1
16889,105,3,1578.67,925,112,3,3,United Kingdom,526.2233333333334,308.3333333333333,142,0
16891,6,3,515.79,178,111,3,3,United Kingdom,171.92999999999998,59.333333333333336,275,1
16892,94,1,102.97999999999999,77,20,1,1,United Kingdom,102.97999999999999,77.0,0,1
16893,277,1,145.93,62,44,1,1,United Kingdom,145.93,62.0,0,0
16897,209,2,289.78,73,37,2,2,United Kingdom,144.89,36.5,14,0
16898,87,2,313.77,244,99,2,2,United Kingdom,156.885,122.0,191,1
16899,60,3,510.18,225,58,3,3,United Kingdom,170.06,75.0,210,1
16902,26,1,1706.88,629,43,1,1,United Kingdom,1706.88,629.0,0,0
16904,19,13,2929.75,1591,333,13,12,United Kingdom,225.3653846153846,122.38461538461539,258,1
16905,147,3,822.1800000000001,260,44,3,3,United Kingdom,274.06,86.66666666666667,135,1
16906,97,3,392.99,183,33,3,3,United Kingdom,130.99666666666667,61.0,61,1
16907,58,4,658.99,217,74,4,4,United Kingdom,164.7475,54.25,217,1
16910,1,1,111.78,93,52,1,1,United Kingdom,111.78,93.0,0,1
16912,44,7,1538.5800000000002,585,50,7,4,United Kingdom,219.7971428571429,83.57142857142857,188,1
16913,200,1,113.44,82,8,1,1,United Kingdom,113.44,82.0,0,0
16915,37,4,382.39000000000004,59,29,4,4,United Kingdom,95.59750000000001,14.75,156,1
16916,282,1,196.43,102,48,1,1,United Kingdom,196.43,102.0,0,1
16917,187,1,391.52,232,9,1,1,United Kingdom,391.52,232.0,0,0
16918,5,3,822.7,562,78,3,3,United Kingdom,274.23333333333335,187.33333333333334,221,1
16919,66,11,2592.25,1403,141,11,11,United Kingdom,235.6590909090909,127.54545454545455,212,0
16923,9,14,4763.9400000000005,2158,221,14,13,United Kingdom,340.2814285714286,154.14285714285714,263,1
16926,281,1,230.25,35,14,1,1,United Kingdom,230.25,35.0,0,0
16927,26,3,543.05,993,5,3,3,United Kingdom,181.01666666666665,331.0,245,0
16928,4,15,2362.7,1750,65,15,15,United Kingdom,157.51333333333332,116.66666666666667,278,1
16929,38,2,428.88,326,23,2,2,United Kingdom,214.44,163.0,27,1
16931,13,14,2897.33,1967,345,14,14,United Kingdom,206.95214285714286,140.5,266,1
16933,149,1,224.73,127,19,1,1,United Kingdom,224.73,127.0,0,1
16938,90,3,2386.05,2318,205,3,3,United Kingdom,795.35,772.6666666666666,129,1
16940,79,2,1868.3600000000001,1236,162,2,2,United Kingdom,934.1800000000001,618.0,120,1
16942,46,7,1439.44,593,115,7,6,United Kingdom,205.6342857142857,84.71428571428571,91,1
16943,122,3,816.73,145,23,3,3,United Kingdom,272.24333333333334,48.333333333333336,106,0
16945,9,13,3007.06,1921,102,13,9,United Kingdom,231.31230769230768,147.76923076923077,259,1
16947,146,1,406.48,312,21,1,1,United Kingdom,406.48,312.0,0,0
16948,49,3,435.02,1614,15,3,3,United Kingdom,145.00666666666666,538.0,187,0
16949,96,4,893.75,386,32,4,4,United Kingdom,223.4375,96.5,130,1
16950,34,2,778.41,337,26,2,2,United Kingdom,389.205,168.5,242,1
16951,45,3,1277.75,1318,73,3,3,United Kingdom,425.9166666666667,439.3333333333333,169,0
16952,19,2,167.61,92,16,2,1,United Kingdom,83.805,46.0,0,0
16954,35,4,1245.3799999999999,744,34,4,4,United Kingdom,311.34499999999997,186.0,235,1
16955,95,4,518.67,266,18,4,4,United Kingdom,129.6675,66.5,188,0
16957,149,2,416.64,172,15,2,2,United Kingdom,208.32,86.0,42,0
16960,163,1,199.58,92,44,1,1,United Kingdom,199.58,92.0,0,1
16961,26,1,234.17000000000002,125,14,1,1,United Kingdom,234.17000000000002,125.0,0,0
16963,97,1,110.55000000000001,35,7,1,1,United Kingdom,110.55000000000001,35.0,0,0
16965,137,1,192.07,243,25,1,1,United Kingdom,192.07,243.0,0,0
16966,80,4,1486.56,1320,8,4,4,United Kingdom,371.64,330.0,70,1
16967,99,1,319.02,333,21,1,1,United Kingdom,319.02,333.0,0,0
16968,18,1,253.31,98,15,1,1,United Kingdom,253.31,98.0,0,1
16969,44,2,478.96,740,32,2,2,United Kingdom,239.48,370.0,57,1
16976,177,1,251.51999999999998,88,2,1,1,United Kingdom,251.51999999999998,88.0,0,0
16979,58,2,555.65,135,19,2,2,United Kingdom,277.825,67.5,149,1
16980,165,2,1028.46,739,71,2,2,United Kingdom,514.23,369.5,36,0
16983,7,5,1185.35,731,87,5,5,United Kingdom,237.07,146.2,272,1
16984,40,1,3213.19,1594,262,1,1,United Kingdom,3213.19,1594.0,0,1
16985,68,7,3578.54,1287,50,7,5,United Kingdom,511.21999999999997,183.85714285714286,200,1
16987,80,3,629.45,103,29,3,3,United Kingdom,209.8166666666667,34.333333333333336,35,1
16989,8,2,890.7,1086,7,2,2,United Kingdom,445.35,543.0,52,1
16990,129,1,179.0,100,1,1,1,United Kingdom,179.0,100.0,0,0
16992,9,3,972.35,630,57,3,3,United Kingdom,324.1166666666667,210.0,185,1
16996,31,5,1041.78,390,11,5,4,United Kingdom,208.356,78.0,232,1
16997,198,3,702.0,360,7,3,3,United Kingdom,234.0,120.0,37,0
16998,60,4,295.0,76,1,4,3,United Kingdom,73.75,19.0,154,0
17001,2,8,2793.4900000000002,1566,60,8,8,United Kingdom,349.18625000000003,195.75,267,1
17002,126,2,993.52,422,24,2,2,United Kingdom,496.76,211.0,74,1
17004,3,1,905.6,554,25,1,1,United Kingdom,905.6,554.0,0,1
17007,65,5,575.44,346,33,5,4,United Kingdom,115.08800000000001,69.2,202,1
17015,95,1,520.55,546,116,1,1,United Kingdom,520.55,546.0,0,1
17017,72,14,5431.28,4311,81,14,10,United Kingdom,387.9485714285714,307.92857142857144,210,1
17018,236,1,405.0,60,6,1,1,United Kingdom,405.0,60.0,0,1
17019,172,3,995.93,658,114,3,3,United Kingdom,331.97666666666663,219.33333333333334,106,1
17024,9,2,56.25,45,1,2,2,United Kingdom,28.125,22.5,58,1
17025,283,2,160.97,139,5,2,1,United Kingdom,80.485,69.5,0,1
17026,95,2,154.83,97,4,2,2,United Kingdom,77.415,48.5,184,0
17027,89,4,645.23,284,95,4,4,United Kingdom,161.3075,71.0,137,1
17029,21,2,716.0,400,1,2,2,United Kingdom,358.0,200.0,126,0
17031,65,1,225.95,125,13,1,1,United Kingdom,225.95,125.0,0,1
17033,124,2,608.1,190,12,2,2,United Kingdom,304.05,95.0,145,1
17034,198,1,141.79999999999998,98,6,1,1,United Kingdom,141.79999999999998,98.0,0,1
17035,156,2,433.53000000000003,229,27,2,2,United Kingdom,216.76500000000001,114.5,65,0
17040,48,1,449.73,181,15,1,1,United Kingdom,449.73,181.0,0,0
17041,19,2,750.89,539,45,2,2,United Kingdom,375.445,269.5,251,1
17042,31,4,915.02,888,69,4,4,United Kingdom,228.755,222.0,125,1
17043,88,2,324.96999999999997,357,27,2,2,United Kingdom,162.48499999999999,178.5,87,1
17045,23,3,339.44,106,20,3,3,United Kingdom,113.14666666666666,35.333333333333336,134,0
17046,67,1,642.02,510,22,1,1,United Kingdom,642.02,510.0,0,0
17047,115,2,749.4300000000001,352,40,2,1,United Kingdom,374.71500000000003,176.0,0,1
17048,28,3,925.35,485,41,3,3,United Kingdom,308.45,161.66666666666666,213,0
17049,28,5,2606.65,1083,105,5,4,United Kingdom,521.33,216.6,158,1
17050,6,6,3185.64,1595,169,6,6,United Kingdom,530.9399999999999,265.8333333333333,203,0
17051,104,1,240.89,179,40,1,1,United Kingdom,240.89,179.0,0,0
17053,41,1,498.48,122,13,1,1,United Kingdom,498.48,122.0,0,0
17054,48,4,1207.32,739,58,4,4,United Kingdom,301.83,184.75,107,1
17058,109,2,819.6600000000001,455,42,2,2,United Kingdom,409.83000000000004,227.5,40,1
17059,20,4,2237.1,1279,232,4,4,United Kingdom,559.275,319.75,259,1
17060,176,1,234.24,216,5,1,1,United Kingdom,234.24,216.0,0,0
17061,21,10,4658.83,1408,48,10,8,United Kingdom,465.883,140.8,121,1
17062,224,4,528.29,406,51,4,4,United Kingdom,132.0725,101.5,55,0
17063,73,4,671.87,309,35,4,2,United Kingdom,167.9675,77.25,126,1
17064,93,2,457.40000000000003,187,36,2,2,United Kingdom,228.70000000000002,93.5,144,1
17068,5,16,3533.04,1643,88,16,16,United Kingdom,220.815,102.6875,273,1
17069,65,5,1495.79,712,68,5,5,United Kingdom,299.158,142.4,217,1
17070,24,1,304.24,131,62,1,1,United Kingdom,304.24,131.0,0,0
17071,44,6,1402.42,622,65,6,5,United Kingdom,233.73666666666668,103.66666666666667,175,1
17073,19,1,453.79,307,56,1,1,United Kingdom,453.79,307.0,0,1
17075,163,3,696.07,241,49,3,3,United Kingdom,232.02333333333334,80.33333333333333,64,1
17076,184,2,334.2,112,11,2,2,United Kingdom,167.1,56.0,90,1
17080,180,1,76.32000000000001,72,1,1,1,United Kingdom,76.32000000000001,72.0,0,1
17082,228,1,636.94,316,24,1,1,United Kingdom,636.94,316.0,0,1
17083,19,3,1405.78,772,24,3,3,United Kingdom,468.5933333333333,257.3333333333333,194,0
17085,33,5,1562.4,785,115,5,5,United Kingdom,312.48,157.0,239,0
17088,93,2,1399.1100000000001,525,72,2,2,United Kingdom,699.5550000000001,262.5,70,1
17090,8,4,811.77,361,14,4,4,United Kingdom,202.9425,90.25,256,1
17091,8,7,2692.0,1290,108,7,5,United Kingdom,384.57142857142856,184.28571428571428,269,1
17092,36,2,629.32,390,42,2,2,United Kingdom,314.66,195.0,151,1
17094,232,1,302.0,152,14,1,1,United Kingdom,302.0,152.0,0,0
17095,209,2,543.96,234,33,2,2,United Kingdom,271.98,117.0,35,1
17096,53,2,443.94,178,22,2,2,United Kingdom,221.97,89.0,118,1
17097,10,6,639.53,250,103,6,5,Spain,106.58833333333332,41.666666666666664,265,1
17101,88,1,230.58,158,17,1,1,United Kingdom,230.58,158.0,0,1
17102,172,1,25.5,2,1,1,1,United Kingdom,25.5,2.0,0,0
17105,69,2,665.78,693,80,2,2,United Kingdom,332.89,346.5,147,0
17107,65,3,6332.61,2431,179,3,3,United Kingdom,2110.87,810.3333333333334,123,1
17109,142,2,464.59000000000003,248,52,2,1,United Kingdom,232.29500000000002,124.0,0,1
17110,75,1,163.29999999999998,50,12,1,1,United Kingdom,163.29999999999998,50.0,0,0
17114,49,6,601.9399999999999,156,66,6,6,United Kingdom,100.32333333333332,26.0,196,1
17115,93,2,612.82,260,28,2,2,United Kingdom,306.41,130.0,50,1
17117,198,1,116.2,68,9,1,1,United Kingdom,116.2,68.0,0,0
17118,228,1,157.02,154,10,1,1,United Kingdom,157.02,154.0,0,0
17120,143,1,307.46,120,18,1,1,United Kingdom,307.46,120.0,0,0
17122,29,1,138.32,80,7,1,1,United Kingdom,138.32,80.0,0,0
17123,72,1,345.3,246,9,1,1,United Kingdom,345.3,246.0,0,0
17124,95,1,294.24,129,31,1,1,United Kingdom,294.24,129.0,0,0
17126,62,5,989.45,780,187,5,3,United Kingdom,197.89000000000001,156.0,210,0
17128,245,1,157.09,76,14,1,1,United Kingdom,157.09,76.0,0,0
17133,100,3,2478.79,1125,9,3,3,United Kingdom,826.2633333333333,375.0,76,1
17134,17,2,413.2,98,21,2,2,United Kingdom,206.6,49.0,157,0
17135,200,2,500.55,420,19,2,2,United Kingdom,250.275,210.0,82,1
17138,186,1,380.5,126,24,1,1,United Kingdom,380.5,126.0,0,0
17139,33,7,6851.82,3200,208,7,5,United Kingdom,978.8314285714285,457.14285714285717,166,1
17140,157,1,454.12,296,16,1,1,United Kingdom,454.12,296.0,0,0
17142,149,1,579.0,81,15,1,1,United Kingdom,579.0,81.0,0,0
17146,16,3,749.78,212,33,3,3,United Kingdom,249.92666666666665,70.66666666666667,253,0
17147,117,2,973.11,517,42,2,2,United Kingdom,486.555,258.5,105,1
17152,105,3,1689.5,517,9,3,2,United Kingdom,563.1666666666666,172.33333333333334,68,0
17155,88,1,143.3,154,9,1,1,United Kingdom,143.3,154.0,0,1
17157,86,1,161.46,102,8,1,1,United Kingdom,161.46,102.0,0,1
17158,143,2,698.5500000000001,461,36,2,2,United Kingdom,349.27500000000003,230.5,127,1
17159,82,1,528.45,305,30,1,1,United Kingdom,528.45,305.0,0,1
17160,19,5,3001.18,2417,85,5,5,United Kingdom,600.236,483.4,132,1
17162,41,9,1463.66,865,75,9,5,United Kingdom,162.6288888888889,96.11111111111111,174,1
17164,62,3,1270.42,802,53,3,3,United Kingdom,423.47333333333336,267.3333333333333,121,1
17165,194,1,158.68,100,10,1,1,United Kingdom,158.68,100.0,0,0
17166,114,1,127.59,57,10,1,1,United Kingdom,127.59,57.0,0,1
17169,93,1,308.68,102,18,1,1,United Kingdom,308.68,102.0,0,1
17171,199,1,224.91,185,16,1,1,United Kingdom,224.91,185.0,0,0
17173,27,2,961.26,238,13,2,2,United Kingdom,480.63,119.0,14,1
17174,128,1,59.9,41,4,1,1,United Kingdom,59.9,41.0,0,0
17175,51,3,1132.63,644,42,3,3,United Kingdom,377.54333333333335,214.66666666666666,155,1
17176,112,1,306.13,170,15,1,1,United Kingdom,306.13,170.0,0,0
17179,88,3,711.79,290,56,3,3,United Kingdom,237.26333333333332,96.66666666666667,183,0
17180,151,3,552.8,516,77,3,2,United Kingdom,184.26666666666665,172.0,74,1
17181,284,1,155.52,216,2,1,1,United Kingdom,155.52,216.0,0,1
17183,15,1,329.67,141,9,1,1,United Kingdom,329.67,141.0,0,1
17187,137,1,203.95,144,10,1,1,United Kingdom,203.95,144.0,0,0
17188,74,5,1815.09,971,51,5,4,United Kingdom,363.018,194.2,198,1
17189,16,2,383.75,226,52,2,2,United Kingdom,191.875,113.0,253,0
17190,117,1,195.0,1,1,1,1,United Kingdom,195.0,1.0,0,1
17191,5,6,1561.51,859,130,6,4,United Kingdom,260.25166666666667,143.16666666666666,273,1
17193,87,2,448.56,144,4,2,1,United Kingdom,224.28,72.0,0,1
17194,271,1,226.78,112,25,1,1,United Kingdom,226.78,112.0,0,0
17198,275,2,521.66,242,73,2,2,United Kingdom,260.83,121.0,5,1
17204,85,4,1564.56,646,44,4,3,United Kingdom,391.14,161.5,88,0
17211,90,6,1464.89,793,106,6,6,United Kingdom,244.14833333333334,132.16666666666666,189,1
17212,163,1,226.85,147,4,1,1,United Kingdom,226.85,147.0,0,0
17213,51,5,1780.01,758,67,5,5,United Kingdom,356.002,151.6,225,1
17214,159,4,611.97,177,56,4,4,United Kingdom,152.9925,44.25,110,1
17217,144,1,113.5,24,9,1,1,United Kingdom,113.5,24.0,0,0
17218,124,5,943.58,394,85,5,5,United Kingdom,188.716,78.8,154,1
17220,9,10,2288.08,1341,233,10,7,United Kingdom,228.808,134.1,265,1
17223,220,2,381.89,109,42,2,2,United Kingdom,190.945,54.5,58,0
17226,219,1,393.49,406,21,1,1,United Kingdom,393.49,406.0,0,0
17227,83,3,473.75,296,17,3,3,United Kingdom,157.91666666666666,98.66666666666667,195,1
17228,118,4,687.58,611,69,4,4,United Kingdom,171.895,152.75,164,1
17229,6,2,318.76,185,39,2,2,United Kingdom,159.38,92.5,46,0
17230,174,8,3638.41,1651,51,8,4,United Kingdom,454.80125,206.375,95,0
17231,36,7,1905.82,1033,209,7,7,United Kingdom,272.26,147.57142857142858,235,1
17234,93,1,149.89,55,14,1,1,United Kingdom,149.89,55.0,0,0
17235,282,1,341.90000000000003,126,10,1,1,United Kingdom,341.90000000000003,126.0,0,1
17236,89,5,697.73,400,62,5,5,United Kingdom,139.546,80.0,183,1
17238,46,11,1943.57,898,212,11,9,United Kingdom,176.68818181818182,81.63636363636364,235,1
17239,223,1,382.5,150,15,1,1,United Kingdom,382.5,150.0,0,0
17242,18,2,1135.04,611,30,2,2,United Kingdom,567.52,305.5,72,0
17243,3,16,4323.96,1491,126,16,16,United Kingdom,270.2475,93.1875,277,1
17245,115,1,171.45000000000002,75,9,1,1,United Kingdom,171.45000000000002,75.0,0,0
17248,30,1,318.65,213,68,1,1,United Kingdom,318.65,213.0,0,0
17250,171,1,162.65,70,23,1,1,United Kingdom,162.65,70.0,0,1
17251,273,1,269.83,108,37,1,1,United Kingdom,269.83,108.0,0,0
17252,27,2,348.90999999999997,192,86,2,2,United Kingdom,174.45499999999998,96.0,69,0
17255,209,1,108.25999999999999,73,36,1,1,United Kingdom,108.25999999999999,73.0,0,1
17256,17,2,240.0,141,12,2,2,United Kingdom,120.0,70.5,204,0
17259,58,2,581.23,388,104,2,2,United Kingdom,290.615,194.0,220,0
17262,137,4,955.3600000000001,327,7,4,3,United Kingdom,238.84000000000003,81.75,139,1
17263,118,1,63.440000000000005,36,23,1,1,United Kingdom,63.440000000000005,36.0,0,0
17265,49,2,550.01,389,106,2,2,United Kingdom,275.005,194.5,41,0
17266,58,1,113.06,27,17,1,1,United Kingdom,113.06,27.0,0,1
17267,37,2,317.2,158,37,2,1,United Kingdom,158.6,79.0,0,0
17268,18,4,763.64,844,3,4,4,United Kingdom,190.91,211.0,137,0
17272,109,2,1409.44,1161,59,2,2,United Kingdom,704.72,580.5,63,1
17277,138,2,1065.3500000000001,430,67,2,2,United Kingdom,532.6750000000001,215.0,95,0
17278,151,1,246.04000000000002,179,15,1,1,United Kingdom,246.04000000000002,179.0,0,0
17282,40,3,1685.46,1866,79,3,3,United Kingdom,561.82,622.0,169,0
17284,31,5,1489.04,1238,219,5,5,United Kingdom,297.808,247.6,215,1
17287,53,5,702.41,350,61,5,5,United Kingdom,140.482,70.0,229,1
17288,117,5,663.7,662,13,5,5,United Kingdom,132.74,132.4,151,1
17289,90,1,164.45,132,30,1,1,United Kingdom,164.45,132.0,0,1
17291,218,1,550.8000000000001,72,1,1,1,United Kingdom,550.8000000000001,72.0,0,0
17293,29,5,867.03,517,45,5,4,United Kingdom,173.406,103.4,241,1
17298,11,2,498.42,387,30,2,2,United Kingdom,249.21,193.5,23,0
17299,10,2,268.19,280,24,2,2,United Kingdom,134.095,140.0,72,1
17302,33,3,661.61,345,48,3,3,United Kingdom,220.53666666666666,115.0,182,1
17303,271,1,250.04,144,53,1,1,United Kingdom,250.04,144.0,0,0
17306,10,15,6700.06,9258,9,15,12,United Kingdom,446.6706666666667,617.2,253,1
17309,5,1,82.75,41,11,1,1,United Kingdom,82.75,41.0,0,0
17311,227,1,556.46,410,24,1,1,United Kingdom,556.46,410.0,0,1
17312,49,3,644.3,372,11,3,3,United Kingdom,214.76666666666665,124.0,20,0
17314,59,5,1506.92,1018,57,5,5,United Kingdom,301.384,203.6,164,1
17315,10,28,4328.01,2972,231,28,27,United Kingdom,154.5717857142857,106.14285714285714,257,1
17320,10,3,1200.6200000000001,634,57,3,3,United Kingdom,400.2066666666667,211.33333333333334,267,0
17323,35,4,527.55,491,97,4,4,United Kingdom,131.8875,122.75,167,1
17324,242,2,702.23,606,17,2,2,United Kingdom,351.115,303.0,34,1
17325,190,1,96.8,60,6,1,1,United Kingdom,96.8,60.0,0,0
17329,225,1,243.36,67,16,1,1,United Kingdom,243.36,67.0,0,1
17331,34,1,175.2,16,1,1,1,United Kingdom,175.2,16.0,0,0
17334,212,2,307.02000000000004,315,11,2,2,United Kingdom,153.51000000000002,157.5,6,0
17337,61,4,1979.61,1246,420,4,4,United Kingdom,494.9025,311.5,158,0
17338,24,7,5158.88,2327,319,7,7,United Kingdom,736.9828571428571,332.42857142857144,247,1
17339,4,2,243.36,152,9,2,2,United Kingdom,121.68,76.0,270,0
17340,30,7,7593.650000000001,4008,157,7,6,United Kingdom,1084.807142857143,572.5714285714286,245,1
17341,67,3,682.29,443,147,3,2,United Kingdom,227.42999999999998,147.66666666666666,209,0
17343,265,1,193.64,56,17,1,1,United Kingdom,193.64,56.0,0,0
17345,3,3,281.18,177,32,3,2,United Kingdom,93.72666666666667,59.0,103,1
17346,13,8,1228.78,923,170,8,8,United Kingdom,153.5975,115.375,270,1
17348,208,1,160.15,199,36,1,1,United Kingdom,160.15,199.0,0,1
17349,89,1,98.25,102,8,1,1,United Kingdom,98.25,102.0,0,0
17351,79,2,427.3,92,17,2,2,United Kingdom,213.65,46.0,104,1
17353,39,2,1740.0,1200,5,2,2,United Kingdom,870.0,600.0,25,0
17356,222,1,178.22,166,19,1,1,United Kingdom,178.22,166.0,0,0
17358,213,2,360.81,190,55,2,2,United Kingdom,180.405,95.0,52,0
17360,94,1,320.9,164,53,1,1,United Kingdom,320.9,164.0,0,1
17361,96,2,263.92,63,16,2,2,United Kingdom,131.96,31.5,105,1
17362,149,2,312.23,191,30,2,2,United Kingdom,156.115,95.5,70,0
17364,47,6,2617.41,1494,153,6,6,United Kingdom,436.23499999999996,249.0,193,1
17365,80,5,2336.81,2534,172,5,4,United Kingdom,467.36199999999997,506.8,162,1
17367,148,1,167.55,149,33,1,1,United Kingdom,167.55,149.0,0,0
17368,3,6,1605.07,1280,56,6,6,United Kingdom,267.51166666666666,213.33333333333334,244,1
17370,2,2,228.06,218,16,2,2,United Kingdom,114.03,109.0,77,1
17371,271,1,92.14,39,7,1,1,United Kingdom,92.14,39.0,0,1
17372,76,6,1055.63,592,177,6,6,United Kingdom,175.93833333333336,98.66666666666667,196,1
17373,44,2,287.3,200,26,2,2,United Kingdom,143.65,100.0,178,1
17374,129,2,495.77,85,24,2,2,United Kingdom,247.885,42.5,62,0
17375,109,3,400.1,367,63,3,3,United Kingdom,133.36666666666667,122.33333333333333,162,0
17376,221,1,105.85,35,13,1,1,United Kingdom,105.85,35.0,0,1
17377,36,9,2040.34,1082,91,9,9,United Kingdom,226.70444444444445,120.22222222222223,247,1
17381,9,24,18261.65,22851,40,24,17,United Kingdom,760.9020833333334,952.125,273,1
17384,129,1,227.64999999999998,43,3,1,1,United Kingdom,227.64999999999998,43.0,0,1
17386,9,5,1697.3400000000001,1022,8,5,3,United Kingdom,339.468,204.4,66,1
17388,42,3,953.0300000000001,779,12,3,3,United Kingdom,317.6766666666667,259.6666666666667,156,1
17389,6,25,9504.08,1942,37,25,24,United Kingdom,380.1632,77.68,235,1
17391,74,2,508.8,480,2,2,2,United Kingdom,254.4,240.0,0,0
17392,217,2,411.27,275,52,2,2,United Kingdom,205.635,137.5,51,0
17394,129,1,203.86999999999998,241,4,1,1,United Kingdom,203.86999999999998,241.0,0,0
17396,59,5,4783.8,1104,17,5,2,United Kingdom,956.76,220.8,223,1
17398,25,3,653.38,310,30,3,3,United Kingdom,217.79333333333332,103.33333333333333,140,0
17400,36,5,2097.84,1088,175,5,5,United Kingdom,419.56800000000004,217.6,226,0
17402,12,8,1732.45,420,29,8,7,United Kingdom,216.55625,52.5,267,1
17404,38,9,20894.3,21620,91,9,9,Sweden,2321.588888888889,2402.222222222222,232,1
17405,60,1,393.31,334,41,1,1,United Kingdom,393.31,334.0,0,1
17406,243,3,2184.42,780,99,3,2,United Kingdom,728.14,260.0,33,0
17408,73,1,32.65,3,2,1,1,United Kingdom,32.65,3.0,0,0
17409,95,2,771.85,105,13,2,2,United Kingdom,385.925,52.5,63,0
17410,6,2,419.55,149,22,2,2,United Kingdom,209.775,74.5,119,1
17411,171,1,285.58,126,16,1,1,United Kingdom,285.58,126.0,0,1
17412,106,4,709.82,358,30,4,4,United Kingdom,177.455,89.5,175,1
17414,95,1,598.0,1380,5,1,1,United Kingdom,598.0,1380.0,0,1
17416,20,5,5294.49,3283,153,5,5,United Kingdom,1058.898,656.6,171,1
17418,234,1,167.39000000000001,139,12,1,1,United Kingdom,167.39000000000001,139.0,0,1
17419,54,8,2660.0,1213,107,8,7,United Kingdom,332.5,151.625,223,1
17420,81,2,391.51,169,19,2,2,United Kingdom,195.755,84.5,202,1
17422,3,5,1698.97,1749,80,5,5,United Kingdom,339.794,349.8,203,1
17423,128,1,449.42,314,11,1,1,United Kingdom,449.42,314.0,0,1
17426,1,4,4280.59,2541,153,4,3,United Kingdom,1070.1475,635.25,190,1
17428,21,20,10661.09,6739,205,20,15,United Kingdom,533.0545,336.95,258,1
17429,38,3,524.9200000000001,624,36,3,3,United Kingdom,174.97333333333336,208.0,90,0
17430,275,1,112.6,60,5,1,1,United Kingdom,112.6,60.0,0,1
17431,223,1,403.3,292,41,1,1,United Kingdom,403.3,292.0,0,0
17436,137,1,122.4,48,4,1,1,United Kingdom,122.4,48.0,0,1
17438,164,1,388.45000000000005,103,17,1,1,United Kingdom,388.45000000000005,103.0,0,0
17440,67,3,186.42000000000002,246,3,3,2,United Kingdom,62.14000000000001,82.0,90,0
17442,4,5,1921.69,1260,86,5,5,United Kingdom,384.338,252.0,196,1
17443,130,1,534.24,504,1,1,1,Canada,534.24,504.0,0,0
17444,62,2,2389.1,2118,131,2,2,Canada,1194.55,1059.0,21,0
17446,87,2,120.89999999999999,198,6,2,2,United Kingdom,60.449999999999996,99.0,133,0
17449,5,4,1494.55,707,118,4,4,United Kingdom,373.6375,176.75,264,1
17450,5,23,86301.54,32160,107,23,17,United Kingdom,3752.240869565217,1398.2608695652175,272,1
17451,16,1,346.01,267,23,1,1,United Kingdom,346.01,267.0,0,1
17454,102,4,517.53,243,57,4,4,United Kingdom,129.3825,60.75,167,0
17455,114,1,131.7,66,8,1,1,United Kingdom,131.7,66.0,0,0
17456,275,1,249.86,222,17,1,1,United Kingdom,249.86,222.0,0,0
17457,37,5,1737.7,826,14,5,5,United Kingdom,347.54,165.2,212,0
17460,4,6,622.4300000000001,236,18,6,6,United Kingdom,103.73833333333334,39.333333333333336,278,0
17462,194,1,463.40999999999997,155,14,1,1,United Kingdom,463.40999999999997,155.0,0,1
17463,86,3,1227.59,718,103,3,3,United Kingdom,409.19666666666666,239.33333333333334,136,1
17464,68,1,289.96000000000004,220,9,1,1,United Kingdom,289.96000000000004,220.0,0,0
17469,19,3,1050.27,443,44,3,3,United Kingdom,350.09,147.66666666666666,95,1
17470,37,4,816.47,1275,54,4,4,United Kingdom,204.1175,318.75,240,1
17472,101,3,697.54,455,142,3,3,United Kingdom,232.51333333333332,151.66666666666666,108,0
17481,4,1,260.63,149,19,1,1,United Kingdom,260.63,149.0,0,1
17483,44,2,274.74,98,13,2,2,United Kingdom,137.37,49.0,48,1
17486,171,1,396.87,191,24,1,1,United Kingdom,396.87,191.0,0,0
17489,123,1,208.56,232,16,1,1,United Kingdom,208.56,232.0,0,1
17490,87,1,305.2,140,18,1,1,United Kingdom,305.2,140.0,0,1
17491,6,6,2118.11,1247,58,6,6,United Kingdom,353.0183333333334,207.83333333333334,271,1
17492,158,1,374.57,155,12,1,1,United Kingdom,374.57,155.0,0,0
17496,269,1,271.05,79,10,1,1,United Kingdom,271.05,79.0,0,0
17499,200,1,622.88,711,40,1,1,United Kingdom,622.88,711.0,0,0
17501,131,2,288.6,160,18,2,1,United Kingdom,144.3,80.0,0,0
17504,116,9,2997.03,1664,112,9,6,United Kingdom,333.00333333333333,184.88888888888889,116,0
17505,72,2,1145.8400000000001,556,48,2,2,United Kingdom,572.9200000000001,278.0,44,0
17507,172,2,605.58,359,79,2,2,United Kingdom,302.79,179.5,47,0
17508,191,1,387.31,289,22,1,1,Greece,387.31,289.0,0,0
17511,4,21,59375.75,40277,357,21,20,United Kingdom,2827.4166666666665,1917.952380952381,280,1
17512,31,8,1891.9,1834,40,8,8,United Kingdom,236.4875,229.25,180,1
17514,38,1,208.65,135,40,1,1,United Kingdom,208.65,135.0,0,0
17515,116,3,571.37,220,47,3,3,United Kingdom,190.45666666666668,73.33333333333333,111,1
17516,29,4,605.65,373,95,4,3,United Kingdom,151.4125,93.25,166,1
17517,219,1,153.94,102,11,1,1,United Kingdom,153.94,102.0,0,0
17519,44,5,1488.0,1042,50,5,5,United Kingdom,297.6,208.4,234,1
17521,109,1,159.56,116,8,1,1,United Kingdom,159.56,116.0,0,1
17522,49,4,907.69,920,53,4,4,United Kingdom,226.9225,230.0,79,1
17524,271,1,145.0,90,6,1,1,United Kingdom,145.0,90.0,0,0
17525,270,1,422.7,82,9,1,1,United Kingdom,422.7,82.0,0,0
17526,201,3,872.8,140,9,3,3,United Kingdom,290.93333333333334,46.666666666666664,74,1
17527,20,2,606.62,206,25,2,2,United Kingdom,303.31,103.0,108,1
17530,116,6,1360.67,789,215,6,5,United Kingdom,226.77833333333334,131.5,158,1
17531,100,1,296.7,136,14,1,1,United Kingdom,296.7,136.0,0,0
17535,190,1,164.4,136,13,1,1,United Kingdom,164.4,136.0,0,0
17536,87,1,76.5,6,3,1,1,United Kingdom,76.5,6.0,0,0
17537,213,1,620.75,369,60,1,1,United Kingdom,620.75,369.0,0,1
17540,226,1,268.8,64,8,1,1,United Kingdom,268.8,64.0,0,1
17542,180,1,170.75,134,24,1,1,United Kingdom,170.75,134.0,0,0
17548,144,1,103.3,58,5,1,1,United Kingdom,103.3,58.0,0,0
17550,107,3,267.16,86,42,3,2,United Kingdom,89.05333333333334,28.666666666666668,45,0
17551,269,1,290.34,142,39,1,1,United Kingdom,290.34,142.0,0,0
17552,282,2,298.52,144,13,2,1,United Kingdom,149.26,72.0,0,1
17553,40,1,1487.6,1048,2,1,1,United Kingdom,1487.6,1048.0,0,0
17554,33,2,1249.8899999999999,1409,51,2,2,United Kingdom,624.9449999999999,704.5,25,1
17555,245,1,195.45,156,48,1,1,United Kingdom,195.45,156.0,0,1
17556,116,1,157.9,101,6,1,1,United Kingdom,157.9,101.0,0,0
17560,5,4,854.95,635,22,4,4,United Kingdom,213.7375,158.75,215,0
17562,20,4,661.1,601,35,4,4,United Kingdom,165.275,150.25,63,1
17567,3,6,2925.45,1761,83,6,6,United Kingdom,487.575,293.5,279,1
17569,242,1,344.14,159,29,1,1,United Kingdom,344.14,159.0,0,0
17571,56,3,559.55,485,72,3,3,United Kingdom,186.51666666666665,161.66666666666666,152,1
17572,10,3,196.00000000000003,80,7,3,3,United Kingdom,65.33333333333334,26.666666666666668,273,1
17573,4,1,174.71,177,11,1,1,United Kingdom,174.71,177.0,0,1
17574,153,1,185.65,77,8,1,1,United Kingdom,185.65,77.0,0,0
17576,9,14,2266.25,1388,173,14,13,United Kingdom,161.875,99.14285714285714,265,1
17578,128,1,143.45999999999998,138,5,1,1,United Kingdom,143.45999999999998,138.0,0,0
17579,48,2,270.86,130,15,2,2,United Kingdom,135.43,65.0,41,1
17580,163,3,212.77,87,42,3,3,United Kingdom,70.92333333333333,29.0,105,0
17581,20,17,6522.29,3495,181,17,7,United Kingdom,383.66411764705884,205.58823529411765,262,1
17582,146,1,175.27,123,28,1,1,United Kingdom,175.27,123.0,0,0
17584,37,1,749.45,245,16,1,1,United Kingdom,749.45,245.0,0,1
17585,19,4,1116.68,1650,176,4,4,United Kingdom,279.17,412.5,228,0
17588,10,3,1240.2,676,19,3,3,United Kingdom,413.40000000000003,225.33333333333334,132,0
17589,61,3,1843.07,1307,124,3,3,United Kingdom,614.3566666666667,435.6666666666667,89,1
17591,32,6,1840.8700000000001,876,81,6,6,United Kingdom,306.81166666666667,146.0,244,1
17593,2,4,3245.66,2249,149,4,4,United Kingdom,811.415,562.25,260,1
17594,165,1,315.0,220,14,1,1,United Kingdom,315.0,220.0,0,1
17596,46,4,1737.08,2846,112,4,4,United Kingdom,434.27,711.5,232,1
17597,124,1,2044.3700000000001,1176,55,1,1,United Kingdom,2044.3700000000001,1176.0,0,0
17601,149,1,116.00999999999999,103,9,1,1,United Kingdom,116.00999999999999,103.0,0,0
17602,34,2,909.5500000000001,901,108,2,2,United Kingdom,454.77500000000003,450.5,199,1
17604,127,2,309.36,169,57,2,2,United Kingdom,154.68,84.5,94,0
17609,212,2,528.75,265,102,2,2,United Kingdom,264.375,132.5,25,1
17611,34,9,2701.15,1861,389,9,9,United Kingdom,300.1277777777778,206.77777777777777,237,1
17612,5,5,1682.94,1341,95,5,5,United Kingdom,336.588,268.2,202,1
17613,28,9,2976.69,1667,173,9,8,United Kingdom,330.74333333333334,185.22222222222223,188,1
17615,40,3,329.6,140,13,3,3,United Kingdom,109.86666666666667,46.666666666666664,91,0
17616,84,3,571.1999999999999,224,1,3,3,United Kingdom,190.39999999999998,74.66666666666667,194,0
17618,158,2,625.48,235,48,2,2,United Kingdom,312.74,117.5,113,1
17619,222,1,214.37,124,71,1,1,United Kingdom,214.37,124.0,0,0
17621,222,2,901.7800000000001,310,15,2,2,United Kingdom,450.89000000000004,155.0,41,1
17624,128,1,400.3,312,25,1,1,United Kingdom,400.3,312.0,0,1
17625,50,2,1227.13,838,161,2,2,United Kingdom,613.565,419.0,117,1
17629,30,5,798.38,665,66,5,5,United Kingdom,159.676,133.0,239,1
17630,80,2,503.6,158,24,2,2,United Kingdom,251.8,79.0,62,0
17631,47,2,416.5,185,29,2,2,United Kingdom,208.25,92.5,95,1
17633,13,2,648.61,275,30,2,2,United Kingdom,324.305,137.5,17,1
17634,2,7,2077.07,650,177,7,7,United Kingdom,296.7242857142857,92.85714285714286,245,1
17637,25,1,338.95,215,24,1,1,United Kingdom,338.95,215.0,0,1
17639,186,1,108.5,49,7,1,1,United Kingdom,108.5,49.0,0,0
17642,30,2,712.29,474,34,2,2,United Kingdom,356.145,237.0,56,0
17643,283,1,101.55,71,8,1,1,United Kingdom,101.55,71.0,0,0
17644,30,7,1625.63,898,64,7,5,United Kingdom,232.23285714285717,128.28571428571428,140,1
17646,129,3,1008.39,323,46,3,3,United Kingdom,336.13,107.66666666666667,145,0
17648,103,3,1107.39,289,62,3,2,United Kingdom,369.13000000000005,96.33333333333333,57,1
17649,48,1,868.49,399,52,1,1,United Kingdom,868.49,399.0,0,0
17651,66,4,1148.01,682,52,4,3,United Kingdom,287.0025,170.5,21,1
17652,54,6,2713.57,1469,101,6,6,United Kingdom,452.2616666666667,244.83333333333334,136,1
17653,10,2,343.34,687,9,2,2,United Kingdom,171.67,343.5,20,1
17654,187,1,117.55,41,22,1,1,United Kingdom,117.55,41.0,0,0
17655,27,5,1903.33,833,54,5,5,United Kingdom,380.666,166.6,249,1
17656,16,3,927.65,463,35,3,3,United Kingdom,309.21666666666664,154.33333333333334,22,1
17658,121,1,317.6,216,9,1,1,United Kingdom,317.6,216.0,0,1
17659,10,9,1653.03,821,68,9,9,United Kingdom,183.67,91.22222222222223,271,1
17660,51,1,178.75,121,37,1,1,United Kingdom,178.75,121.0,0,0
17663,65,4,1016.53,425,33,4,4,United Kingdom,254.1325,106.25,132,1
17664,122,1,326.19,409,23,1,1,United Kingdom,326.19,409.0,0,1
17667,72,4,1751.01,903,81,4,3,United Kingdom,437.7525,225.75,137,1
17669,32,5,2433.22,1398,38,5,5,United Kingdom,486.64399999999995,279.6,127,1
17670,138,1,205.7,110,11,1,1,United Kingdom,205.7,110.0,0,0
17671,68,3,1098.55,524,38,3,3,United Kingdom,366.18333333333334,174.66666666666666,207,1
17672,219,1,1177.84,643,41,1,1,United Kingdom,1177.84,643.0,0,1
17673,72,4,1175.62,1062,110,4,4,United Kingdom,293.905,265.5,157,1
17674,279,1,300.66,349,11,1,1,United Kingdom,300.66,349.0,0,1
17675,11,23,14074.19,5555,179,23,22,United Kingdom,611.9213043478261,241.52173913043478,266,1
17676,19,4,730.84,468,31,4,4,United Kingdom,182.71,117.0,257,1
17677,10,20,11666.5,7045,125,20,11,United Kingdom,583.325,352.25,268,1
17678,174,1,298.11,207,16,1,1,United Kingdom,298.11,207.0,0,0
17682,25,5,1899.3500000000001,989,39,5,5,United Kingdom,379.87,197.8,253,1
17685,177,5,1512.72,888,39,5,5,United Kingdom,302.544,177.6,105,1
17686,31,5,4589.35,1960,174,5,3,United Kingdom,917.8700000000001,392.0,182,1
17690,12,11,3495.53,1250,144,11,10,United Kingdom,317.7754545454546,113.63636363636364,271,1
17691,268,2,290.40000000000003,134,18,2,2,United Kingdom,145.20000000000002,67.0,10,0
17692,37,4,725.58,624,33,4,4,United Kingdom,181.395,156.0,232,0
17693,47,1,200.47,231,16,1,1,United Kingdom,200.47,231.0,0,0
17694,52,1,283.12,184,15,1,1,United Kingdom,283.12,184.0,0,0
17695,42,2,765.34,779,30,2,2,United Kingdom,382.67,389.5,39,0
17696,18,7,1915.5900000000001,1323,71,7,6,United Kingdom,273.6557142857143,189.0,256,1
17697,146,1,338.95,93,19,1,1,United Kingdom,338.95,93.0,0,0
17698,171,1,154.95,93,8,1,1,United Kingdom,154.95,93.0,0,0
17700,5,3,1681.83,825,78,3,3,United Kingdom,560.61,275.0,186,1
17701,163,1,417.95,109,24,1,1,United Kingdom,417.95,109.0,0,0
17702,19,3,1338.77,1051,46,3,3,United Kingdom,446.25666666666666,350.3333333333333,97,1
17703,19,2,490.96,376,32,2,2,United Kingdom,245.48,188.0,29,1
17704,79,2,885.19,343,27,2,2,United Kingdom,442.595,171.5,71,0
17705,17,6,968.0,551,42,6,6,United Kingdom,161.33333333333334,91.83333333333333,194,1
17706,10,12,8027.5,3049,246,12,9,United Kingdom,668.9583333333334,254.08333333333334,266,1
17707,95,2,152.4,144,3,2,2,United Kingdom,76.2,72.0,151,0
17708,98,2,263.33,90,28,2,2,United Kingdom,131.665,45.0,137,0
17709,80,1,137.45,17,7,1,1,United Kingdom,137.45,17.0,0,0
17711,200,1,220.53000000000003,107,13,1,1,United Kingdom,220.53000000000003,107.0,0,1
17714,231,1,153.0,92,10,1,1,United Kingdom,153.0,92.0,0,0
17715,111,1,326.4,384,1,1,1,United Kingdom,326.4,384.0,0,0
17716,5,7,4136.66,2323,137,7,5,United Kingdom,590.9514285714286,331.85714285714283,173,1
17718,142,1,139.35,83,6,1,1,United Kingdom,139.35,83.0,0,0
17719,16,12,4477.4,2118,100,12,12,United Kingdom,373.1166666666666,176.5,149,1
17720,23,3,887.6,418,32,3,3,United Kingdom,295.8666666666667,139.33333333333334,254,1
17722,6,4,2424.04,1595,111,4,4,United Kingdom,606.01,398.75,270,0
17723,37,6,3276.4000000000005,792,4,6,6,United Kingdom,546.0666666666667,132.0,87,0
17724,48,1,373.1,78,11,1,1,United Kingdom,373.1,78.0,0,1
17725,11,8,2507.12,1610,94,8,8,United Kingdom,313.39,201.25,166,1
17730,16,8,3055.77,2152,86,8,8,United Kingdom,381.97125,269.0,220,1
17731,38,3,963.74,350,38,3,2,United Kingdom,321.24666666666667,116.66666666666667,54,1
17732,283,1,303.97,93,18,1,1,United Kingdom,303.97,93.0,0,0
17733,172,1,216.95000000000002,87,12,1,1,United Kingdom,216.95000000000002,87.0,0,1
17734,47,2,540.21,343,31,2,2,United Kingdom,270.105,171.5,96,1
17735,4,16,11091.24,6817,270,16,15,United Kingdom,693.2025,426.0625,274,1
17736,23,1,307.49,213,23,1,1,United Kingdom,307.49,213.0,0,1
17738,59,3,1571.49,711,72,3,2,United Kingdom,523.83,237.0,133,1
17739,107,3,1070.77,411,16,3,3,United Kingdom,356.92333333333335,137.0,163,1
17742,23,2,355.11,89,13,2,2,United Kingdom,177.555,44.5,219,0
17744,161,4,1288.96,1686,50,4,4,United Kingdom,322.24,421.5,107,1
17746,150,1,110.25,29,6,1,1,United Kingdom,110.25,29.0,0,0
17747,23,1,71.4,12,1,1,1,United Kingdom,71.4,12.0,0,0
17749,88,2,674.52,320,33,2,2,United Kingdom,337.26,160.0,78,0
17750,9,5,1188.21,2565,92,5,5,United Kingdom,237.642,513.0,65,1
17752,269,1,80.64,192,1,1,1,United Kingdom,80.64,192.0,0,0
17754,52,2,575.06,844,38,2,2,United Kingdom,287.53,422.0,118,1
17757,24,20,3304.6,1800,189,20,20,United Kingdom,165.23,90.0,257,1
17758,62,4,1433.25,906,172,4,3,United Kingdom,358.3125,226.5,97,1
17759,79,2,165.9,76,17,2,1,United Kingdom,82.95,38.0,0,1
17760,283,1,172.54,165,9,1,1,United Kingdom,172.54,165.0,0,1
17763,173,1,15.0,12,1,1,1,United Kingdom,15.0,12.0,0,0
17764,121,1,230.67000000000002,113,17,1,1,United Kingdom,230.67000000000002,113.0,0,1
17765,69,3,367.63,143,51,3,3,United Kingdom,122.54333333333334,47.666666666666664,98,0
17768,76,1,385.83000000000004,123,22,1,1,United Kingdom,385.83000000000004,123.0,0,1
17769,49,4,1817.88,1069,129,4,4,United Kingdom,454.47,267.25,181,1
17770,109,5,1143.27,365,33,5,4,United Kingdom,228.654,73.0,83,0
17771,233,1,115.8,110,22,1,1,United Kingdom,115.8,110.0,0,1
17774,7,4,1213.73,508,123,4,4,United Kingdom,303.4325,127.0,208,0
17775,165,1,56.4,72,3,1,1,United Kingdom,56.4,72.0,0,0
17777,10,1,189.8,161,63,1,1,United Kingdom,189.8,161.0,0,1
17779,54,1,323.09,248,34,1,1,United Kingdom,323.09,248.0,0,1
17781,69,2,188.02,34,12,2,2,United Kingdom,94.01,17.0,93,0
17783,158,1,112.41,53,30,1,1,United Kingdom,112.41,53.0,0,1
17786,227,1,103.35,52,24,1,1,United Kingdom,103.35,52.0,0,1
17787,63,4,1817.54,896,94,4,4,United Kingdom,454.385,224.0,218,0
17788,40,1,11.75,2,2,1,1,United Kingdom,11.75,2.0,0,1
17789,191,1,225.9,74,14,1,1,United Kingdom,225.9,74.0,0,0
17790,30,12,1363.51,595,79,12,10,United Kingdom,113.62583333333333,49.583333333333336,244,1
17795,90,2,342.83,305,43,2,2,United Kingdom,171.415,152.5,85,0
17796,224,3,614.1,158,60,3,3,United Kingdom,204.70000000000002,52.666666666666664,56,1
17797,93,1,272.41,249,44,1,1,United Kingdom,272.41,249.0,0,1
17799,9,9,2514.99,1344,245,9,8,United Kingdom,279.4433333333333,149.33333333333334,262,1
17800,1,7,903.8,559,40,7,7,United Kingdom,129.1142857142857,79.85714285714286,242,1
17802,90,2,632.42,407,66,2,2,United Kingdom,316.21,203.5,192,1
17809,39,8,2856.71,743,33,8,7,United Kingdom,357.08875,92.875,244,1
17811,2,24,4827.61,2310,243,24,24,United Kingdom,201.15041666666664,96.25,241,1
17812,278,1,193.29999999999998,127,27,1,1,United Kingdom,193.29999999999998,127.0,0,1
17816,179,2,21.31,22,11,2,2,United Kingdom,10.655,11.0,96,1
17817,187,2,269.7,26,12,2,1,United Kingdom,134.85,13.0,0,1
17819,93,6,3468.47,991,36,6,6,United Kingdom,578.0783333333333,165.16666666666666,188,1
17827,152,4,1580.47,957,140,4,2,United Kingdom,395.1175,239.25,122,1
17828,20,3,876.66,476,50,3,3,Malta,292.21999999999997,158.66666666666666,75,1
17829,209,1,889.24,496,30,1,1,United Arab Emirates,889.24,496.0,0,0
17830,172,2,287.65000000000003,65,15,2,2,United Kingdom,143.82500000000002,32.5,27,1
17837,58,3,370.61,100,22,3,3,United Kingdom,123.53666666666668,33.333333333333336,15,1
17838,202,3,1655.0,1022,64,3,3,United Kingdom,551.6666666666666,340.6666666666667,79,1
17841,2,81,23309.99,12675,1052,81,76,United Kingdom,287.77765432098766,156.4814814814815,281,1
17843,213,1,197.73,88,35,1,1,United Kingdom,197.73,88.0,0,0
17844,17,1,51.559999999999995,52,5,1,1,Canada,51.559999999999995,52.0,0,0
17848,38,8,821.6,390,41,8,8,United Kingdom,102.7,48.75,229,1
17849,128,4,605.8000000000001,114,14,4,4,United Kingdom,151.45000000000002,28.5,115,0
17850,282,34,5391.21,1733,21,34,2,United Kingdom,158.565,50.970588235294116,1,0
17854,95,2,311.26,84,15,2,2,United Kingdom,155.63,42.0,41,0
17855,283,1,208.97,197,17,1,1,United Kingdom,208.97,197.0,0,0
17856,143,3,1142.63,577,6,3,3,United Kingdom,380.8766666666667,192.33333333333334,48,1
17857,9,14,14254.52,7712,13,14,13,United Kingdom,1018.1800000000001,550.8571428571429,267,1
17858,26,9,3641.25,2386,65,9,9,United Kingdom,404.5833333333333,265.1111111111111,253,1
17859,215,1,141.92,102,23,1,1,United Kingdom,141.92,102.0,0,0
17860,279,1,226.45000000000002,93,49,1,1,United Kingdom,226.45000000000002,93.0,0,0
17861,46,5,1299.49,1052,114,5,4,United Kingdom,259.898,210.4,183,1
17862,234,1,330.9,100,11,1,1,United Kingdom,330.9,100.0,0,0
17863,55,4,1785.28,1617,60,4,4,United Kingdom,446.32,404.25,224,1
17864,186,1,200.85,347,29,1,1,United Kingdom,200.85,347.0,0,1
17865,18,12,7015.24,3532,144,12,11,United Kingdom,584.6033333333334,294.3333333333333,256,1
17866,53,1,329.65000000000003,174,9,1,1,United Kingdom,329.65000000000003,174.0,0,0
17867,54,4,957.48,374,8,4,3,United Kingdom,239.37,93.5,145,1
17869,17,5,428.18,111,37,5,4,United Kingdom,85.636,22.2,260,0
17870,2,7,745.37,515,83,7,4,United Kingdom,106.48142857142857,73.57142857142857,275,1
17871,115,1,155.9,182,10,1,1,United Kingdom,155.9,182.0,0,0
17873,94,4,1447.54,914,22,4,4,United Kingdom,361.885,228.5,188,1
17874,95,6,683.46,221,37,6,3,United Kingdom,113.91000000000001,36.833333333333336,70,0
17877,80,1,237.61,98,12,1,1,United Kingdom,237.61,98.0,0,0
17879,84,1,178.52,45,6,1,1,United Kingdom,178.52,45.0,0,0
17880,275,1,458.92,314,26,1,1,United Kingdom,458.92,314.0,0,0
17881,214,1,133.35,32,8,1,1,United Kingdom,133.35,32.0,0,0
17883,156,1,119.35,48,19,1,1,United Kingdom,119.35,48.0,0,1
17884,222,3,590.54,542,86,3,3,United Kingdom,196.84666666666666,180.66666666666666,59,1
17886,121,2,377.71000000000004,218,44,2,2,United Kingdom,188.85500000000002,109.0,38,1
17887,39,1,111.35,30,10,1,1,United Kingdom,111.35,30.0,0,0
17888,71,4,297.0,538,32,4,4,United Kingdom,74.25,134.5,195,1
17889,122,2,201.37,77,20,2,2,United Kingdom,100.685,38.5,109,0
17890,233,2,586.89,402,88,2,2,United Kingdom,293.445,201.0,38,0
17891,72,1,203.85999999999999,393,34,1,1,United Kingdom,203.85999999999999,393.0,0,0
17892,65,1,142.1,69,26,1,1,United Kingdom,142.1,69.0,0,1
17893,135,1,107.21,149,15,1,1,United Kingdom,107.21,149.0,0,0
17894,6,7,995.48,352,107,7,7,United Kingdom,142.21142857142857,50.285714285714285,269,1
17897,83,3,541.81,222,100,3,3,United Kingdom,180.60333333333332,74.0,200,0
17898,117,1,99.84,124,20,1,1,United Kingdom,99.84,124.0,0,1
17899,69,1,154.55,170,29,1,1,United Kingdom,154.55,170.0,0,0
17900,100,2,112.19999999999999,73,4,2,1,United Kingdom,56.099999999999994,36.5,0,0
17905,67,3,617.74,281,32,3,3,United Kingdom,205.91333333333333,93.66666666666667,216,1
17906,157,1,72.9,26,12,1,1,United Kingdom,72.9,26.0,0,0
17908,284,1,232.03,169,51,1,1,United Kingdom,232.03,169.0,0,0
17912,220,5,310.06,184,35,5,4,United Kingdom,62.012,36.8,54,0
17913,266,1,218.05,100,31,1,1,United Kingdom,218.05,100.0,0,1
17917,166,2,226.71,130,57,2,2,United Kingdom,113.355,65.0,106,1
17920,15,9,2316.9,1529,228,9,9,United Kingdom,257.43333333333334,169.88888888888889,268,1
17921,58,3,595.47,288,82,3,3,United Kingdom,198.49,96.0,118,1
17923,192,1,207.50000000000003,50,1,1,1,United Kingdom,207.50000000000003,50.0,0,0
17924,212,2,502.2,108,2,2,2,United Kingdom,251.1,54.0,72,1
17925,283,1,244.08,72,1,1,1,United Kingdom,244.08,72.0,0,0
17926,43,2,397.29,306,17,2,2,United Kingdom,198.645,153.0,70,0
17928,156,1,78.25999999999999,46,17,1,1,United Kingdom,78.25999999999999,46.0,0,1
17929,23,3,707.0,92,4,3,3,United Kingdom,235.66666666666666,30.666666666666668,195,1
17930,72,2,694.14,521,19,2,2,United Kingdom,347.07,260.5,77,1
17931,44,2,408.36,249,63,2,2,United Kingdom,204.18,124.5,121,0
17932,84,2,934.51,593,63,2,2,United Kingdom,467.255,296.5,37,1
17935,48,2,142.89000000000001,81,27,2,2,United Kingdom,71.44500000000001,40.5,3,0
17937,25,5,3614.52,1416,19,5,5,United Kingdom,722.904,283.2,247,1
17939,70,1,99.14,40,12,1,1,United Kingdom,99.14,40.0,0,0
17940,18,8,1960.18,8722,5,8,7,United Kingdom,245.0225,1090.25,194,1
17941,41,1,304.56,252,2,1,1,United Kingdom,304.56,252.0,0,0
17946,143,2,149.57999999999998,75,18,2,2,United Kingdom,74.78999999999999,37.5,26,0
17948,57,1,358.56000000000006,144,1,1,1,United Kingdom,358.56000000000006,144.0,0,0
17949,3,32,47729.2,20682,25,32,21,United Kingdom,1491.5375,646.3125,278,1
17950,275,2,263.17,186,36,2,1,United Kingdom,131.585,93.0,0,1
17951,268,2,409.50000000000006,220,9,2,2,United Kingdom,204.75000000000003,110.0,15,1
17954,33,10,1885.21,1831,269,10,10,United Kingdom,188.52100000000002,183.1,247,1
17955,109,4,557.3,273,14,4,3,United Kingdom,139.325,68.25,20,0
17956,159,1,12.75,1,1,1,1,United Kingdom,12.75,1.0,0,0
17958,27,1,508.46000000000004,84,7,1,1,United Kingdom,508.46000000000004,84.0,0,0
17960,81,1,73.78,41,26,1,1,United Kingdom,73.78,41.0,0,0
17961,34,31,1179.62,469,195,31,28,United Kingdom,38.052258064516124,15.129032258064516,248,1
17962,52,1,102.41,127,33,1,1,United Kingdom,102.41,127.0,0,0
17964,282,1,261.76,195,35,1,1,United Kingdom,261.76,195.0,0,1
17965,2,12,2251.41,1366,238,12,11,United Kingdom,187.61749999999998,113.83333333333333,277,1
17966,61,4,594.43,1171,52,4,3,United Kingdom,148.6075,292.75,109,1
17967,282,1,112.27,73,41,1,1,United Kingdom,112.27,73.0,0,0
17968,284,1,265.1,151,74,1,1,United Kingdom,265.1,151.0,0,0
17969,76,2,228.2,152,14,2,2,United Kingdom,114.1,76.0,194,0
17970,121,1,562.79,513,27,1,1,United Kingdom,562.79,513.0,0,0
17972,152,1,135.19,36,30,1,1,United Kingdom,135.19,36.0,0,0
17974,130,1,164.07,85,18,1,1,United Kingdom,164.07,85.0,0,1
17975,25,11,3947.15,1362,169,11,11,United Kingdom,358.83181818181816,123.81818181818181,251,1
17976,282,1,321.79,93,56,1,1,United Kingdom,321.79,93.0,0,0
17978,275,1,300.91999999999996,499,12,1,1,United Kingdom,300.91999999999996,499.0,0,0
17979,79,3,494.54,272,84,3,2,United Kingdom,164.84666666666666,90.66666666666667,90,1
17980,76,3,811.45,682,23,3,3,United Kingdom,270.48333333333335,227.33333333333334,193,0
17984,55,1,152.68,98,48,1,1,United Kingdom,152.68,98.0,0,0
17987,95,1,198.57,261,13,1,1,United Kingdom,198.57,261.0,0,0
17988,27,5,146.0,27,25,5,3,United Kingdom,29.2,5.4,209,1
17990,147,3,630.84,414,27,3,3,United Kingdom,210.28,138.0,124,0
17991,135,2,93.35,25,4,2,2,United Kingdom,46.675,12.5,0,0
17994,32,4,674.89,495,63,4,4,United Kingdom,168.7225,123.75,169,0
17995,192,1,76.1,133,2,1,1,United Kingdom,76.1,133.0,0,0
17997,2,6,1711.75,2035,118,6,6,United Kingdom,285.2916666666667,339.1666666666667,71,1
17999,276,1,190.34,94,37,1,1,United Kingdom,190.34,94.0,0,1
18004,272,1,157.92,75,32,1,1,United Kingdom,157.92,75.0,0,0
18008,113,7,2065.41,1517,22,7,6,United Kingdom,295.0585714285714,216.71428571428572,115,1
18009,145,1,247.39,125,31,1,1,United Kingdom,247.39,125.0,0,0
18010,167,1,174.8,60,14,1,1,United Kingdom,174.8,60.0,0,0
18011,283,1,102.78999999999999,71,28,1,1,United Kingdom,102.78999999999999,71.0,0,0
18013,65,2,187.29,285,31,2,1,United Kingdom,93.645,142.5,0,0
18016,96,3,482.86,205,49,3,3,United Kingdom,160.95333333333335,68.33333333333333,177,1
18017,79,2,344.0,200,1,2,2,United Kingdom,172.0,100.0,141,1
18018,18,2,122.14,55,29,2,2,United Kingdom,61.07,27.5,91,0
18024,63,2,389.78,184,21,2,1,United Kingdom,194.89,92.0,0,0
18027,9,1,115.31,78,21,1,1,United Kingdom,115.31,78.0,0,0
18032,244,1,73.5,42,5,1,1,United Kingdom,73.5,42.0,0,0
18036,15,2,253.69,153,54,2,2,United Kingdom,126.845,76.5,140,1
18037,64,6,70.02,20,19,6,6,United Kingdom,11.67,3.3333333333333335,207,0
18040,156,1,239.00000000000003,96,12,1,1,United Kingdom,239.00000000000003,96.0,0,1
18041,14,16,2998.11,2716,227,16,15,United Kingdom,187.381875,169.75,269,1
18043,117,2,421.59,229,87,2,2,United Kingdom,210.795,114.5,160,1
18044,76,7,1105.53,651,63,7,7,United Kingdom,157.93285714285713,93.0,194,1
18048,113,2,172.29000000000002,127,6,2,1,United Kingdom,86.14500000000001,63.5,0,0
18050,269,1,74.4,40,5,1,1,United Kingdom,74.4,40.0,0,0
18055,38,7,3672.86,1226,122,7,7,United Kingdom,524.6942857142857,175.14285714285714,241,1
18056,198,1,363.65,211,19,1,1,United Kingdom,363.65,211.0,0,0
18061,18,8,1793.51,901,18,8,8,United Kingdom,224.18875,112.625,258,1
18062,83,3,720.52,396,23,3,3,United Kingdom,240.17333333333332,132.0,164,0
18064,43,2,814.0,384,7,2,2,United Kingdom,407.0,192.0,102,0
18065,94,8,1412.15,591,71,8,4,United Kingdom,176.51875,73.875,180,1
18068,199,1,101.7,6,1,1,1,United Kingdom,101.7,6.0,0,0
18069,90,3,978.32,626,199,3,3,United Kingdom,326.1066666666667,208.66666666666666,146,1
18071,168,2,453.0,260,23,2,2,United Kingdom,226.5,130.0,108,0
18072,96,1,247.44,288,18,1,1,United Kingdom,247.44,288.0,0,0
18073,24,12,3859.82,3102,23,12,10,United Kingdom,321.6516666666667,258.5,82,0
18074,284,1,489.6,190,13,1,1,United Kingdom,489.6,190.0,0,0
18075,16,8,1957.75,1015,74,8,8,United Kingdom,244.71875,126.875,254,1
18077,14,7,1622.34,1272,82,7,7,United Kingdom,231.76285714285714,181.71428571428572,263,1
18078,127,2,336.13,145,27,2,2,United Kingdom,168.065,72.5,41,0
18079,37,2,2206.18,5075,59,2,2,United Kingdom,1103.09,2537.5,111,1
18080,153,1,841.4999999999999,330,1,1,1,United Kingdom,841.4999999999999,330.0,0,1
18081,23,2,208.05,55,7,2,2,United Kingdom,104.025,27.5,21,1
18085,240,2,689.95,265,25,2,2,United Kingdom,344.975,132.5,43,0
18086,184,1,101.34,106,7,1,1,United Kingdom,101.34,106.0,0,0
18087,201,1,3202.92,3906,1,1,1,United Kingdom,3202.92,3906.0,0,0
18092,30,8,5851.48,3280,21,8,7,United Kingdom,731.435,410.0,246,1
18093,3,4,2106.52,1392,31,4,4,United Kingdom,526.63,348.0,209,0
18094,46,5,2402.3,2194,35,5,4,United Kingdom,480.46000000000004,438.8,155,1
18095,223,2,580.05,419,20,2,2,United Kingdom,290.025,209.5,20,0
18097,37,5,1986.2,1406,56,5,4,United Kingdom,397.24,281.2,227,1
18099,37,1,168.31,149,19,1,1,United Kingdom,168.31,149.0,0,0
18101,53,1,110.23,25,13,1,1,United Kingdom,110.23,25.0,0,1
18102,9,27,135450.75,31473,54,27,16,United Kingdom,5016.694444444444,1165.6666666666667,268,1
18106,240,1,421.9,126,33,1,1,United Kingdom,421.9,126.0,0,0
18108,164,1,271.0,84,17,1,1,United Kingdom,271.0,84.0,0,0
18109,1,18,4826.87,3405,114,18,18,United Kingdom,268.15944444444443,189.16666666666666,278,1
18112,76,1,196.64,110,12,1,1,United Kingdom,196.64,110.0,0,1
18113,279,1,76.32000000000001,72,1,1,1,United Kingdom,76.32000000000001,72.0,0,0
18114,200,1,220.1,55,28,1,1,United Kingdom,220.1,55.0,0,0
18116,144,7,1235.95,649,219,7,7,United Kingdom,176.56428571428572,92.71428571428571,130,1
18118,2,19,4220.54,2144,366,19,19,United Kingdom,222.13368421052633,112.84210526315789,278,1
18119,278,1,180.7,124,29,1,1,United Kingdom,180.7,124.0,0,0
18120,124,1,111.15,31,17,1,1,United Kingdom,111.15,31.0,0,0
18121,59,2,653.3000000000001,438,28,2,2,United Kingdom,326.65000000000003,219.0,5,0
18122,61,1,119.19,69,23,1,1,United Kingdom,119.19,69.0,0,1
18125,112,3,933.9,691,146,3,3,United Kingdom,311.3,230.33333333333334,114,1
18127,44,1,139.6,28,8,1,1,United Kingdom,139.6,28.0,0,1
18129,153,1,112.55000000000001,48,13,1,1,United Kingdom,112.55000000000001,48.0,0,0
18133,122,1,931.5,1350,1,1,1,United Kingdom,931.5,1350.0,0,0
18135,100,1,109.82000000000001,88,9,1,1,United Kingdom,109.82000000000001,88.0,0,1
18136,122,2,600.85,295,30,2,2,United Kingdom,300.425,147.5,107,1
18138,205,1,152.65,38,8,1,1,United Kingdom,152.65,38.0,0,0
18142,67,2,1019.52,1276,9,2,2,United Kingdom,509.76,638.0,58,0
18143,27,2,1000.16,570,59,2,2,United Kingdom,500.08,285.0,25,0
18144,20,9,2165.55,1064,24,9,8,United Kingdom,240.61666666666667,118.22222222222223,263,1
18145,115,2,1023.78,863,60,2,2,United Kingdom,511.89,431.5,107,1
18146,51,2,160.35,153,10,2,2,United Kingdom,80.175,76.5,79,0
18147,19,1,98.88,80,4,1,1,United Kingdom,98.88,80.0,0,1
18149,126,2,549.68,280,9,2,2,United Kingdom,274.84,140.0,58,1
18150,50,2,413.28,236,22,2,2,United Kingdom,206.64,118.0,61,1
18151,45,2,653.35,355,38,2,2,United Kingdom,326.675,177.5,155,0
18155,81,2,266.56,196,14,2,2,United Kingdom,133.28,98.0,121,1
18156,280,1,186.88,68,50,1,1,United Kingdom,186.88,68.0,0,1
18159,211,1,530.15,139,23,1,1,United Kingdom,530.15,139.0,0,0
18160,110,1,318.55,147,19,1,1,United Kingdom,318.55,147.0,0,1
18161,50,3,771.26,387,24,3,3,United Kingdom,257.08666666666664,129.0,179,1
18165,87,1,302.46,254,10,1,1,United Kingdom,302.46,254.0,0,0
18167,16,1,498.48,122,13,1,1,United Kingdom,498.48,122.0,0,1
18168,86,6,1160.04,592,97,6,6,United Kingdom,193.34,98.66666666666667,196,0
18170,22,2,655.51,249,27,2,2,United Kingdom,327.755,124.5,105,1
18171,9,4,994.3100000000001,331,35,4,4,United Kingdom,248.57750000000001,82.75,234,1
18172,9,11,5635.28,2280,96,11,9,United Kingdom,512.2981818181818,207.27272727272728,190,1
18173,109,3,1728.8400000000001,1028,20,3,3,United Kingdom,576.2800000000001,342.6666666666667,75,1
18176,268,1,476.35,283,30,1,1,United Kingdom,476.35,283.0,0,0
18177,68,5,1037.27,543,43,5,5,United Kingdom,207.454,108.6,98,1
18178,39,4,1590.81,983,80,4,4,United Kingdom,397.7025,245.75,235,0
18179,162,4,1103.16,729,54,4,4,United Kingdom,275.79,182.25,83,1
18180,47,2,601.85,553,42,2,2,United Kingdom,300.925,276.5,5,1
18183,137,2,632.07,371,36,2,2,United Kingdom,316.035,185.5,47,0
18185,159,1,304.25,183,17,1,1,United Kingdom,304.25,183.0,0,0
18188,200,1,426.6,164,16,1,1,United Kingdom,426.6,164.0,0,1
18189,178,1,633.1,352,40,1,1,United Kingdom,633.1,352.0,0,1
18190,102,2,284.46000000000004,140,14,2,2,United Kingdom,142.23000000000002,70.0,138,0
18191,172,1,207.8,140,7,1,1,United Kingdom,207.8,140.0,0,0
18193,75,1,243.76,124,16,1,1,United Kingdom,243.76,124.0,0,0
18196,5,2,686.63,431,131,2,2,United Kingdom,343.315,215.5,195,0
18198,11,14,4427.39,3491,64,14,14,United Kingdom,316.2421428571429,249.35714285714286,235,1
18200,16,1,150.35,104,29,1,1,United Kingdom,150.35,104.0,0,0
18202,110,3,1396.99,581,55,3,2,United Kingdom,465.66333333333336,193.66666666666666,111,0
18203,67,1,160.42000000000002,43,19,1,1,United Kingdom,160.42000000000002,43.0,0,0
18204,20,2,1358.8700000000001,907,113,2,2,United Kingdom,679.4350000000001,453.5,82,1
18210,177,1,142.4,62,5,1,1,United Kingdom,142.4,62.0,0,1
18211,47,2,268.7,152,15,2,2,United Kingdom,134.35,76.0,142,1
18212,236,1,216.07,92,30,1,1,United Kingdom,216.07,92.0,0,0
18213,147,1,232.48000000000002,232,15,1,1,United Kingdom,232.48000000000002,232.0,0,0
18218,121,2,641.92,536,17,2,2,United Kingdom,320.96,268.0,70,0
18219,59,8,1367.13,596,49,8,7,United Kingdom,170.89125,74.5,219,1
18220,137,1,305.28,288,2,1,1,United Kingdom,305.28,288.0,0,0
18221,26,3,706.86,446,40,3,3,United Kingdom,235.62,148.66666666666666,95,1
18222,3,1,443.0,335,19,1,1,United Kingdom,443.0,335.0,0,0
18223,7,11,4036.34,1774,87,11,10,United Kingdom,366.94,161.27272727272728,261,1
18224,174,1,158.95000000000002,69,10,1,1,United Kingdom,158.95000000000002,69.0,0,0
18225,23,7,2730.78,1582,99,7,7,United Kingdom,390.1114285714286,226.0,252,1
18226,31,9,4251.03,2946,107,9,9,United Kingdom,472.33666666666664,327.3333333333333,217,1
18227,128,1,93.75,21,5,1,1,United Kingdom,93.75,21.0,0,0
18229,4,14,5212.0599999999995,1704,58,14,14,United Kingdom,372.28999999999996,121.71428571428571,279,1
18230,4,5,2146.36,1030,32,5,5,United Kingdom,429.27200000000005,206.0,208,1
18231,102,5,2071.77,819,106,5,5,United Kingdom,414.354,163.8,96,0
18232,68,3,500.62,277,29,3,3,United Kingdom,166.87333333333333,92.33333333333333,39,1
18233,236,1,440.0,4,1,1,1,United Kingdom,440.0,4.0,0,0
18235,30,2,749.8,706,49,2,2,United Kingdom,374.9,353.0,97,1
18236,39,4,641.19,310,31,4,4,United Kingdom,160.2975,77.5,111,1
18237,2,3,725.55,465,37,3,3,United Kingdom,241.85,155.0,42,1
18239,129,5,1561.6100000000001,795,80,5,5,United Kingdom,312.322,159.0,153,0
18241,9,11,1349.58,720,44,11,11,United Kingdom,122.68909090909091,65.45454545454545,118,1
18242,106,2,694.08,408,26,2,2,United Kingdom,347.04,204.0,17,1
18245,59,6,1672.81,1328,103,6,4,United Kingdom,278.8016666666667,221.33333333333334,205,1
18246,143,1,232.9,70,2,1,1,United Kingdom,232.9,70.0,0,1
18248,33,2,804.02,511,39,2,2,United Kingdom,402.01,255.5,63,0
18250,220,1,349.27,199,21,1,1,United Kingdom,349.27,199.0,0,0
18252,82,1,69.89999999999999,18,3,1,1,United Kingdom,69.89999999999999,18.0,0,1
18257,24,5,1562.8700000000001,721,66,5,5,United Kingdom,312.574,144.2,181,1
18259,276,1,376.3,116,7,1,1,United Kingdom,376.3,116.0,0,1
18260,83,6,2628.35,1475,86,6,6,United Kingdom,438.05833333333334,245.83333333333334,185,0
18261,6,1,224.8,102,15,1,1,United Kingdom,224.8,102.0,0,1
18262,50,1,149.48,182,13,1,1,United Kingdom,149.48,182.0,0,0
18263,66,2,811.4,1048,45,2,2,United Kingdom,405.7,524.0,96,1
18265,68,1,488.55,224,29,1,1,United Kingdom,488.55,224.0,0,1
18268,44,1,25.5,2,1,1,1,United Kingdom,25.5,2.0,0,0
18269,276,1,168.60000000000002,76,7,1,1,United Kingdom,168.60000000000002,76.0,0,0
18270,177,1,111.95,41,5,1,1,United Kingdom,111.95,41.0,0,1
18272,24,4,2106.45,1465,76,4,4,United Kingdom,526.6125,366.25,133,1
18273,6,2,153.0,60,1,2,2,United Kingdom,76.5,30.0,162,1
18280,188,1,180.60000000000002,45,10,1,1,United Kingdom,180.60000000000002,45.0,0,0
18281,91,1,80.82,54,7,1,1,United Kingdom,80.82,54.0,0,0
18282,36,1,100.21000000000001,75,7,1,1,United Kingdom,100.21000000000001,75.0,0,1
18283,6,10,1080.8799999999999,717,191,10,9,United Kingdom,108.088,71.7,241,1
18287,112,1,765.28,488,27,1,1,United Kingdom,765.28,488.0,0,1
