CustomerID,Recency,Frequency,Monetary,TotalItems,UniqueProducts,UniqueInvoices,ActiveDays,FirstPurchaseDate,LastPurchaseDate,Country,AverageOrderValue,AverageItemsPerInvoice,CustomerLifetimeDays,R_Score,F_Score,M_Score,RFM_Score,RFM_Code,RFM_Segment
12346,326,1,77183.6,74215,1,1,1,2011-01-18 10:01:00,2011-01-18 10:01:00,United Kingdom,77183.6,74215.0,0,1,1,5,7,115,Big Spenders
12347,2,7,4310.0,2458,103,7,7,2010-12-07 14:57:00,2011-12-07 15:52:00,Iceland,615.7142857142857,351.14285714285717,365,5,5,5,15,555,Champions
12348,75,4,1437.24,2332,21,4,4,2010-12-16 19:09:00,2011-09-25 13:13:00,Finland,359.31,583.0,282,2,4,4,10,244,Loyal Customers
12349,19,1,1457.55,630,72,1,1,2011-11-21 09:51:00,2011-11-21 09:51:00,Italy,1457.55,630.0,0,4,1,4,9,414,Big Spenders
12350,310,1,294.40000000000003,196,16,1,1,2011-02-02 16:01:00,2011-02-02 16:01:00,Norway,294.40000000000003,196.0,0,1,1,2,4,112,Regular Customers
12352,36,7,1385.74,526,57,7,7,2011-02-16 12:33:00,2011-11-03 14:37:00,Norway,197.96285714285713,75.14285714285714,260,3,5,4,12,354,Loyal Customers
12353,204,1,89.0,20,4,1,1,2011-05-19 17:47:00,2011-05-19 17:47:00,Bahrain,89.0,20.0,0,1,1,1,3,111,Regular Customers
12354,232,1,1079.4,530,58,1,1,2011-04-21 13:11:00,2011-04-21 13:11:00,Spain,1079.4,530.0,0,1,1,4,6,114,Big Spenders
12355,214,1,459.40000000000003,240,13,1,1,2011-05-09 13:49:00,2011-05-09 13:49:00,Bahrain,459.40000000000003,240.0,0,1,1,2,4,112,Regular Customers
12356,23,3,2487.43,1573,52,3,3,2011-01-18 09:50:00,2011-11-17 08:40:00,Portugal,829.1433333333333,524.3333333333334,302,4,2,5,11,425,Big Spenders
12357,33,1,6207.67,2708,131,1,1,2011-11-06 16:07:00,2011-11-06 16:07:00,Switzerland,6207.67,2708.0,0,4,1,5,10,415,Big Spenders
12358,2,2,928.0600000000001,242,12,2,2,2011-07-12 10:04:00,2011-12-08 10:26:00,Austria,464.03000000000003,121.0,149,5,1,4,10,514,Big Spenders
12359,58,4,6310.03,1609,214,4,4,2011-01-12 12:43:00,2011-10-13 12:47:00,Cyprus,1577.5075,402.25,274,3,4,5,12,345,Loyal Customers
12360,52,3,2302.06,1156,104,3,3,2011-05-23 09:43:00,2011-10-18 15:22:00,Austria,767.3533333333334,385.3333333333333,148,3,2,5,10,325,Big Spenders
12361,287,1,174.9,90,9,1,1,2011-02-25 13:51:00,2011-02-25 13:51:00,Belgium,174.9,90.0,0,1,1,1,3,111,Regular Customers
12362,3,10,4737.2300000000005,2197,200,10,10,2011-02-17 10:30:00,2011-12-06 15:40:00,Belgium,473.72300000000007,219.7,292,5,5,5,15,555,Champions
12363,110,2,552.0,408,23,2,2,2011-04-11 13:29:00,2011-08-22 10:18:00,Unspecified,276.0,204.0,132,2,1,3,6,213,Regular Customers
12364,8,4,1208.1,1499,69,4,4,2011-08-19 15:24:00,2011-12-02 10:22:00,Belgium,302.025,374.75,104,5,4,4,13,544,Champions
12365,291,1,320.69,173,21,1,1,2011-02-21 13:51:00,2011-02-21 13:51:00,Cyprus,320.69,173.0,0,1,1,2,4,112,Regular Customers
12367,4,1,150.9,172,10,1,1,2011-12-05 16:48:00,2011-12-05 16:48:00,Denmark,150.9,172.0,0,5,1,1,7,511,Recent Customers
12370,51,4,3421.94,2349,142,4,4,2010-12-14 12:58:00,2011-10-19 14:51:00,Cyprus,855.485,587.25,309,3,4,5,12,345,Loyal Customers
12371,60,1,1527.96,582,62,1,1,2011-10-11 10:43:00,2011-10-11 10:43:00,Switzerland,1527.96,582.0,0,3,1,4,8,314,Big Spenders
12372,72,3,1196.04,788,33,3,3,2011-02-16 12:46:00,2011-09-29 12:12:00,Denmark,398.68,262.6666666666667,224,3,2,4,9,324,Big Spenders
12373,311,1,324.6,196,13,1,1,2011-02-01 13:10:00,2011-02-01 13:10:00,Austria,324.6,196.0,0,1,1,2,4,112,Regular Customers
12374,25,1,622.9300000000001,339,32,1,1,2011-11-14 15:37:00,2011-11-14 15:37:00,Austria,622.9300000000001,339.0,0,4,1,3,8,413,Recent Customers
12375,11,2,377.5,176,13,2,2,2011-09-02 14:23:00,2011-11-29 10:36:00,Finland,188.75,88.0,87,5,1,2,8,512,Recent Customers
12377,315,2,1548.1200000000001,942,71,2,2,2010-12-20 09:37:00,2011-01-28 15:45:00,Switzerland,774.0600000000001,471.0,39,1,1,4,6,114,Big Spenders
12378,130,1,4008.62,2529,219,1,1,2011-08-02 10:34:00,2011-08-02 10:34:00,Switzerland,4008.62,2529.0,0,2,1,5,8,215,Big Spenders
12379,82,2,777.24,402,38,2,2,2011-06-22 16:32:00,2011-09-19 10:09:00,Belgium,388.62,201.0,88,2,1,3,6,213,Regular Customers
12380,22,4,2427.81,1110,76,4,4,2011-06-07 09:49:00,2011-11-18 11:27:00,Belgium,606.9525,277.5,164,4,4,5,13,445,Champions
12381,5,3,1474.81,797,69,3,3,2011-08-12 09:57:00,2011-12-05 12:44:00,Norway,491.6033333333333,265.6666666666667,115,5,2,4,11,524,Big Spenders
12383,185,5,1628.56,1518,83,5,5,2010-12-22 14:28:00,2011-06-08 08:02:00,Belgium,325.712,303.6,167,1,4,4,9,144,Loyal Customers
12384,29,2,425.27000000000004,122,25,2,2,2011-08-10 11:23:00,2011-11-11 08:39:00,Switzerland,212.63500000000002,61.0,92,4,1,2,7,412,Recent Customers
12386,338,2,401.9,354,10,2,2,2010-12-08 09:53:00,2011-01-06 12:37:00,Australia,200.95,177.0,29,1,1,2,4,112,Regular Customers
12388,16,6,2780.6600000000003,1462,57,6,6,2011-01-17 11:12:00,2011-11-24 12:30:00,Australia,463.4433333333334,243.66666666666666,311,4,5,5,14,455,Champions
12390,80,1,504.84000000000003,350,31,1,1,2011-09-21 09:33:00,2011-09-21 09:33:00,Belgium,504.84000000000003,350.0,0,2,1,3,6,213,Regular Customers
12391,22,1,439.66,293,92,1,1,2011-11-18 12:07:00,2011-11-18 12:07:00,Cyprus,439.66,293.0,0,4,1,2,7,412,Recent Customers
12393,72,4,1582.6000000000001,816,47,4,4,2011-01-11 09:47:00,2011-09-28 15:41:00,Australia,395.65000000000003,204.0,260,3,4,4,11,344,Loyal Customers
12394,64,2,1080.48,808,25,2,2,2011-05-06 14:01:00,2011-10-07 08:08:00,Belgium,540.24,404.0,153,3,1,4,8,314,Big Spenders
12395,19,12,2682.63,2097,90,12,11,2010-12-03 16:35:00,2011-11-20 15:21:00,Belgium,223.5525,174.75,351,4,5,5,14,455,Champions
12397,36,2,2214.9,1250,109,2,2,2011-07-27 14:21:00,2011-11-04 09:52:00,Belgium,1107.45,625.0,99,3,1,5,9,315,Big Spenders
12398,46,1,1435.66,1389,84,1,1,2011-10-25 10:27:00,2011-10-25 10:27:00,Switzerland,1435.66,1389.0,0,3,1,4,8,314,Big Spenders
12399,119,4,1033.65,1173,46,4,4,2011-03-23 09:42:00,2011-08-12 13:15:00,Belgium,258.4125,293.25,142,2,4,4,10,244,Loyal Customers
12401,303,1,69.3,10,4,1,1,2011-02-09 13:50:00,2011-02-09 13:50:00,Belgium,69.3,10.0,0,1,1,1,3,111,Regular Customers
12402,323,1,195.6,92,10,1,1,2011-01-20 13:49:00,2011-01-20 13:49:00,Belgium,195.6,92.0,0,1,1,1,3,111,Regular Customers
12403,50,1,391.7,94,4,1,1,2011-10-21 10:51:00,2011-10-21 10:51:00,Denmark,391.7,94.0,0,3,1,2,6,312,Regular Customers
12405,149,1,1390.39,849,53,1,1,2011-07-14 08:52:00,2011-07-14 08:52:00,Finland,1390.39,849.0,0,2,1,4,7,214,Big Spenders
12406,22,2,3415.3,1818,92,2,2,2011-06-09 10:23:00,2011-11-17 19:22:00,Denmark,1707.65,909.0,161,4,1,5,10,415,Big Spenders
12407,50,5,1507.12,1403,56,5,5,2011-03-20 13:21:00,2011-10-21 10:11:00,Belgium,301.424,280.6,214,3,4,4,11,344,Loyal Customers
12408,33,5,2618.55,1391,80,5,4,2011-03-24 14:46:00,2011-11-07 12:27:00,Belgium,523.71,278.2,227,4,4,5,13,445,Champions
12409,79,3,11072.67,5551,91,3,3,2011-06-10 12:19:00,2011-09-22 10:38:00,Switzerland,3690.89,1850.3333333333333,103,2,2,5,9,225,Big Spenders
12410,309,2,533.33,207,25,2,1,2011-02-04 10:38:00,2011-02-04 10:39:00,Switzerland,266.665,103.5,0,1,1,3,5,113,Regular Customers
12412,75,3,1142.88,824,42,3,3,2011-06-23 13:51:00,2011-09-26 10:16:00,Denmark,380.96000000000004,274.6666666666667,94,2,2,4,8,224,Big Spenders
12413,67,3,686.1,282,28,3,3,2011-01-06 16:12:00,2011-10-04 09:00:00,France,228.70000000000002,94.0,270,3,2,3,8,323,Regular Customers
12414,217,3,442.41,297,15,3,3,2011-02-02 14:51:00,2011-05-06 14:51:00,Austria,147.47,99.0,93,1,2,2,5,122,At Risk
12415,24,20,124564.53,77373,443,20,15,2011-01-06 11:12:00,2011-11-15 14:22:00,Australia,6228.2265,3868.65,313,4,5,5,14,455,Champions
12417,3,9,3226.1,1527,157,9,9,2010-12-17 11:51:00,2011-12-06 14:52:00,Belgium,358.4555555555555,169.66666666666666,354,5,5,5,15,555,Champions
12418,113,1,668.58,407,34,1,1,2011-08-19 11:08:00,2011-08-19 11:08:00,Switzerland,668.58,407.0,0,2,1,3,6,213,Regular Customers
12420,64,1,600.39,345,29,1,1,2011-10-07 08:55:00,2011-10-07 08:55:00,Cyprus,600.39,345.0,0,3,1,3,7,313,Regular Customers
12421,16,4,639.04,478,31,4,4,2011-01-24 15:09:00,2011-11-24 09:07:00,Spain,159.76,119.5,303,4,4,3,11,443,Loyal Customers
12422,96,3,683.5600000000001,367,38,3,3,2011-01-19 09:13:00,2011-09-05 09:48:00,Australia,227.85333333333335,122.33333333333333,229,2,2,3,7,223,At Risk
12423,1,8,1634.31,1324,96,8,8,2010-12-21 10:54:00,2011-12-09 10:10:00,Belgium,204.28875,165.5,352,5,5,4,14,554,Champions
12424,163,2,1760.96,740,30,2,1,2011-06-30 12:06:00,2011-06-30 12:06:00,Australia,880.48,370.0,0,2,1,4,7,214,Big Spenders
12425,78,1,777.2,496,36,1,1,2011-09-22 17:31:00,2011-09-22 17:31:00,Portugal,777.2,496.0,0,2,1,3,6,213,Regular Customers
12426,195,1,510.73,254,29,1,1,2011-05-29 12:26:00,2011-05-29 12:26:00,Germany,510.73,254.0,0,1,1,3,5,113,Regular Customers
12427,22,3,699.8000000000001,526,25,3,3,2010-12-03 10:44:00,2011-11-18 08:56:00,Germany,233.26666666666668,175.33333333333334,349,4,2,3,9,423,Recent Customers
12428,26,8,6405.26,3509,256,8,7,2011-03-01 09:33:00,2011-11-14 08:22:00,Finland,800.6575,438.625,257,4,5,5,14,455,Champions
12429,9,4,3388.4,1538,81,4,4,2010-12-09 12:05:00,2011-11-30 17:22:00,Denmark,847.1,384.5,356,5,4,5,14,545,Champions
12430,43,1,216.4,116,10,1,1,2011-10-27 15:09:00,2011-10-27 15:09:00,Norway,216.4,116.0,0,3,1,1,5,311,Regular Customers
12431,36,15,6314.95,2889,162,15,14,2010-12-01 10:03:00,2011-11-04 11:55:00,Australia,420.99666666666667,192.6,338,3,5,5,13,355,Loyal Customers
12432,43,4,4359.32,1800,106,4,2,2011-06-20 13:27:00,2011-10-28 11:43:00,Norway,1089.83,450.0,129,3,4,5,12,345,Loyal Customers
12433,1,7,13375.87,11071,219,7,6,2010-12-01 13:24:00,2011-12-09 10:02:00,Norway,1910.8385714285716,1581.5714285714287,372,5,5,5,15,555,Champions
12434,85,2,806.14,394,46,2,2,2011-03-24 13:05:00,2011-09-16 12:38:00,Australia,403.07,197.0,175,2,1,3,6,213,Regular Customers
12435,80,2,7829.89,2055,31,2,2,2011-03-17 07:40:00,2011-09-21 09:06:00,Denmark,3914.945,1027.5,188,2,1,5,8,215,Big Spenders
12436,100,1,429.01,209,15,1,1,2011-09-01 12:09:00,2011-09-01 12:09:00,Norway,429.01,209.0,0,2,1,2,5,212,Regular Customers
12437,2,18,4447.41,2894,117,18,15,2011-01-12 14:13:00,2011-12-08 11:35:00,France,247.07833333333332,160.77777777777777,329,5,5,5,15,555,Champions
12438,14,2,2466.85,1169,83,2,2,2011-07-22 13:29:00,2011-11-25 13:28:00,Norway,1233.425,584.5,125,5,1,5,11,515,Big Spenders
12441,367,1,155.55,120,10,1,1,2010-12-08 10:45:00,2010-12-08 10:45:00,France,155.55,120.0,0,1,1,1,3,111,Regular Customers
12442,3,1,144.06,181,11,1,1,2011-12-06 14:22:00,2011-12-06 14:22:00,Spain,144.06,181.0,0,5,1,1,7,511,Recent Customers
12444,21,5,4085.46,1130,137,5,5,2011-06-21 14:00:00,2011-11-18 13:23:00,Norway,817.092,226.0,149,4,4,5,13,445,Champions
12445,22,1,77.4,60,3,1,1,2011-11-17 18:43:00,2011-11-17 18:43:00,Spain,77.4,60.0,0,4,1,1,6,411,Recent Customers
12446,58,1,1002.3100000000001,351,57,1,1,2011-10-13 12:50:00,2011-10-13 12:50:00,RSA,1002.3100000000001,351.0,0,3,1,4,8,314,Big Spenders
12447,243,1,431.49,187,25,1,1,2011-04-10 13:25:00,2011-04-10 13:25:00,Belgium,431.49,187.0,0,1,1,2,4,112,Regular Customers
12448,44,1,365.45,240,21,1,1,2011-10-26 13:46:00,2011-10-26 13:46:00,Spain,365.45,240.0,0,3,1,2,6,312,Regular Customers
12449,22,4,3596.29,1523,117,4,4,2011-06-05 15:37:00,2011-11-17 13:46:00,Belgium,899.0725,380.75,164,4,4,5,13,445,Champions
12450,156,2,197.88,128,7,2,2,2011-06-19 14:36:00,2011-07-06 14:41:00,Spain,98.94,64.0,17,2,1,1,4,211,Regular Customers
12451,11,5,8995.52,6574,264,5,5,2011-01-19 09:05:00,2011-11-29 08:40:00,Switzerland,1799.104,1314.8,313,5,4,5,14,545,Champions
12452,17,1,348.57,181,20,1,1,2011-11-23 08:05:00,2011-11-23 08:05:00,Switzerland,348.57,181.0,0,4,1,2,7,412,Recent Customers
12453,134,1,707.09,473,43,1,1,2011-07-28 14:08:00,2011-07-28 14:08:00,Austria,707.09,473.0,0,2,1,3,6,213,Regular Customers
12454,56,1,3528.34,1006,15,1,1,2011-10-14 17:13:00,2011-10-14 17:13:00,Spain,3528.34,1006.0,0,3,1,5,9,315,Big Spenders
12455,73,5,2339.86,2084,84,5,5,2011-02-16 09:56:00,2011-09-27 15:31:00,Spain,467.97200000000004,416.8,223,2,4,5,11,245,Loyal Customers
12456,44,3,2581.04,1618,104,3,3,2011-03-30 09:12:00,2011-10-26 14:41:00,Switzerland,860.3466666666667,539.3333333333334,210,3,2,5,10,325,Big Spenders
12457,66,6,2043.23,835,52,6,6,2011-04-14 18:57:00,2011-10-04 13:13:00,Switzerland,340.53833333333336,139.16666666666666,172,3,5,5,13,355,Loyal Customers
12458,71,2,787.4,502,34,2,2,2011-02-28 10:55:00,2011-09-29 15:25:00,Switzerland,393.7,251.0,213,3,1,3,7,313,Regular Customers
12461,155,1,626.88,282,34,1,1,2011-07-08 10:23:00,2011-07-08 10:23:00,Switzerland,626.88,282.0,0,2,1,3,6,213,Regular Customers
12462,19,2,937.59,527,50,2,2,2011-02-09 14:44:00,2011-11-21 09:11:00,Spain,468.795,263.5,284,4,1,4,9,414,Big Spenders
12463,53,4,1200.78,768,64,4,4,2011-04-12 12:47:00,2011-10-17 13:44:00,Belgium,300.195,192.0,188,3,4,4,11,344,Loyal Customers
12464,10,8,957.05,95,5,8,7,2011-02-03 13:30:00,2011-11-29 13:33:00,Belgium,119.63125,11.875,299,5,5,4,14,554,Champions
12465,17,2,682.19,475,45,2,2,2011-06-23 13:37:00,2011-11-22 16:34:00,Belgium,341.095,237.5,152,4,1,3,8,413,Recent Customers
12468,188,2,657.5400000000001,362,35,2,2,2011-01-27 13:29:00,2011-06-05 11:36:00,Germany,328.77000000000004,181.0,128,1,1,3,5,113,Regular Customers
12471,2,27,17388.65,8092,148,27,19,2010-12-10 09:35:00,2011-12-07 15:43:00,Germany,644.0240740740742,299.7037037037037,362,5,5,5,15,555,Champions
12472,32,7,6068.11,4120,218,7,7,2010-12-05 14:19:00,2011-11-07 14:01:00,Germany,866.8728571428571,588.5714285714286,336,4,5,5,14,455,Champions
12473,54,3,2585.73,2394,138,3,3,2011-06-01 10:15:00,2011-10-17 11:27:00,Germany,861.91,798.0,138,3,2,5,10,325,Big Spenders
12474,17,18,6694.09,4798,252,18,17,2011-01-14 10:06:00,2011-11-22 14:39:00,Germany,371.8938888888889,266.55555555555554,312,4,5,5,14,455,Champions
12475,54,1,669.38,532,35,1,1,2011-10-17 10:10:00,2011-10-17 10:10:00,Germany,669.38,532.0,0,3,1,3,7,313,Regular Customers
12476,16,11,5898.42,2357,176,11,10,2010-12-13 14:39:00,2011-11-24 12:40:00,Germany,536.22,214.27272727272728,345,4,5,5,14,455,Champions
12477,23,6,13219.74,3653,191,6,6,2011-02-11 12:45:00,2011-11-17 09:51:00,Germany,2203.29,608.8333333333334,278,4,5,5,14,455,Champions
12478,4,1,545.99,233,35,1,1,2011-12-06 09:56:00,2011-12-06 09:56:00,Greece,545.99,233.0,0,5,1,3,9,513,Recent Customers
12479,11,1,473.2,382,30,1,1,2011-11-28 13:26:00,2011-11-28 13:26:00,Germany,473.2,382.0,0,5,1,2,8,512,Recent Customers
12480,28,4,2885.63,1685,128,4,4,2011-01-07 15:27:00,2011-11-11 14:52:00,Germany,721.4075,421.25,307,4,4,5,13,445,Champions
12481,23,10,5003.82,3262,149,10,8,2010-12-09 10:13:00,2011-11-17 08:29:00,Germany,500.38199999999995,326.2,342,4,5,5,14,455,Champions
12483,17,8,1910.98,1094,45,8,8,2011-01-04 14:20:00,2011-11-22 17:02:00,Sweden,238.8725,136.75,322,4,5,4,13,454,Champions
12484,35,4,3939.32,2166,255,4,4,2011-01-07 14:04:00,2011-11-04 15:18:00,Spain,984.83,541.5,301,3,4,5,12,345,Loyal Customers
12488,10,3,1244.66,526,45,3,3,2011-09-25 10:34:00,2011-11-30 08:50:00,France,414.8866666666667,175.33333333333334,65,5,2,4,11,524,Big Spenders
12489,336,1,298.93,103,14,1,1,2011-01-07 13:13:00,2011-01-07 13:13:00,France,298.93,103.0,0,1,1,2,4,112,Regular Customers
12490,5,10,4859.93,3033,130,10,10,2011-01-14 09:13:00,2011-12-04 16:07:00,France,485.99300000000005,303.3,324,5,5,5,15,555,Champions
12491,39,1,424.40000000000003,258,24,1,1,2011-11-01 12:18:00,2011-11-01 12:18:00,France,424.40000000000003,258.0,0,3,1,2,6,312,Regular Customers
12492,63,2,227.21,190,18,2,2,2011-08-26 14:51:00,2011-10-07 15:15:00,Germany,113.605,95.0,42,3,1,1,5,311,Regular Customers
12493,166,2,379.74,204,18,2,2,2011-05-26 14:53:00,2011-06-27 10:17:00,France,189.87,102.0,31,2,1,2,5,212,Regular Customers
12494,16,7,1084.1,698,62,7,7,2010-12-09 11:31:00,2011-11-24 09:34:00,France,154.87142857142857,99.71428571428571,349,4,5,4,13,454,Champions
12497,82,1,953.1,1231,13,1,1,2011-09-19 12:29:00,2011-09-19 12:29:00,Germany,953.1,1231.0,0,2,1,4,7,214,Big Spenders
12498,21,3,349.70000000000005,156,20,3,2,2011-10-13 09:30:00,2011-11-18 12:53:00,Germany,116.56666666666668,52.0,36,4,2,2,8,422,Recent Customers
12500,23,11,4059.8199999999997,2667,33,11,10,2011-01-10 09:48:00,2011-11-16 16:20:00,Germany,369.07454545454544,242.45454545454547,310,4,5,5,14,455,Champions
12501,337,1,2025.39,1775,148,1,1,2011-01-07 12:28:00,2011-01-07 12:28:00,Germany,2025.39,1775.0,0,1,1,4,6,114,Big Spenders
12502,96,5,2995.87,794,101,5,5,2011-02-03 10:41:00,2011-09-05 11:52:00,Spain,599.174,158.8,214,2,4,5,11,245,Loyal Customers
12504,18,2,428.04999999999995,87,5,2,2,2011-11-09 14:56:00,2011-11-21 16:02:00,Germany,214.02499999999998,43.5,12,4,1,2,7,412,Recent Customers
12506,233,1,73.5,23,23,1,1,2011-04-21 08:54:00,2011-04-21 08:54:00,France,73.5,23.0,0,1,1,1,3,111,Regular Customers
12507,134,3,1052.81,885,18,3,3,2011-02-14 09:24:00,2011-07-28 17:09:00,Spain,350.93666666666667,295.0,164,2,2,4,8,224,Big Spenders
12508,26,2,397.88,271,57,2,2,2011-11-10 16:27:00,2011-11-13 15:37:00,France,198.94,135.5,2,4,1,2,7,412,Recent Customers
12509,284,1,158.5,54,6,1,1,2011-02-28 14:45:00,2011-02-28 14:45:00,France,158.5,54.0,0,1,1,1,3,111,Regular Customers
12510,143,2,814.5699999999999,347,28,2,2,2011-01-18 14:04:00,2011-07-20 10:15:00,Spain,407.28499999999997,173.5,182,2,1,3,6,213,Regular Customers
12512,66,2,132.18,96,31,2,1,2011-10-04 14:53:00,2011-10-04 14:55:00,Israel,66.09,48.0,0,3,1,1,5,311,Regular Customers
12513,113,1,558.29,459,34,1,1,2011-08-19 10:51:00,2011-08-19 10:51:00,France,558.29,459.0,0,2,1,3,6,213,Regular Customers
12514,267,1,1017.6800000000001,440,51,1,1,2011-03-17 16:38:00,2011-03-17 16:38:00,Italy,1017.6800000000001,440.0,0,1,1,4,6,114,Big Spenders
12515,353,1,278.7,128,15,1,1,2010-12-21 15:43:00,2010-12-21 15:43:00,Italy,278.7,128.0,0,1,1,2,4,112,Regular Customers
12516,78,2,1186.06,868,19,2,2,2011-06-12 11:37:00,2011-09-23 09:13:00,Germany,593.03,434.0,102,2,1,4,7,214,Big Spenders
12517,28,4,2301.6,1351,231,4,4,2011-06-02 15:13:00,2011-11-11 13:57:00,Germany,575.4,337.75,161,4,4,5,13,445,Champions
12518,1,5,1840.89,1306,83,5,5,2011-08-21 13:18:00,2011-12-09 10:13:00,Germany,368.178,261.2,109,5,4,4,13,544,Champions
12519,64,1,276.84000000000003,172,16,1,1,2011-10-07 09:26:00,2011-10-07 09:26:00,Germany,276.84000000000003,172.0,0,3,1,2,6,312,Regular Customers
12520,79,5,2346.26,1423,120,5,5,2011-03-11 11:35:00,2011-09-21 15:23:00,Germany,469.25200000000007,284.6,194,2,4,5,11,245,Loyal Customers
12521,143,1,545.68,306,37,1,1,2011-07-20 10:51:00,2011-07-20 10:51:00,Germany,545.68,306.0,0,2,1,3,6,213,Regular Customers
12522,39,2,156.72,192,10,2,2,2011-10-19 14:41:00,2011-10-31 15:30:00,Germany,78.36,96.0,12,3,1,1,5,311,Regular Customers
12523,19,11,1699.77,860,83,11,11,2011-01-12 09:43:00,2011-11-20 12:55:00,France,154.52454545454546,78.18181818181819,312,4,5,4,13,454,Champions
12524,9,8,3945.7200000000003,3669,112,8,8,2011-01-10 10:35:00,2011-11-30 15:31:00,Germany,493.21500000000003,458.625,324,5,5,5,15,555,Champions
12526,1,3,1172.66,624,63,3,3,2011-09-06 14:19:00,2011-12-09 12:09:00,Germany,390.8866666666667,208.0,93,5,2,4,11,524,Big Spenders
12527,82,3,330.71000000000004,233,17,3,3,2011-01-18 12:05:00,2011-09-19 11:55:00,Germany,110.23666666666668,77.66666666666667,243,2,2,2,6,222,At Risk
12528,9,6,1645.48,740,49,6,6,2011-01-31 09:05:00,2011-11-30 14:40:00,Germany,274.24666666666667,123.33333333333333,303,5,5,4,14,554,Champions
12530,60,4,1500.28,904,50,4,4,2011-01-07 10:04:00,2011-10-11 12:34:00,Germany,375.07,226.0,277,3,4,4,11,344,Loyal Customers
12531,15,1,125.22,45,17,1,1,2011-11-25 11:12:00,2011-11-25 11:12:00,Germany,125.22,45.0,0,4,1,1,6,411,Recent Customers
12532,30,1,313.83000000000004,151,15,1,1,2011-11-09 13:47:00,2011-11-09 13:47:00,France,313.83000000000004,151.0,0,4,1,2,7,412,Recent Customers
12534,131,1,981.18,645,62,1,1,2011-08-01 10:26:00,2011-08-01 10:26:00,Germany,981.18,645.0,0,2,1,4,7,214,Big Spenders
12535,92,2,716.35,219,28,2,2,2011-06-06 12:47:00,2011-09-09 08:48:00,France,358.175,109.5,94,2,1,3,6,213,Regular Customers
12536,59,1,4279.71,2801,259,1,1,2011-10-11 14:52:00,2011-10-11 14:52:00,France,4279.71,2801.0,0,3,1,5,9,315,Big Spenders
12538,29,1,363.95,191,21,1,1,2011-11-10 17:16:00,2011-11-10 17:16:00,Spain,363.95,191.0,0,4,1,2,7,412,Recent Customers
12539,22,4,5568.35,2067,157,4,4,2011-01-10 09:11:00,2011-11-17 13:30:00,Spain,1392.0875,516.75,311,4,4,5,13,445,Champions
12540,20,17,11580.24,6620,276,17,17,2010-12-13 09:39:00,2011-11-20 11:31:00,Spain,681.1905882352941,389.4117647058824,342,4,5,5,14,455,Champions
12541,30,3,841.18,675,45,3,3,2011-03-04 09:32:00,2011-11-10 10:40:00,Spain,280.3933333333333,225.0,251,4,2,3,9,423,Recent Customers
12544,36,1,316.7,134,18,1,1,2011-11-03 16:15:00,2011-11-03 16:15:00,Spain,316.7,134.0,0,3,1,2,6,312,Regular Customers
12545,75,2,832.39,517,41,2,2,2011-03-25 12:04:00,2011-09-25 13:39:00,Spain,416.195,258.5,184,2,1,3,6,213,Regular Customers
12546,47,2,1021.5,628,58,2,2,2011-09-23 09:44:00,2011-10-24 12:09:00,Spain,510.75,314.0,31,3,1,4,8,314,Big Spenders
12547,198,2,151.8,132,6,2,2,2011-03-04 12:46:00,2011-05-26 12:38:00,Spain,75.9,66.0,82,1,1,1,3,111,Regular Customers
12548,166,1,67.19999999999999,48,4,1,1,2011-06-26 15:35:00,2011-06-26 15:35:00,Spain,67.19999999999999,48.0,0,2,1,1,4,211,Regular Customers
12550,79,1,824.83,564,56,1,1,2011-09-21 14:35:00,2011-09-21 14:35:00,Spain,824.83,564.0,0,2,1,3,6,213,Regular Customers
12551,358,1,168.0,100,10,1,1,2010-12-17 11:23:00,2010-12-17 11:23:00,Spain,168.0,100.0,0,1,1,1,3,111,Regular Customers
12552,40,1,317.82,85,19,1,1,2011-10-31 12:11:00,2011-10-31 12:11:00,Italy,317.82,85.0,0,3,1,2,6,312,Regular Customers
12553,8,10,3278.28,1942,94,10,10,2011-01-14 10:42:00,2011-12-01 16:38:00,France,327.82800000000003,194.2,321,5,5,5,15,555,Champions
12556,50,2,599.56,355,100,2,2,2011-07-11 13:35:00,2011-10-20 13:06:00,Spain,299.78,177.5,100,3,1,3,7,313,Regular Customers
12557,16,5,11990.960000000001,4384,15,5,5,2010-12-03 12:20:00,2011-11-23 16:59:00,Spain,2398.192,876.8,355,4,4,5,13,445,Champions
12558,8,1,269.96,196,11,1,1,2011-12-02 10:41:00,2011-12-02 10:41:00,USA,269.96,196.0,0,5,1,2,8,512,Recent Customers
12559,311,2,525.71,281,20,2,2,2011-01-24 10:12:00,2011-02-02 09:49:00,Germany,262.855,140.5,8,1,1,3,5,113,Regular Customers
12560,5,2,1918.01,1098,90,2,2,2011-07-19 15:55:00,2011-12-04 13:54:00,Germany,959.005,549.0,137,5,1,4,10,514,Big Spenders
12561,303,1,238.85,177,16,1,1,2011-02-10 11:39:00,2011-02-10 11:39:00,Germany,238.85,177.0,0,1,1,1,3,111,Regular Customers
12562,8,7,3385.7400000000002,1757,98,7,7,2011-05-25 12:44:00,2011-12-01 17:20:00,France,483.6771428571429,251.0,190,5,5,5,15,555,Champions
12564,261,1,402.90000000000003,130,20,1,1,2011-03-23 14:55:00,2011-03-23 14:55:00,France,402.90000000000003,130.0,0,1,1,2,4,112,Regular Customers
12565,289,1,145.92000000000002,80,9,1,1,2011-02-24 10:34:00,2011-02-24 10:34:00,Saudi Arabia,145.92000000000002,80.0,0,1,1,1,3,111,Regular Customers
12566,86,1,297.65,262,18,1,1,2011-09-14 14:30:00,2011-09-14 14:30:00,Germany,297.65,262.0,0,2,1,2,5,212,Regular Customers
12567,23,10,8609.28,4261,322,10,9,2010-12-05 11:57:00,2011-11-17 11:02:00,France,860.9280000000001,426.1,346,4,5,5,14,455,Champions
12569,2,32,3152.69,1747,91,32,26,2011-04-01 13:47:00,2011-12-07 16:24:00,Germany,98.5215625,54.59375,250,5,5,5,15,555,Champions
12571,40,2,519.61,523,31,2,2,2011-08-10 12:35:00,2011-10-31 10:19:00,France,259.805,261.5,81,3,1,3,7,313,Regular Customers
12572,9,2,912.4200000000001,446,52,2,2,2011-10-19 08:20:00,2011-12-01 09:20:00,Germany,456.21000000000004,223.0,43,5,1,3,9,513,Recent Customers
12573,227,1,160.54000000000002,84,26,1,1,2011-04-26 15:52:00,2011-04-26 15:52:00,France,160.54000000000002,84.0,0,1,1,1,3,111,Regular Customers
12574,316,1,182.45000000000002,59,10,1,1,2011-01-28 09:20:00,2011-01-28 09:20:00,France,182.45000000000002,59.0,0,1,1,1,3,111,Regular Customers
12576,36,5,1315.83,967,72,5,5,2011-02-08 11:31:00,2011-11-04 10:11:00,Poland,263.166,193.4,268,3,4,4,11,344,Loyal Customers
12577,35,3,622.65,468,136,3,2,2010-12-15 16:21:00,2011-11-04 13:24:00,France,207.54999999999998,156.0,323,3,2,3,8,323,Regular Customers
12578,21,2,2402.51,1182,110,2,2,2011-01-13 15:34:00,2011-11-18 13:30:00,Italy,1201.255,591.0,308,4,1,5,10,415,Big Spenders
12579,78,1,386.42,282,28,1,1,2011-09-22 17:15:00,2011-09-22 17:15:00,France,386.42,282.0,0,2,1,2,5,212,Regular Customers
12580,247,1,379.7,236,23,1,1,2011-04-07 10:24:00,2011-04-07 10:24:00,Germany,379.7,236.0,0,1,1,2,4,112,Regular Customers
12581,40,1,179.71,160,14,1,1,2011-10-31 08:56:00,2011-10-31 08:56:00,Germany,179.71,160.0,0,3,1,1,5,311,Regular Customers
12582,239,2,351.36,296,20,2,2,2011-02-24 11:42:00,2011-04-15 08:45:00,Finland,175.68,148.0,49,1,1,2,4,112,Regular Customers
12583,3,15,6705.38,5028,114,15,15,2010-12-01 08:45:00,2011-12-07 08:07:00,France,447.0253333333333,335.2,370,5,5,5,15,555,Champions
12584,4,9,2254.15,413,43,9,9,2011-03-04 15:15:00,2011-12-06 09:35:00,Italy,250.4611111111111,45.888888888888886,276,5,5,5,15,555,Champions
12585,234,2,1824.1,1267,76,2,2,2010-12-23 12:58:00,2011-04-19 13:39:00,Germany,912.05,633.5,117,1,1,4,6,114,Big Spenders
12586,17,1,196.94000000000003,79,11,1,1,2011-11-22 16:24:00,2011-11-22 16:24:00,Italy,196.94000000000003,79.0,0,4,1,1,6,411,Recent Customers
12587,8,1,104.0,50,3,1,1,2011-12-02 12:47:00,2011-12-02 12:47:00,Finland,104.0,50.0,0,5,1,1,7,511,Recent Customers
12588,39,1,174.89999999999998,52,9,1,1,2011-10-31 15:01:00,2011-10-31 15:01:00,Finland,174.89999999999998,52.0,0,3,1,1,5,311,Regular Customers
12589,29,2,574.68,302,28,2,2,2011-07-18 12:05:00,2011-11-11 10:19:00,France,287.34,151.0,115,4,1,3,8,413,Recent Customers
12590,211,1,9341.26,4282,67,1,1,2011-05-12 14:46:00,2011-05-12 14:46:00,Germany,9341.26,4282.0,0,1,1,5,7,115,Big Spenders
12591,317,1,368.85,225,25,1,1,2011-01-26 14:35:00,2011-01-26 14:35:00,Italy,368.85,225.0,0,1,1,2,4,112,Regular Customers
12592,92,2,401.6,288,10,2,2,2011-05-10 13:44:00,2011-09-08 15:04:00,Germany,200.8,144.0,121,2,1,2,5,212,Regular Customers
12593,109,3,382.1,204,13,3,3,2011-05-05 09:29:00,2011-08-23 12:43:00,France,127.36666666666667,68.0,110,2,2,2,6,222,At Risk
12594,38,9,3208.2200000000003,1772,49,9,9,2011-01-21 09:52:00,2011-11-02 12:20:00,Italy,356.4688888888889,196.88888888888889,285,3,5,5,13,355,Loyal Customers
12596,51,2,450.27,468,24,2,2,2011-04-11 13:22:00,2011-10-19 13:02:00,Spain,225.135,234.0,190,3,1,2,6,312,Regular Customers
12597,19,4,3195.22,2214,183,4,4,2011-03-16 14:00:00,2011-11-20 13:33:00,Spain,798.805,553.5,248,4,4,5,13,445,Champions
12598,10,7,2807.08,1952,83,7,7,2011-02-28 11:58:00,2011-11-30 12:18:00,France,401.01142857142855,278.85714285714283,275,5,5,5,15,555,Champions
12599,29,7,888.58,948,31,7,7,2011-02-08 13:28:00,2011-11-10 13:34:00,France,126.94000000000001,135.42857142857142,275,4,5,3,12,453,Loyal Customers
12600,29,10,2311.04,758,31,10,10,2010-12-03 12:57:00,2011-11-11 10:29:00,Germany,231.10399999999998,75.8,342,4,5,5,14,455,Champions
12601,190,5,487.06,240,20,5,5,2011-01-11 10:38:00,2011-06-03 10:17:00,Germany,97.412,48.0,142,1,4,3,8,143,Loyal Customers
12602,59,1,153.12,162,12,1,1,2011-10-12 11:22:00,2011-10-12 11:22:00,France,153.12,162.0,0,3,1,1,5,311,Regular Customers
12603,22,1,613.1999999999999,56,1,1,1,2011-11-18 10:42:00,2011-11-18 10:42:00,Germany,613.1999999999999,56.0,0,4,1,3,8,413,Recent Customers
12604,79,2,236.18,200,14,2,2,2011-03-23 12:06:00,2011-09-21 14:08:00,France,118.09,100.0,182,2,1,1,4,211,Regular Customers
12607,60,1,1579.51,1228,101,1,1,2011-10-10 16:06:00,2011-10-10 16:06:00,USA,1579.51,1228.0,0,3,1,4,8,314,Big Spenders
12609,78,3,964.85,639,56,3,3,2011-01-25 15:13:00,2011-09-22 16:34:00,Germany,321.6166666666667,213.0,240,2,2,4,8,224,Big Spenders
12610,23,4,1747.54,1039,84,4,4,2011-08-05 13:52:00,2011-11-17 09:34:00,Italy,436.885,259.75,103,4,4,4,12,444,Champions
12611,52,1,1193.32,846,65,1,1,2011-10-18 13:12:00,2011-10-18 13:12:00,Italy,1193.32,846.0,0,3,1,4,8,314,Big Spenders
12612,74,1,668.04,260,18,1,1,2011-09-26 15:35:00,2011-09-26 15:35:00,Germany,668.04,260.0,0,2,1,3,6,213,Regular Customers
12613,57,4,3092.38,1630,123,4,3,2011-03-22 15:42:00,2011-10-13 14:59:00,Germany,773.095,407.5,204,3,4,5,12,345,Loyal Customers
12614,278,1,315.6,76,20,1,1,2011-03-07 10:22:00,2011-03-07 10:22:00,Germany,315.6,76.0,0,1,1,2,4,112,Regular Customers
12615,2,4,2093.19,1365,81,4,4,2011-06-24 13:35:00,2011-12-07 15:02:00,France,523.2975,341.25,166,5,4,5,14,545,Champions
12616,95,2,641.3,280,24,2,2,2011-02-15 14:17:00,2011-09-05 15:17:00,France,320.65,140.0,202,2,1,3,6,213,Regular Customers
12617,29,1,352.98,210,39,1,1,2011-11-10 14:39:00,2011-11-10 14:39:00,France,352.98,210.0,0,4,1,2,7,412,Recent Customers
12618,22,1,137.31,95,10,1,1,2011-11-18 11:10:00,2011-11-18 11:10:00,Italy,137.31,95.0,0,4,1,1,6,411,Recent Customers
12619,16,8,2945.56,3360,48,8,8,2011-03-31 13:10:00,2011-11-23 14:52:00,Germany,368.195,420.0,237,4,5,5,14,455,Champions
12620,15,3,1303.41,1179,88,3,3,2011-05-19 12:10:00,2011-11-25 10:20:00,France,434.47,393.0,189,4,2,4,10,424,Big Spenders
12621,2,20,12411.67,7369,260,20,17,2010-12-09 10:16:00,2011-12-08 11:25:00,Germany,620.5835,368.45,364,5,5,5,15,555,Champions
12622,232,1,162.1,68,10,1,1,2011-04-21 16:39:00,2011-04-21 16:39:00,Germany,162.1,68.0,0,1,1,1,3,111,Regular Customers
12623,276,1,269.1,189,17,1,1,2011-03-08 13:50:00,2011-03-08 13:50:00,Germany,269.1,189.0,0,1,1,2,4,112,Regular Customers
12624,106,2,569.13,351,35,2,2,2011-06-15 12:34:00,2011-08-25 15:04:00,France,284.565,175.5,71,2,1,3,6,213,Regular Customers
12625,212,2,2413.82,1597,72,2,2,2011-01-24 13:27:00,2011-05-12 09:54:00,Germany,1206.91,798.5,107,1,1,5,7,115,Big Spenders
12626,23,9,5954.4800000000005,3416,231,9,9,2011-01-17 11:01:00,2011-11-16 16:06:00,Germany,661.6088888888889,379.55555555555554,303,4,5,5,14,455,Champions
12627,11,6,4082.53,2730,161,6,6,2011-07-22 13:59:00,2011-11-29 12:07:00,Germany,680.4216666666667,455.0,129,5,5,5,15,555,Champions
12628,4,3,732.46,445,33,3,3,2011-10-06 09:28:00,2011-12-05 13:15:00,Germany,244.15333333333334,148.33333333333334,60,5,2,3,10,523,Recent Customers
12630,10,2,1030.88,542,59,2,2,2011-10-27 10:41:00,2011-11-30 10:48:00,Finland,515.44,271.0,34,5,1,4,10,514,Big Spenders
12631,57,1,480.5,232,30,1,1,2011-10-13 13:53:00,2011-10-13 13:53:00,Finland,480.5,232.0,0,3,1,2,6,312,Regular Customers
12633,59,4,1929.98,1149,72,4,4,2011-02-25 08:44:00,2011-10-12 11:40:00,Germany,482.495,287.25,229,3,4,4,11,344,Loyal Customers
12635,90,2,1509.18,1162,95,2,2,2011-07-08 08:43:00,2011-09-11 11:04:00,Germany,754.59,581.0,65,2,1,4,7,214,Big Spenders
12637,67,8,5804.9,2983,204,8,7,2011-01-20 10:47:00,2011-10-03 13:46:00,France,725.6125,372.875,256,3,5,5,13,355,Loyal Customers
12638,33,1,511.69,573,38,1,1,2011-11-06 13:11:00,2011-11-06 13:11:00,Sweden,511.69,573.0,0,4,1,3,8,413,Recent Customers
12639,239,1,366.1,198,21,1,1,2011-04-15 12:48:00,2011-04-15 12:48:00,Sweden,366.1,198.0,0,1,1,2,4,112,Regular Customers
12640,24,3,994.58,301,46,3,3,2011-09-19 12:01:00,2011-11-16 11:52:00,France,331.5266666666667,100.33333333333333,57,4,2,4,10,424,Big Spenders
12641,115,1,145.9,71,9,1,1,2011-08-16 13:26:00,2011-08-16 13:26:00,Sweden,145.9,71.0,0,2,1,1,4,211,Regular Customers
12642,25,3,905.26,546,38,3,3,2011-08-24 09:23:00,2011-11-14 15:03:00,Germany,301.75333333333333,182.0,82,4,2,3,9,423,Recent Customers
12643,128,6,3041.64,1788,10,6,5,2011-01-11 11:48:00,2011-08-03 12:56:00,France,506.94,298.0,204,2,5,5,12,255,Loyal Customers
12644,130,1,477.90999999999997,325,31,1,1,2011-08-02 10:33:00,2011-08-02 10:33:00,Germany,477.90999999999997,325.0,0,2,1,2,5,212,Regular Customers
12645,34,4,1631.18,1076,57,4,4,2011-01-27 13:08:00,2011-11-06 12:38:00,Germany,407.795,269.0,282,3,4,4,11,344,Loyal Customers
12646,5,2,1346.97,897,43,2,2,2011-10-21 12:52:00,2011-12-05 10:14:00,USA,673.485,448.5,44,5,1,4,10,514,Big Spenders
12647,22,12,3146.82,1399,77,12,11,2010-12-05 14:02:00,2011-11-17 12:56:00,Germany,262.235,116.58333333333333,346,4,5,5,14,455,Champions
12648,155,1,300.05,159,20,1,1,2011-07-08 11:55:00,2011-07-08 11:55:00,Germany,300.05,159.0,0,2,1,2,5,212,Regular Customers
12649,107,3,569.51,583,27,3,2,2011-05-11 14:37:00,2011-08-24 14:41:00,Germany,189.83666666666667,194.33333333333334,105,2,2,3,7,223,At Risk
12650,3,1,242.44,250,19,1,1,2011-12-06 16:34:00,2011-12-06 16:34:00,France,242.44,250.0,0,5,1,1,7,511,Recent Customers
12651,335,1,114.0,78,9,1,1,2011-01-09 12:46:00,2011-01-09 12:46:00,France,114.0,78.0,0,1,1,1,3,111,Regular Customers
12652,331,1,793.98,498,47,1,1,2011-01-12 15:00:00,2011-01-12 15:00:00,France,793.98,498.0,0,1,1,3,5,113,Regular Customers
12653,149,2,2209.85,919,37,2,2,2011-02-16 10:53:00,2011-07-14 10:41:00,Israel,1104.925,459.5,147,2,1,5,8,215,Big Spenders
12654,11,5,529.98,260,30,5,4,2011-02-17 13:16:00,2011-11-29 10:10:00,Germany,105.99600000000001,52.0,284,5,4,3,12,543,Loyal Customers
12656,17,5,3619.17,1699,88,5,5,2011-04-20 09:20:00,2011-11-22 13:42:00,France,723.8340000000001,339.8,216,4,4,5,13,445,Champions
12657,11,4,1427.18,1032,34,4,3,2011-09-22 11:40:00,2011-11-28 15:47:00,France,356.795,258.0,67,5,4,4,13,544,Champions
12658,19,1,632.05,317,35,1,1,2011-11-21 10:22:00,2011-11-21 10:22:00,Germany,632.05,317.0,0,4,1,3,8,413,Recent Customers
12659,30,1,73.67999999999999,104,4,1,1,2011-11-10 11:53:00,2011-11-10 11:53:00,France,73.67999999999999,104.0,0,4,1,1,6,411,Recent Customers
12660,11,1,227.10000000000002,126,12,1,1,2011-11-28 13:26:00,2011-11-28 13:26:00,France,227.10000000000002,126.0,0,5,1,1,7,511,Recent Customers
12662,1,11,3543.78,2041,128,11,10,2010-12-01 13:04:00,2011-12-09 11:59:00,Germany,322.1618181818182,185.54545454545453,372,5,5,5,15,555,Champions
12664,8,9,4391.88,1188,9,9,9,2011-01-21 11:42:00,2011-12-01 17:07:00,Finland,487.9866666666667,132.0,314,5,5,5,15,555,Champions
12665,325,1,45.0,36,2,1,1,2011-01-19 08:34:00,2011-01-19 08:34:00,Germany,45.0,36.0,0,1,1,1,3,111,Regular Customers
12667,58,1,460.13,391,32,1,1,2011-10-12 17:00:00,2011-10-12 17:00:00,Finland,460.13,391.0,0,3,1,2,6,312,Regular Customers
12668,12,4,3177.15,1599,114,4,4,2010-12-19 12:46:00,2011-11-28 10:56:00,Germany,794.2875,399.75,343,5,4,5,14,545,Champions
12669,151,2,1427.73,1104,96,2,2,2011-03-28 10:15:00,2011-07-12 09:54:00,France,713.865,552.0,105,2,1,4,7,214,Big Spenders
12670,10,5,2744.05,1383,57,5,5,2011-04-21 10:16:00,2011-11-29 15:23:00,France,548.8100000000001,276.6,222,5,4,5,14,545,Champions
12672,330,1,225.9,78,10,1,1,2011-01-14 09:20:00,2011-01-14 09:20:00,France,225.9,78.0,0,1,1,1,3,111,Regular Customers
12673,5,2,574.52,349,41,2,2,2011-01-17 11:46:00,2011-12-04 13:55:00,Germany,287.26,174.5,321,5,1,3,9,513,Recent Customers
12674,39,4,1844.6,1126,51,4,4,2011-05-16 09:10:00,2011-11-01 12:12:00,France,461.15,281.5,169,3,4,4,11,344,Loyal Customers
12676,25,6,1091.39,664,32,6,6,2011-02-01 15:41:00,2011-11-15 12:25:00,Sweden,181.89833333333334,110.66666666666667,286,4,5,4,13,454,Champions
12678,42,9,16331.46,10900,103,9,8,2010-12-21 14:26:00,2011-10-28 13:04:00,France,1814.6066666666666,1211.111111111111,310,3,5,5,13,355,Loyal Customers
12679,59,4,951.02,545,42,4,4,2011-03-01 12:26:00,2011-10-12 12:30:00,France,237.755,136.25,225,3,4,4,11,344,Loyal Customers
12680,1,4,790.81,439,32,4,4,2011-08-18 15:44:00,2011-12-09 12:50:00,France,197.7025,109.75,112,5,4,3,12,543,Loyal Customers
12681,15,22,12365.54,7457,266,22,20,2010-12-07 10:08:00,2011-11-25 11:33:00,France,562.07,338.95454545454544,353,4,5,5,14,455,Champions
12682,4,31,11019.82,5485,208,31,27,2010-12-03 13:59:00,2011-12-06 10:00:00,France,355.478064516129,176.93548387096774,367,5,5,5,15,555,Champions
12683,4,14,7612.57,4934,176,14,11,2010-12-09 10:37:00,2011-12-05 16:28:00,France,543.755,352.42857142857144,361,5,5,5,15,555,Champions
12684,8,6,2073.63,1973,59,6,6,2011-05-10 12:55:00,2011-12-02 09:53:00,France,345.605,328.8333333333333,205,5,5,5,15,555,Champions
12685,28,6,2575.08,1507,116,6,6,2011-09-07 10:28:00,2011-11-11 13:46:00,France,429.18,251.16666666666666,65,4,5,5,14,455,Champions
12686,372,1,71.14,106,6,1,1,2010-12-03 09:51:00,2010-12-03 09:51:00,France,71.14,106.0,0,1,1,1,3,111,Regular Customers
12688,114,1,4873.81,3028,171,1,1,2011-08-18 08:49:00,2011-08-18 08:49:00,Israel,4873.81,3028.0,0,2,1,5,8,215,Big Spenders
12689,26,2,1139.6100000000001,622,56,2,2,2011-08-04 10:04:00,2011-11-14 08:31:00,France,569.8050000000001,311.0,101,4,1,4,9,414,Big Spenders
12690,206,1,335.01,103,15,1,1,2011-05-18 09:09:00,2011-05-18 09:09:00,France,335.01,103.0,0,1,1,2,4,112,Regular Customers
12691,28,5,927.8,388,20,5,5,2010-12-17 14:46:00,2011-11-11 16:49:00,France,185.56,77.6,329,4,4,4,12,444,Champions
12693,127,4,711.91,247,34,4,4,2011-01-24 12:58:00,2011-08-04 17:51:00,Germany,177.9775,61.75,192,2,4,3,9,243,Loyal Customers
12694,70,2,761.67,503,31,2,2,2011-06-09 17:48:00,2011-09-30 13:06:00,France,380.835,251.5,112,3,1,3,7,313,Regular Customers
12695,7,4,582.1,220,23,4,4,2011-05-13 13:15:00,2011-12-02 13:22:00,France,145.525,55.0,203,5,4,3,12,543,Loyal Customers
12697,29,3,757.59,503,36,3,3,2011-06-23 15:44:00,2011-11-11 08:47:00,Sweden,252.53,167.66666666666666,140,4,2,3,9,423,Recent Customers
12700,8,4,4525.99,2944,192,4,4,2011-05-08 16:10:00,2011-12-02 10:47:00,France,1131.4975,736.0,207,5,4,5,14,545,Champions
12701,80,2,725.71,674,49,2,2,2011-04-11 13:02:00,2011-09-21 10:47:00,Germany,362.855,337.0,162,2,1,3,6,213,Regular Customers
12702,20,1,201.0,52,11,1,1,2011-11-20 10:36:00,2011-11-20 10:36:00,Germany,201.0,52.0,0,4,1,1,6,411,Recent Customers
12703,71,1,265.55,163,20,1,1,2011-09-29 17:52:00,2011-09-29 17:52:00,Germany,265.55,163.0,0,3,1,2,6,312,Regular Customers
12704,7,8,1740.84,991,63,8,7,2011-06-23 10:20:00,2011-12-02 13:15:00,Finland,217.605,123.875,162,5,5,4,14,554,Champions
12705,15,8,6382.29,3970,227,8,8,2010-12-17 15:58:00,2011-11-24 13:17:00,Germany,797.78625,496.25,341,4,5,5,14,455,Champions
12707,292,1,603.42,256,33,1,1,2011-02-21 08:38:00,2011-02-21 08:38:00,France,603.42,256.0,0,1,1,3,5,113,Regular Customers
12708,30,10,2442.91,1292,85,10,10,2010-12-06 10:43:00,2011-11-10 09:52:00,Germany,244.291,129.2,338,4,5,5,14,455,Champions
12709,15,15,9400.52,3895,92,15,15,2010-12-08 09:49:00,2011-11-24 15:38:00,Germany,626.7013333333333,259.6666666666667,351,4,5,5,14,455,Champions
12710,97,3,1023.02,844,74,3,3,2011-05-22 14:05:00,2011-09-04 12:00:00,Germany,341.00666666666666,281.3333333333333,104,2,2,4,8,224,Big Spenders
12712,29,13,3928.13,1036,57,13,13,2010-12-03 14:30:00,2011-11-11 08:19:00,Germany,302.1638461538462,79.6923076923077,342,4,5,5,14,455,Champions
12713,1,1,794.55,505,37,1,1,2011-12-09 12:16:00,2011-12-09 12:16:00,Germany,794.55,505.0,0,5,1,3,9,513,Recent Customers
12714,9,5,4294.86,3046,215,5,5,2011-02-18 10:53:00,2011-11-30 15:43:00,France,858.972,609.2,285,5,4,5,14,545,Champions
12715,106,1,263.36,190,19,1,1,2011-08-25 15:22:00,2011-08-25 15:22:00,Sweden,263.36,190.0,0,2,1,2,5,212,Regular Customers
12716,4,2,963.49,703,59,2,2,2011-07-29 13:28:00,2011-12-06 08:55:00,France,481.745,351.5,129,5,1,4,10,514,Big Spenders
12717,151,2,830.98,502,48,2,2,2011-04-08 10:32:00,2011-07-11 14:47:00,Greece,415.49,251.0,94,2,1,3,6,213,Regular Customers
12718,71,1,202.25,201,18,1,1,2011-09-29 16:38:00,2011-09-29 16:38:00,France,202.25,201.0,0,3,1,1,5,311,Regular Customers
12719,5,2,572.95,370,33,2,2,2011-10-05 14:50:00,2011-12-04 13:45:00,France,286.475,185.0,59,5,1,3,9,513,Recent Customers
12720,3,25,5115.73,4635,210,25,21,2010-12-05 15:21:00,2011-12-07 08:03:00,Germany,204.62919999999997,185.4,366,5,5,5,15,555,Champions
12721,32,6,2386.13,1944,132,6,6,2010-12-20 11:38:00,2011-11-08 12:13:00,France,397.68833333333333,324.0,323,4,5,5,14,455,Champions
12722,85,4,979.63,565,49,4,4,2011-07-12 11:55:00,2011-09-15 14:50:00,France,244.9075,141.25,65,2,4,4,10,244,Loyal Customers
12723,4,5,707.07,433,52,5,3,2011-10-05 15:52:00,2011-12-06 10:19:00,France,141.41400000000002,86.6,61,5,4,3,12,543,Loyal Customers
12724,5,4,923.41,439,46,4,4,2011-01-11 15:00:00,2011-12-04 16:02:00,France,230.8525,109.75,327,5,4,4,13,544,Champions
12725,371,1,371.8,162,23,1,1,2010-12-03 15:45:00,2010-12-03 15:45:00,Italy,371.8,162.0,0,1,1,2,4,112,Regular Customers
12726,28,7,2411.1,3132,56,7,7,2010-12-17 12:56:00,2011-11-11 13:35:00,France,344.4428571428571,447.42857142857144,329,4,5,5,14,455,Champions
12727,11,7,3440.7000000000003,2068,108,7,6,2011-01-23 15:17:00,2011-11-29 11:46:00,France,491.52857142857147,295.42857142857144,309,5,5,5,15,555,Champions
12728,71,4,728.33,413,37,4,4,2011-01-11 13:31:00,2011-09-29 15:31:00,France,182.0825,103.25,261,3,4,3,10,343,Loyal Customers
12729,114,1,417.01,231,25,1,1,2011-08-18 11:40:00,2011-08-18 11:40:00,France,417.01,231.0,0,2,1,2,5,212,Regular Customers
12731,24,12,18751.91,8429,108,12,11,2010-12-10 10:56:00,2011-11-16 11:59:00,France,1562.6591666666666,702.4166666666666,341,4,5,5,14,455,Champions
12732,180,1,218.26000000000002,110,11,1,1,2011-06-13 11:33:00,2011-06-13 11:33:00,France,218.26000000000002,110.0,0,1,1,1,3,111,Regular Customers
12733,234,1,383.95,137,22,1,1,2011-04-19 16:19:00,2011-04-19 16:19:00,USA,383.95,137.0,0,1,1,2,4,112,Regular Customers
12734,353,1,110.39999999999999,88,4,1,1,2010-12-22 12:47:00,2010-12-22 12:47:00,France,110.39999999999999,88.0,0,1,1,1,3,111,Regular Customers
12735,315,2,689.5699999999999,363,37,2,2,2011-01-06 14:26:00,2011-01-28 13:37:00,France,344.78499999999997,181.5,21,1,1,3,5,113,Regular Customers
12736,333,1,144.0,168,3,1,1,2011-01-11 07:57:00,2011-01-11 07:57:00,France,144.0,168.0,0,1,1,1,3,111,Regular Customers
12738,372,1,137.35,147,10,1,1,2010-12-02 18:27:00,2010-12-02 18:27:00,Germany,137.35,147.0,0,1,1,1,3,111,Regular Customers
12739,99,1,975.54,485,37,1,1,2011-09-01 17:45:00,2011-09-01 17:45:00,United Arab Emirates,975.54,485.0,0,2,1,4,7,214,Big Spenders
12740,64,1,427.6,342,27,1,1,2011-10-07 10:44:00,2011-10-07 10:44:00,France,427.6,342.0,0,3,1,2,6,312,Regular Customers
12743,134,2,540.13,315,114,2,1,2011-07-28 16:06:00,2011-07-28 16:21:00,Unspecified,270.065,157.5,0,2,1,3,6,213,Regular Customers
12744,56,4,9120.39,5234,177,4,4,2011-01-25 13:26:00,2011-10-14 14:54:00,Singapore,2280.0975,1308.5,262,3,4,5,12,345,Loyal Customers
12747,2,11,4196.01,1275,42,11,11,2010-12-05 15:38:00,2011-12-07 14:34:00,United Kingdom,381.4554545454546,115.9090909090909,366,5,5,5,15,555,Champions
12748,1,206,31650.78,25051,1766,206,113,2010-12-01 12:48:00,2011-12-09 12:20:00,United Kingdom,153.6445631067961,121.60679611650485,372,5,5,5,15,555,Champions
12749,4,5,4040.88,1470,159,5,4,2011-05-10 15:25:00,2011-12-06 09:56:00,United Kingdom,808.176,294.0,209,5,4,5,14,545,Champions
12750,129,1,275.88,137,15,1,1,2011-08-03 09:13:00,2011-08-03 09:13:00,Poland,275.88,137.0,0,2,1,2,5,212,Regular Customers
12752,81,1,4366.78,2262,53,1,1,2011-09-19 13:32:00,2011-09-19 13:32:00,Norway,4366.78,2262.0,0,2,1,5,8,215,Big Spenders
12753,23,6,21429.39,11421,132,6,6,2010-12-12 11:44:00,2011-11-17 10:52:00,Japan,3571.565,1903.5,339,4,5,5,14,455,Champions
12754,236,3,3010.74,6481,49,3,3,2011-02-04 10:31:00,2011-04-18 09:00:00,Japan,1003.5799999999999,2160.3333333333335,72,1,2,5,8,125,Big Spenders
12755,281,2,3811.9500000000003,1491,4,2,2,2010-12-09 10:44:00,2011-03-04 12:42:00,Japan,1905.9750000000001,745.5,85,1,1,5,7,115,Big Spenders
12756,87,1,112.08,144,4,1,1,2011-09-14 09:31:00,2011-09-14 09:31:00,Japan,112.08,144.0,0,2,1,1,4,211,Regular Customers
12757,16,9,4176.75,2387,235,9,8,2011-05-12 19:01:00,2011-11-24 12:30:00,Portugal,464.0833333333333,265.22222222222223,195,4,5,5,14,455,Champions
12758,117,2,2791.59,2135,84,2,2,2011-03-08 12:05:00,2011-08-15 10:22:00,Portugal,1395.795,1067.5,159,2,1,5,8,215,Big Spenders
12759,52,3,1411.44,894,80,3,3,2011-03-09 08:09:00,2011-10-18 14:49:00,Netherlands,470.48,298.0,223,3,2,4,9,324,Big Spenders
12762,8,2,1702.52,1220,61,2,2,2011-11-14 14:23:00,2011-12-02 10:23:00,Portugal,851.26,610.0,17,5,1,4,10,514,Big Spenders
12763,138,2,494.08,316,16,2,2,2010-12-05 15:46:00,2011-07-24 14:12:00,Japan,247.04,158.0,230,2,1,3,6,213,Regular Customers
12764,317,1,1693.88,386,45,1,1,2011-01-27 10:19:00,2011-01-27 10:19:00,Lebanon,1693.88,386.0,0,1,1,4,6,114,Big Spenders
12766,4,7,6457.63,3627,204,7,7,2010-12-08 13:53:00,2011-12-06 08:46:00,Portugal,922.5185714285715,518.1428571428571,362,5,5,5,15,555,Champions
12769,239,1,1143.6,356,32,1,1,2011-04-15 10:25:00,2011-04-15 10:25:00,Brazil,1143.6,356.0,0,1,1,4,6,114,Big Spenders
12770,211,1,1351.45,743,12,1,1,2011-05-13 09:33:00,2011-05-13 09:33:00,Japan,1351.45,743.0,0,1,1,4,6,114,Big Spenders
12772,60,1,752.47,551,54,1,1,2011-10-11 09:19:00,2011-10-11 09:19:00,Portugal,752.47,551.0,0,3,1,3,7,313,Regular Customers
12775,17,5,1281.04,870,46,5,5,2011-02-01 13:45:00,2011-11-22 16:33:00,Netherlands,256.20799999999997,174.0,294,4,4,4,12,444,Champions
12778,20,6,693.23,817,39,6,6,2011-01-31 14:35:00,2011-11-20 11:30:00,Netherlands,115.53833333333334,136.16666666666666,292,4,5,3,12,453,Loyal Customers
12779,38,8,3981.36,2024,88,8,8,2010-12-03 13:40:00,2011-11-02 11:43:00,Poland,497.67,253.0,333,3,5,5,13,355,Loyal Customers
12781,64,2,786.74,670,24,2,2,2011-02-28 08:43:00,2011-10-07 10:37:00,Czech Republic,393.37,335.0,221,3,1,3,7,313,Regular Customers
12782,5,5,1938.92,1072,80,5,5,2010-12-17 11:30:00,2011-12-05 09:16:00,Portugal,387.784,214.4,352,5,4,4,13,544,Champions
12783,2,4,1295.8700000000001,611,74,4,4,2011-09-25 15:35:00,2011-12-07 15:56:00,Portugal,323.96750000000003,152.75,73,5,4,4,13,544,Champions
12784,15,1,476.82,278,53,1,1,2011-11-24 12:53:00,2011-11-24 12:53:00,Portugal,476.82,278.0,0,4,1,2,7,412,Recent Customers
12785,364,1,255.95,129,13,1,1,2010-12-10 13:48:00,2010-12-10 13:48:00,Portugal,255.95,129.0,0,1,1,2,4,112,Regular Customers
12787,10,3,418.66,258,16,3,3,2011-05-31 09:36:00,2011-11-30 08:44:00,Netherlands,139.55333333333334,86.0,182,5,2,2,9,522,Recent Customers
12789,65,1,76.85,3,3,1,1,2011-10-05 13:34:00,2011-10-05 13:34:00,Netherlands,76.85,3.0,0,3,1,1,5,311,Regular Customers
12790,192,1,294.92,164,20,1,1,2011-05-31 14:14:00,2011-05-31 14:14:00,Netherlands,294.92,164.0,0,1,1,2,4,112,Regular Customers
12791,374,1,177.60000000000002,96,1,1,1,2010-12-01 11:27:00,2010-12-01 11:27:00,Netherlands,177.60000000000002,96.0,0,1,1,1,3,111,Regular Customers
12792,257,1,344.54,215,24,1,1,2011-03-28 11:36:00,2011-03-28 11:36:00,Portugal,344.54,215.0,0,1,1,2,4,112,Regular Customers
12793,335,2,461.48,292,20,2,2,2010-12-03 15:14:00,2011-01-09 12:12:00,Portugal,230.74,146.0,36,1,1,2,4,112,Regular Customers
12794,53,2,860.41,592,43,2,2,2011-09-02 12:01:00,2011-10-17 14:54:00,Portugal,430.205,296.0,45,3,1,3,7,313,Regular Customers
12795,19,1,318.48,64,13,1,1,2011-11-21 10:27:00,2011-11-21 10:27:00,Portugal,318.48,64.0,0,4,1,2,7,412,Recent Customers
12797,366,1,226.03,117,12,1,1,2010-12-09 10:55:00,2010-12-09 10:55:00,Portugal,226.03,117.0,0,1,1,1,3,111,Regular Customers
12798,10,3,6977.04,5256,6,3,3,2011-06-22 10:11:00,2011-11-29 15:52:00,Japan,2325.68,1752.0,160,5,2,5,12,525,Big Spenders
12802,187,1,397.58,312,24,1,1,2011-06-06 09:36:00,2011-06-06 09:36:00,Netherlands,397.58,312.0,0,1,1,2,4,112,Regular Customers
12808,37,3,455.65000000000003,187,26,3,3,2010-12-06 10:27:00,2011-11-03 10:05:00,Portugal,151.88333333333335,62.333333333333336,331,3,2,2,7,322,Regular Customers
12809,178,1,405.31,217,24,1,1,2011-06-15 10:51:00,2011-06-15 10:51:00,Portugal,405.31,217.0,0,2,1,2,5,212,Regular Customers
12811,262,2,458.85,227,26,2,2,2011-02-28 15:39:00,2011-03-23 10:55:00,Portugal,229.425,113.5,22,1,1,2,4,112,Regular Customers
12812,45,1,229.64000000000001,164,15,1,1,2011-10-26 09:54:00,2011-10-26 09:54:00,Japan,229.64000000000001,164.0,0,3,1,1,5,311,Regular Customers
12814,102,1,85.92,48,1,1,1,2011-08-30 12:11:00,2011-08-30 12:11:00,Poland,85.92,48.0,0,2,1,1,4,211,Regular Customers
12815,148,2,863.46,374,37,2,2,2011-05-25 13:34:00,2011-07-15 10:21:00,Poland,431.73,187.0,50,2,1,3,6,213,Regular Customers
12816,96,2,452.2,125,26,2,2,2011-06-16 13:24:00,2011-09-05 12:41:00,Poland,226.1,62.5,80,2,1,2,5,212,Regular Customers
12817,281,1,126.04,52,3,1,1,2011-03-03 16:28:00,2011-03-03 16:28:00,Austria,126.04,52.0,0,1,1,1,3,111,Regular Customers
12818,262,1,1182.0800000000002,920,13,1,1,2011-03-23 12:06:00,2011-03-23 12:06:00,Austria,1182.0800000000002,920.0,0,1,1,4,6,114,Big Spenders
12820,3,4,942.34,722,55,4,4,2011-01-17 12:34:00,2011-12-06 15:12:00,United Kingdom,235.585,180.5,323,5,4,4,13,544,Champions
12821,214,1,92.72,70,6,1,1,2011-05-09 15:51:00,2011-05-09 15:51:00,United Kingdom,92.72,70.0,0,1,1,1,3,111,Regular Customers
12822,71,2,948.88,550,41,2,2,2011-09-13 13:46:00,2011-09-30 10:04:00,United Kingdom,474.44,275.0,16,3,1,4,8,314,Big Spenders
12823,75,5,1759.5,230,1,5,5,2011-02-16 12:15:00,2011-09-26 07:35:00,United Kingdom,351.9,46.0,221,2,4,4,10,244,Loyal Customers
12824,60,1,397.12,232,25,1,1,2011-10-11 12:49:00,2011-10-11 12:49:00,United Kingdom,397.12,232.0,0,3,1,2,6,312,Regular Customers
12826,3,7,1474.72,1058,58,7,7,2010-12-09 15:21:00,2011-12-07 10:25:00,United Kingdom,210.67428571428573,151.14285714285714,362,5,5,4,14,554,Champions
12827,6,3,430.15,197,19,3,3,2011-10-26 15:44:00,2011-12-04 12:17:00,United Kingdom,143.38333333333333,65.66666666666667,38,5,2,2,9,522,Recent Customers
12828,3,6,1018.71,494,46,6,6,2011-08-01 16:16:00,2011-12-07 08:45:00,United Kingdom,169.785,82.33333333333333,127,5,5,4,14,554,Champions
12829,337,2,293.0,376,9,2,2,2010-12-14 14:54:00,2011-01-07 11:13:00,United Kingdom,146.5,188.0,23,1,1,2,4,112,Regular Customers
12830,38,6,6814.64,9848,13,6,5,2011-06-21 10:53:00,2011-11-02 11:54:00,United Kingdom,1135.7733333333333,1641.3333333333333,134,3,5,5,13,355,Loyal Customers
12831,262,1,215.05,135,9,1,1,2011-03-22 13:02:00,2011-03-22 13:02:00,United Kingdom,215.05,135.0,0,1,1,1,3,111,Regular Customers
12832,32,2,383.03000000000003,195,27,2,2,2011-09-02 13:48:00,2011-11-07 13:30:00,United Kingdom,191.51500000000001,97.5,65,4,1,2,7,412,Recent Customers
12833,145,1,417.38,156,24,1,1,2011-07-17 13:46:00,2011-07-17 13:46:00,United Kingdom,417.38,156.0,0,2,1,2,5,212,Regular Customers
12834,283,1,312.38,110,18,1,1,2011-03-02 09:49:00,2011-03-02 09:49:00,United Kingdom,312.38,110.0,0,1,1,2,4,112,Regular Customers
12836,59,4,2610.36,1062,148,4,4,2011-02-01 11:19:00,2011-10-11 15:10:00,United Kingdom,652.59,265.5,252,3,4,5,12,345,Loyal Customers
12837,173,1,134.1,24,12,1,1,2011-06-19 16:07:00,2011-06-19 16:07:00,United Kingdom,134.1,24.0,0,2,1,1,4,211,Regular Customers
12838,34,2,671.95,355,115,2,2,2010-12-01 11:57:00,2011-11-06 12:20:00,United Kingdom,335.975,177.5,340,3,1,3,7,313,Regular Customers
12839,3,14,5591.42,3807,95,14,14,2010-12-07 15:48:00,2011-12-07 12:33:00,United Kingdom,399.38714285714286,271.92857142857144,364,5,5,5,15,555,Champions
12840,144,4,2726.77,1511,67,4,4,2011-04-27 12:21:00,2011-07-19 09:29:00,United Kingdom,681.6925,377.75,82,2,4,5,11,245,Loyal Customers
12841,5,25,3991.58,2720,229,25,24,2010-12-03 10:43:00,2011-12-05 11:13:00,United Kingdom,159.6632,108.8,367,5,5,5,15,555,Champions
12842,70,2,1118.99,547,34,2,2,2011-02-04 12:36:00,2011-09-30 15:33:00,United Kingdom,559.495,273.5,238,3,1,4,8,314,Big Spenders
12843,66,8,1702.26,781,69,8,8,2011-03-20 14:38:00,2011-10-05 12:09:00,United Kingdom,212.7825,97.625,198,3,5,4,12,354,Loyal Customers
12844,29,2,325.96000000000004,125,47,2,2,2011-08-01 13:11:00,2011-11-10 13:31:00,United Kingdom,162.98000000000002,62.5,101,4,1,2,7,412,Recent Customers
12845,267,4,354.09000000000003,204,26,4,4,2011-02-22 14:10:00,2011-03-17 13:34:00,United Kingdom,88.52250000000001,51.0,22,1,4,2,7,142,At Risk
12847,22,1,843.64,873,72,1,1,2011-11-17 13:16:00,2011-11-17 13:16:00,United Kingdom,843.64,873.0,0,4,1,3,8,413,Recent Customers
12849,31,2,992.65,579,46,2,2,2011-03-16 12:26:00,2011-11-08 13:41:00,United Kingdom,496.325,289.5,237,4,1,4,9,414,Big Spenders
12851,97,1,131.81,106,43,1,1,2011-09-04 12:41:00,2011-09-04 12:41:00,United Kingdom,131.81,106.0,0,2,1,1,4,211,Regular Customers
12852,295,1,311.55,149,17,1,1,2011-02-18 08:47:00,2011-02-18 08:47:00,United Kingdom,311.55,149.0,0,1,1,2,4,112,Regular Customers
12853,135,6,1957.1000000000001,800,66,6,3,2011-01-28 10:28:00,2011-07-28 11:29:00,United Kingdom,326.18333333333334,133.33333333333334,181,2,5,4,11,254,Loyal Customers
12854,79,3,1316.25,626,95,3,3,2011-01-25 13:35:00,2011-09-22 12:15:00,United Kingdom,438.75,208.66666666666666,239,2,2,4,8,224,Big Spenders
12855,373,1,38.1,30,3,1,1,2010-12-02 09:37:00,2010-12-02 09:37:00,United Kingdom,38.1,30.0,0,1,1,1,3,111,Regular Customers
12856,8,6,2170.78,1076,155,6,6,2011-10-07 12:38:00,2011-12-02 10:52:00,United Kingdom,361.7966666666667,179.33333333333334,55,5,5,5,15,555,Champions
12857,211,2,1106.4,343,37,2,2,2011-02-10 12:32:00,2011-05-13 10:20:00,United Kingdom,553.2,171.5,91,1,1,4,6,114,Big Spenders
12863,52,1,521.2,188,5,1,1,2011-10-18 14:15:00,2011-10-18 14:15:00,United Kingdom,521.2,188.0,0,3,1,3,7,313,Regular Customers
12864,138,1,147.12,216,3,1,1,2011-07-24 13:03:00,2011-07-24 13:03:00,United Kingdom,147.12,216.0,0,2,1,1,4,211,Regular Customers
12865,26,2,1568.23,925,86,2,2,2011-08-08 10:11:00,2011-11-13 14:31:00,Austria,784.115,462.5,97,4,1,4,9,414,Big Spenders
12866,283,1,499.12,167,25,1,1,2011-03-01 14:11:00,2011-03-01 14:11:00,Belgium,499.12,167.0,0,1,1,3,5,113,Regular Customers
12867,26,7,4009.34,4284,240,7,7,2010-12-14 16:39:00,2011-11-13 15:30:00,United Kingdom,572.7628571428571,612.0,333,4,5,5,14,455,Champions
12868,186,6,1607.0600000000002,928,72,6,6,2010-12-01 12:50:00,2011-06-07 10:42:00,United Kingdom,267.84333333333336,154.66666666666666,187,1,5,4,10,154,Loyal Customers
12871,84,2,380.64,200,8,2,2,2011-05-16 13:32:00,2011-09-16 15:07:00,United Kingdom,190.32,100.0,123,2,1,2,5,212,Regular Customers
12872,327,2,599.97,319,58,2,2,2010-12-09 14:44:00,2011-01-17 10:52:00,United Kingdom,299.985,159.5,38,1,1,3,5,113,Regular Customers
12873,282,1,374.0,128,4,1,1,2011-03-02 14:58:00,2011-03-02 14:58:00,United Kingdom,374.0,128.0,0,1,1,2,4,112,Regular Customers
12875,143,2,343.2300000000001,2019,1,2,2,2010-12-12 12:03:00,2011-07-19 15:30:00,United Kingdom,171.61500000000004,1009.5,219,2,1,2,5,212,Regular Customers
12876,58,2,2053.02,1930,66,2,2,2011-05-27 13:34:00,2011-10-13 12:26:00,Belgium,1026.51,965.0,138,3,1,5,9,315,Big Spenders
12877,4,12,1535.77,1178,100,12,12,2010-12-16 12:23:00,2011-12-06 10:30:00,United Kingdom,127.98083333333334,98.16666666666667,354,5,5,4,14,554,Champions
12878,236,2,854.99,547,38,2,2,2011-03-18 14:02:00,2011-04-17 13:07:00,United Kingdom,427.495,273.5,29,1,1,3,5,113,Regular Customers
12879,45,3,573.22,370,7,3,3,2011-09-09 12:11:00,2011-10-26 12:24:00,United Kingdom,191.07333333333335,123.33333333333333,47,3,2,3,8,323,Regular Customers
12881,276,1,298.0,21,7,1,1,2011-03-09 11:44:00,2011-03-09 11:44:00,United Kingdom,298.0,21.0,0,1,1,2,4,112,Regular Customers
12882,9,2,1463.04,246,12,2,2,2011-11-06 11:22:00,2011-11-30 16:18:00,United Kingdom,731.52,123.0,24,5,1,4,10,514,Big Spenders
12883,25,4,703.47,196,39,4,2,2011-09-11 15:18:00,2011-11-15 09:32:00,United Kingdom,175.8675,49.0,64,4,4,3,11,443,Loyal Customers
12884,88,1,309.05,43,7,1,1,2011-09-12 13:10:00,2011-09-12 13:10:00,United Kingdom,309.05,43.0,0,2,1,2,5,212,Regular Customers
12885,63,3,1175.22,655,66,3,2,2011-08-08 11:45:00,2011-10-07 13:40:00,United Kingdom,391.74,218.33333333333334,60,3,2,4,9,324,Big Spenders
12886,68,2,1378.4,770,75,2,2,2011-05-04 11:21:00,2011-10-03 10:09:00,United Kingdom,689.2,385.0,151,3,1,4,8,314,Big Spenders
12888,214,2,354.12,76,4,2,2,2011-03-29 14:31:00,2011-05-09 16:02:00,United Kingdom,177.06,38.0,41,1,1,2,4,112,Regular Customers
12890,24,1,376.71999999999997,256,78,1,1,2011-11-15 17:26:00,2011-11-15 17:26:00,United Kingdom,376.71999999999997,256.0,0,4,1,2,7,412,Recent Customers
12891,186,3,331.0,950,2,3,3,2011-02-20 11:28:00,2011-06-07 12:31:00,United Kingdom,110.33333333333333,316.6666666666667,107,1,2,2,5,122,At Risk
12893,31,1,176.55,90,27,1,1,2011-11-09 12:34:00,2011-11-09 12:34:00,United Kingdom,176.55,90.0,0,4,1,1,6,411,Recent Customers
12895,42,2,372.8,210,22,2,2,2011-09-14 08:35:00,2011-10-28 13:51:00,United Kingdom,186.4,105.0,44,3,1,2,6,312,Regular Customers
12897,205,2,216.5,110,3,2,2,2011-02-11 11:40:00,2011-05-19 12:13:00,United Kingdom,108.25,55.0,97,1,1,1,3,111,Regular Customers
12901,9,28,17654.54,23075,30,28,23,2011-03-14 10:41:00,2011-12-01 10:07:00,United Kingdom,630.5192857142857,824.1071428571429,261,5,5,5,15,555,Champions
12902,265,1,138.68,66,10,1,1,2011-03-20 12:06:00,2011-03-20 12:06:00,United Kingdom,138.68,66.0,0,1,1,1,3,111,Regular Customers
12904,18,2,496.06,294,59,2,2,2011-06-20 13:18:00,2011-11-21 14:34:00,United Kingdom,248.03,147.0,154,4,1,3,8,413,Recent Customers
12906,12,5,2919.81,1749,55,5,2,2011-09-22 15:03:00,2011-11-28 09:55:00,United Kingdom,583.962,349.8,66,5,4,5,14,545,Champions
12908,176,2,750.0,1200,1,2,2,2011-01-31 12:37:00,2011-06-16 15:39:00,United Kingdom,375.0,600.0,136,2,1,3,6,213,Regular Customers
12909,40,5,2178.67,1280,78,5,4,2011-03-31 12:51:00,2011-10-31 12:43:00,United Kingdom,435.73400000000004,256.0,213,3,4,5,12,345,Loyal Customers
12910,23,8,3075.04,1692,48,8,6,2011-04-12 10:01:00,2011-11-16 14:28:00,United Kingdom,384.38,211.5,218,4,5,5,14,455,Champions
12912,3,5,1662.3,670,17,5,5,2011-10-30 11:35:00,2011-12-07 08:55:00,United Kingdom,332.46,134.0,37,5,4,4,13,544,Champions
12913,5,5,2483.63,1419,37,5,5,2010-12-06 16:36:00,2011-12-05 12:11:00,United Kingdom,496.726,283.8,363,5,4,5,14,545,Champions
12915,149,2,363.65,93,19,2,2,2010-12-02 12:33:00,2011-07-14 11:34:00,United Kingdom,181.825,46.5,223,2,1,2,5,212,Regular Customers
12916,139,4,2944.95,1083,53,4,4,2011-01-23 10:43:00,2011-07-24 10:35:00,United Kingdom,736.2375,270.75,181,2,4,5,11,245,Loyal Customers
12917,128,1,594.0,120,2,1,1,2011-08-03 16:42:00,2011-08-03 16:42:00,United Kingdom,594.0,120.0,0,2,1,3,6,213,Regular Customers
12919,8,6,1335.19,673,34,6,6,2011-06-23 09:22:00,2011-12-01 13:47:00,United Kingdom,222.53166666666667,112.16666666666667,161,5,5,4,14,554,Champions
12920,17,1,162.78,128,27,1,1,2011-11-22 15:05:00,2011-11-22 15:05:00,United Kingdom,162.78,128.0,0,4,1,1,6,411,Recent Customers
12921,9,37,16587.09,9526,233,37,23,2010-12-01 15:06:00,2011-11-30 16:22:00,United Kingdom,448.29972972972973,257.4594594594595,364,5,5,5,15,555,Champions
12922,161,1,405.38,370,28,1,1,2011-07-01 15:35:00,2011-07-01 15:35:00,United Kingdom,405.38,370.0,0,2,1,2,5,212,Regular Customers
12923,64,1,171.57,67,27,1,1,2011-10-06 16:20:00,2011-10-06 16:20:00,United Kingdom,171.57,67.0,0,3,1,1,5,311,Regular Customers
12924,88,4,925.75,480,21,4,4,2011-01-16 11:49:00,2011-09-12 13:55:00,United Kingdom,231.4375,120.0,239,2,4,4,10,244,Loyal Customers
12925,5,2,694.05,541,42,2,2,2011-09-26 11:05:00,2011-12-05 11:11:00,United Kingdom,347.025,270.5,70,5,1,3,9,513,Recent Customers
12928,35,5,2062.7,1472,59,5,5,2010-12-15 15:45:00,2011-11-04 14:24:00,United Kingdom,412.53999999999996,294.4,323,3,4,5,12,345,Loyal Customers
12929,312,1,117.85,37,8,1,1,2011-02-01 12:08:00,2011-02-01 12:08:00,United Kingdom,117.85,37.0,0,1,1,1,3,111,Regular Customers
12930,78,2,415.8,252,20,2,2,2011-06-21 13:25:00,2011-09-22 15:18:00,United Kingdom,207.9,126.0,93,2,1,2,5,212,Regular Customers
12931,22,15,42055.96,28004,28,15,12,2010-12-17 09:45:00,2011-11-18 12:39:00,United Kingdom,2803.730666666667,1866.9333333333334,336,4,5,5,14,455,Champions
12933,24,3,607.53,499,102,3,3,2011-03-01 11:30:00,2011-11-15 16:38:00,United Kingdom,202.51,166.33333333333334,259,4,2,3,9,423,Recent Customers
12935,2,7,2160.7,1853,80,7,6,2011-01-24 13:58:00,2011-12-07 17:25:00,United Kingdom,308.6714285714285,264.7142857142857,317,5,5,5,15,555,Champions
12936,17,4,1063.9,559,56,4,3,2011-09-22 13:51:00,2011-11-22 17:32:00,United Kingdom,265.975,139.75,61,4,4,4,12,444,Champions
12937,15,4,1504.27,1007,81,4,4,2011-03-17 14:19:00,2011-11-24 15:05:00,United Kingdom,376.0675,251.75,252,4,4,4,12,444,Champions
12938,26,1,114.14,140,9,1,1,2011-11-14 11:21:00,2011-11-14 11:21:00,United Kingdom,114.14,140.0,0,4,1,1,6,411,Recent Customers
12939,64,8,11581.8,4876,21,8,6,2011-01-09 11:20:00,2011-10-06 14:33:00,United Kingdom,1447.725,609.5,270,3,5,5,13,355,Loyal Customers
12940,55,2,899.69,404,87,2,2,2011-09-13 10:16:00,2011-10-16 12:09:00,United Kingdom,449.845,202.0,33,3,1,3,7,313,Regular Customers
12942,131,3,675.6,198,68,3,3,2010-12-09 09:34:00,2011-07-31 14:39:00,United Kingdom,225.20000000000002,66.0,234,2,2,3,7,223,At Risk
12944,36,2,604.51,289,29,2,2,2010-12-20 10:41:00,2011-11-04 11:04:00,United Kingdom,302.255,144.5,319,3,1,3,7,313,Regular Customers
12945,288,1,462.95,165,23,1,1,2011-02-24 14:15:00,2011-02-24 14:15:00,United Kingdom,462.95,165.0,0,1,1,2,4,112,Regular Customers
12947,144,6,1603.99,1165,83,6,6,2010-12-01 16:21:00,2011-07-19 10:06:00,United Kingdom,267.33166666666665,194.16666666666666,229,2,5,4,11,254,Loyal Customers
12948,16,7,2064.95,1080,82,7,7,2011-03-20 10:17:00,2011-11-23 17:10:00,United Kingdom,294.99285714285713,154.28571428571428,248,4,5,5,14,455,Champions
12949,31,8,4167.22,2381,166,8,5,2011-04-01 13:20:00,2011-11-09 11:25:00,United Kingdom,520.9025,297.625,221,4,5,5,14,455,Champions
12950,2,3,1843.0,1380,13,3,3,2011-11-15 13:48:00,2011-12-07 13:17:00,United Kingdom,614.3333333333334,460.0,21,5,2,4,11,524,Big Spenders
12951,9,6,1064.07,503,53,6,6,2011-01-13 10:33:00,2011-12-01 12:14:00,United Kingdom,177.345,83.83333333333333,322,5,5,4,14,554,Champions
12952,6,4,1387.79,653,64,4,3,2011-09-22 16:37:00,2011-12-04 10:35:00,United Kingdom,346.9475,163.25,72,5,4,4,13,544,Champions
12953,10,1,329.85,84,17,1,1,2011-11-30 09:24:00,2011-11-30 09:24:00,United Kingdom,329.85,84.0,0,5,1,2,8,512,Recent Customers
12955,1,11,4757.16,3664,81,11,11,2011-03-17 09:03:00,2011-12-08 16:29:00,United Kingdom,432.4690909090909,333.09090909090907,266,5,5,5,15,555,Champions
12956,306,1,108.07,34,19,1,1,2011-02-06 16:08:00,2011-02-06 16:08:00,United Kingdom,108.07,34.0,0,1,1,1,3,111,Regular Customers
12957,10,8,4017.54,2549,208,8,7,2011-01-04 12:18:00,2011-11-30 09:53:00,United Kingdom,502.1925,318.625,329,5,5,5,15,555,Champions
12962,7,2,266.39,129,15,2,2,2011-08-18 13:38:00,2011-12-02 15:55:00,United Kingdom,133.195,64.5,106,5,1,2,8,512,Recent Customers
12963,8,8,1856.63,881,75,8,7,2010-12-09 09:14:00,2011-12-01 12:55:00,United Kingdom,232.07875,110.125,357,5,5,4,14,554,Champions
12965,89,1,769.8100000000001,282,108,1,1,2011-09-11 15:31:00,2011-09-11 15:31:00,United Kingdom,769.8100000000001,282.0,0,2,1,3,6,213,Regular Customers
12966,10,1,160.18,75,10,1,1,2011-11-30 12:38:00,2011-11-30 12:38:00,United Kingdom,160.18,75.0,0,5,1,1,7,511,Recent Customers
12967,358,2,1660.9,438,19,2,2,2010-12-03 09:49:00,2010-12-16 19:10:00,United Kingdom,830.45,219.0,13,1,1,4,6,114,Big Spenders
12968,112,1,135.95,73,5,1,1,2011-08-19 15:44:00,2011-08-19 15:44:00,United Kingdom,135.95,73.0,0,2,1,1,4,211,Regular Customers
12970,7,4,405.47,268,116,4,2,2011-01-21 14:04:00,2011-12-02 14:30:00,United Kingdom,101.3675,67.0,315,5,4,2,11,542,Regular Customers
12971,4,86,11189.91,9289,94,86,71,2010-12-02 16:42:00,2011-12-06 12:20:00,United Kingdom,130.11523255813952,108.01162790697674,368,5,5,5,15,555,Champions
12974,198,1,144.8,24,8,1,1,2011-05-26 09:33:00,2011-05-26 09:33:00,United Kingdom,144.8,24.0,0,1,1,1,3,111,Regular Customers
12976,212,1,738.6,561,22,1,1,2011-05-12 09:55:00,2011-05-12 09:55:00,United Kingdom,738.6,561.0,0,1,1,3,5,113,Regular Customers
12977,156,1,39.239999999999995,12,9,1,1,2011-07-06 16:40:00,2011-07-06 16:40:00,United Kingdom,39.239999999999995,12.0,0,2,1,1,4,211,Regular Customers
12980,158,9,7374.900000000001,886,6,9,9,2010-12-16 11:36:00,2011-07-05 09:34:00,United Kingdom,819.4333333333334,98.44444444444444,200,2,5,5,12,255,Loyal Customers
12981,30,2,372.21999999999997,242,12,2,2,2011-07-29 14:14:00,2011-11-10 12:00:00,United Kingdom,186.10999999999999,121.0,103,4,1,2,7,412,Recent Customers
12982,243,1,390.54,288,28,1,1,2011-04-11 11:51:00,2011-04-11 11:51:00,United Kingdom,390.54,288.0,0,1,1,2,4,112,Regular Customers
12984,19,1,97.5,26,4,1,1,2011-11-21 12:37:00,2011-11-21 12:37:00,United Kingdom,97.5,26.0,0,4,1,1,6,411,Recent Customers
12985,1,2,1239.38,1533,73,2,2,2011-11-11 12:44:00,2011-12-09 10:46:00,United Kingdom,619.69,766.5,27,5,1,4,10,514,Big Spenders
12987,74,2,558.7,219,27,2,2,2011-05-26 12:00:00,2011-09-27 12:03:00,United Kingdom,279.35,109.5,124,2,1,3,6,213,Regular Customers
12988,292,1,505.82,126,75,1,1,2011-02-20 14:31:00,2011-02-20 14:31:00,United Kingdom,505.82,126.0,0,1,1,3,5,113,Regular Customers
12989,3,15,6924.11,2943,41,15,13,2010-12-10 13:24:00,2011-12-06 15:28:00,United Kingdom,461.6073333333333,196.2,361,5,5,5,15,555,Champions
12990,31,3,409.5,200,8,3,3,2011-02-02 15:39:00,2011-11-08 13:01:00,United Kingdom,136.5,66.66666666666667,278,4,2,2,8,422,Recent Customers
12991,23,2,503.76,405,31,2,2,2011-08-19 14:39:00,2011-11-16 15:34:00,United Kingdom,251.88,202.5,89,4,1,3,8,413,Recent Customers
12993,23,4,414.76,240,26,4,4,2011-02-14 14:29:00,2011-11-16 15:49:00,United Kingdom,103.69,60.0,275,4,4,2,10,442,Regular Customers
12994,4,3,974.42,459,52,3,3,2011-03-16 08:31:00,2011-12-05 15:43:00,United Kingdom,324.8066666666667,153.0,264,5,2,4,11,524,Big Spenders
12995,85,1,211.32,108,3,1,1,2011-09-15 15:44:00,2011-09-15 15:44:00,United Kingdom,211.32,108.0,0,2,1,1,4,211,Regular Customers
12997,22,4,1226.89,664,45,4,4,2011-01-26 15:49:00,2011-11-17 15:47:00,United Kingdom,306.7225,166.0,294,4,4,4,12,444,Champions
12999,196,3,455.88,342,25,3,3,2011-04-08 10:26:00,2011-05-27 13:24:00,United Kingdom,151.96,114.0,49,1,2,2,5,122,At Risk
13000,107,3,534.85,379,30,3,3,2010-12-10 10:26:00,2011-08-25 10:43:00,United Kingdom,178.28333333333333,126.33333333333333,258,2,2,3,7,223,At Risk
13001,4,13,9785.970000000001,5490,166,13,13,2011-01-17 12:45:00,2011-12-05 14:51:00,United Kingdom,752.7669230769231,422.3076923076923,322,5,5,5,15,555,Champions
13002,318,1,120.95,73,7,1,1,2011-01-25 15:18:00,2011-01-25 15:18:00,United Kingdom,120.95,73.0,0,1,1,1,3,111,Regular Customers
13003,106,3,149.05,103,4,3,3,2011-05-09 08:23:00,2011-08-26 10:50:00,United Kingdom,49.68333333333334,34.333333333333336,109,2,2,1,5,221,At Risk
13004,12,18,5655.91,4822,277,18,17,2010-12-17 08:20:00,2011-11-28 11:27:00,United Kingdom,314.21722222222223,267.8888888888889,346,5,5,5,15,555,Champions
13005,174,2,513.7,172,21,2,2,2011-04-07 13:32:00,2011-06-19 10:53:00,United Kingdom,256.85,86.0,72,2,1,3,6,213,Regular Customers
13006,56,1,81.57,55,4,1,1,2011-10-14 13:49:00,2011-10-14 13:49:00,United Kingdom,81.57,55.0,0,3,1,1,5,311,Regular Customers
13008,323,1,229.47,175,14,1,1,2011-01-20 14:24:00,2011-01-20 14:24:00,United Kingdom,229.47,175.0,0,1,1,1,3,111,Regular Customers
13011,372,1,50.550000000000004,13,3,1,1,2010-12-02 17:22:00,2010-12-02 17:22:00,United Kingdom,50.550000000000004,13.0,0,1,1,1,3,111,Regular Customers
13012,9,8,1646.8400000000001,820,67,8,8,2011-02-18 09:43:00,2011-11-30 13:05:00,United Kingdom,205.85500000000002,102.5,285,5,5,4,14,554,Champions
13013,1,13,4810.9400000000005,2224,155,13,12,2010-12-03 12:28:00,2011-12-08 15:01:00,United Kingdom,370.07230769230773,171.07692307692307,370,5,5,5,15,555,Champions
13014,11,10,3466.28,905,67,10,10,2011-03-03 18:28:00,2011-11-29 12:27:00,United Kingdom,346.62800000000004,90.5,270,5,5,5,15,555,Champions
13015,53,5,3339.64,1609,156,5,4,2011-04-04 14:28:00,2011-10-17 13:19:00,United Kingdom,667.928,321.8,195,3,4,5,12,345,Loyal Customers
13016,73,3,789.89,527,39,3,2,2011-08-08 15:00:00,2011-09-27 14:08:00,United Kingdom,263.2966666666667,175.66666666666666,49,2,2,3,7,223,At Risk
13017,7,1,204.0,48,1,1,1,2011-12-02 15:53:00,2011-12-02 15:53:00,United Kingdom,204.0,48.0,0,5,1,1,7,511,Recent Customers
13018,16,28,7277.7,5435,313,28,20,2011-02-17 11:05:00,2011-11-23 13:28:00,United Kingdom,259.91785714285714,194.10714285714286,279,4,5,5,14,455,Champions
13021,4,9,2616.38,1352,101,9,8,2010-12-16 10:12:00,2011-12-05 16:37:00,United Kingdom,290.7088888888889,150.22222222222223,354,5,5,5,15,555,Champions
13023,64,2,599.9,280,35,2,2,2011-08-02 09:34:00,2011-10-06 16:27:00,United Kingdom,299.95,140.0,65,3,1,3,7,313,Regular Customers
13026,1,5,975.36,1620,32,5,5,2011-03-09 11:35:00,2011-12-08 16:58:00,United Kingdom,195.072,324.0,274,5,4,4,13,544,Champions
13027,114,6,6912.0,17280,6,6,6,2010-12-20 12:45:00,2011-08-18 09:39:00,United Kingdom,1152.0,2880.0,240,2,5,5,12,255,Loyal Customers
13028,23,2,661.3199999999999,798,40,2,2,2011-10-25 14:09:00,2011-11-17 11:10:00,United Kingdom,330.65999999999997,399.0,22,4,1,3,8,413,Recent Customers
13029,31,3,1247.5,134,8,3,3,2010-12-21 13:53:00,2011-11-09 09:13:00,United Kingdom,415.8333333333333,44.666666666666664,322,4,2,4,10,424,Big Spenders
13030,11,2,752.44,348,76,2,2,2010-12-06 14:31:00,2011-11-28 14:30:00,United Kingdom,376.22,174.0,356,5,1,3,9,513,Recent Customers
13032,52,2,1010.1800000000001,375,55,2,2,2011-09-13 16:40:00,2011-10-18 15:54:00,United Kingdom,505.09000000000003,187.5,34,3,1,4,8,314,Big Spenders
13033,357,1,190.55,83,11,1,1,2010-12-17 14:23:00,2010-12-17 14:23:00,United Kingdom,190.55,83.0,0,1,1,1,3,111,Regular Customers
13034,55,2,642.77,369,37,2,2,2010-12-05 14:52:00,2011-10-16 12:21:00,United Kingdom,321.385,184.5,314,3,1,3,7,313,Regular Customers
13035,74,2,921.88,644,23,2,2,2011-03-24 09:21:00,2011-09-27 08:57:00,United Kingdom,460.94,322.0,186,2,1,3,6,213,Regular Customers
13037,138,3,881.07,431,44,3,3,2011-03-28 15:42:00,2011-07-24 15:46:00,United Kingdom,293.69,143.66666666666666,118,2,2,3,7,223,At Risk
13038,80,3,908.46,360,24,3,3,2011-02-22 11:43:00,2011-09-20 14:37:00,United Kingdom,302.82,120.0,210,2,2,3,7,223,At Risk
13040,9,2,676.99,355,38,2,2,2011-11-06 13:53:00,2011-12-01 10:38:00,United Kingdom,338.495,177.5,24,5,1,3,9,513,Recent Customers
13043,273,1,516.42,254,13,1,1,2011-03-11 14:52:00,2011-03-11 14:52:00,United Kingdom,516.42,254.0,0,1,1,3,5,113,Regular Customers
13044,291,1,560.47,429,33,1,1,2011-02-21 15:20:00,2011-02-21 15:20:00,United Kingdom,560.47,429.0,0,1,1,3,5,113,Regular Customers
13045,99,1,305.28000000000003,221,18,1,1,2011-09-01 15:04:00,2011-09-01 15:04:00,United Kingdom,305.28000000000003,221.0,0,2,1,2,5,212,Regular Customers
13046,31,2,629.31,264,33,2,2,2011-03-18 15:43:00,2011-11-09 08:36:00,United Kingdom,314.655,132.0,235,4,1,3,8,413,Recent Customers
13047,57,9,3232.59,1390,105,9,7,2010-12-01 08:34:00,2011-10-14 11:15:00,United Kingdom,359.1766666666667,154.44444444444446,317,3,5,5,13,355,Loyal Customers
13048,14,4,1819.41,1228,77,4,4,2011-01-16 14:36:00,2011-11-25 13:23:00,United Kingdom,454.8525,307.0,312,5,4,4,13,544,Champions
13049,64,2,656.6800000000001,268,14,2,2,2011-01-25 16:33:00,2011-10-06 15:31:00,United Kingdom,328.34000000000003,134.0,253,3,1,3,7,313,Regular Customers
13050,15,17,5833.11,3747,245,17,17,2010-12-08 09:30:00,2011-11-25 09:18:00,United Kingdom,343.1241176470588,220.41176470588235,351,4,5,5,14,455,Champions
13052,212,1,348.15000000000003,222,18,1,1,2011-05-11 14:12:00,2011-05-11 14:12:00,United Kingdom,348.15000000000003,222.0,0,1,1,2,4,112,Regular Customers
13055,78,3,1214.41,894,74,3,2,2011-05-10 08:58:00,2011-09-22 14:26:00,United Kingdom,404.80333333333334,298.0,135,2,2,4,8,224,Big Spenders
13058,25,3,271.40000000000003,52,5,3,3,2011-07-11 12:01:00,2011-11-15 12:43:00,United Kingdom,90.46666666666668,17.333333333333332,127,4,2,2,8,422,Recent Customers
13059,250,1,183.4,35,8,1,1,2011-04-04 10:40:00,2011-04-04 10:40:00,United Kingdom,183.4,35.0,0,1,1,1,3,111,Regular Customers
13060,254,1,307.53000000000003,123,15,1,1,2011-03-31 11:37:00,2011-03-31 11:37:00,United Kingdom,307.53000000000003,123.0,0,1,1,2,4,112,Regular Customers
13061,72,1,248.61,107,10,1,1,2011-09-28 16:04:00,2011-09-28 16:04:00,United Kingdom,248.61,107.0,0,3,1,2,6,312,Regular Customers
13062,191,1,346.98,343,11,1,1,2011-06-01 15:12:00,2011-06-01 15:12:00,United Kingdom,346.98,343.0,0,1,1,2,4,112,Regular Customers
13064,13,4,1105.59,514,51,4,4,2011-01-16 13:41:00,2011-11-27 12:31:00,United Kingdom,276.3975,128.5,314,5,4,4,13,544,Champions
13065,373,1,205.86,74,14,1,1,2010-12-01 16:52:00,2010-12-01 16:52:00,United Kingdom,205.86,74.0,0,1,1,1,3,111,Regular Customers
13066,24,2,470.8,322,48,2,2,2011-11-07 17:06:00,2011-11-15 12:57:00,United Kingdom,235.4,161.0,7,4,1,2,7,412,Recent Customers
13067,82,1,115.46000000000001,32,14,1,1,2011-09-18 13:38:00,2011-09-18 13:38:00,United Kingdom,115.46000000000001,32.0,0,2,1,1,4,211,Regular Customers
13068,10,2,344.0,200,1,2,2,2011-01-24 08:20:00,2011-11-29 15:00:00,United Kingdom,172.0,100.0,309,5,1,2,8,512,Recent Customers
13069,1,24,4431.44,5873,281,24,20,2010-12-05 11:02:00,2011-12-09 08:39:00,United Kingdom,184.64333333333332,244.70833333333334,368,5,5,5,15,555,Champions
13070,192,1,228.8,110,9,1,1,2011-05-31 13:45:00,2011-05-31 13:45:00,United Kingdom,228.8,110.0,0,1,1,1,3,111,Regular Customers
13072,267,1,177.15,69,7,1,1,2011-03-18 08:12:00,2011-03-18 08:12:00,United Kingdom,177.15,69.0,0,1,1,1,3,111,Regular Customers
13075,130,1,919.61,485,22,1,1,2011-08-02 10:19:00,2011-08-02 10:19:00,United Kingdom,919.61,485.0,0,2,1,3,6,213,Regular Customers
13077,1,4,728.02,862,99,4,3,2010-12-08 14:59:00,2011-12-08 19:24:00,United Kingdom,182.005,215.5,365,5,4,3,12,543,Loyal Customers
13078,3,26,12627.94,5630,95,26,25,2010-12-08 09:07:00,2011-12-06 15:36:00,United Kingdom,485.69,216.53846153846155,363,5,5,5,15,555,Champions
13079,4,5,220.10000000000002,62,2,5,5,2011-07-22 14:41:00,2011-12-05 16:53:00,United Kingdom,44.02,12.4,136,5,4,1,10,541,Regular Customers
13080,179,1,58.08,120,6,1,1,2011-06-13 14:59:00,2011-06-13 14:59:00,United Kingdom,58.08,120.0,0,2,1,1,4,211,Regular Customers
13081,12,11,28337.38,19068,503,11,9,2010-12-03 17:20:00,2011-11-28 10:54:00,United Kingdom,2576.1254545454544,1733.4545454545455,359,5,5,5,15,555,Champions
13082,126,9,3613.63,4324,63,9,7,2011-01-05 15:42:00,2011-08-05 16:16:00,United Kingdom,401.51444444444445,480.44444444444446,212,2,5,5,12,255,Loyal Customers
13083,4,2,303.75,187,15,2,2,2011-09-25 10:46:00,2011-12-05 15:01:00,United Kingdom,151.875,93.5,71,5,1,2,8,512,Recent Customers
13085,158,2,416.08,216,17,2,2,2011-02-17 13:57:00,2011-07-05 12:11:00,United Kingdom,208.04,108.0,137,2,1,2,5,212,Regular Customers
13089,3,97,58762.08,31025,636,97,66,2010-12-05 10:27:00,2011-12-07 09:02:00,United Kingdom,605.7946391752578,319.8453608247423,366,5,5,5,15,555,Champions
13090,9,13,8895.82,2262,97,13,13,2010-12-02 07:48:00,2011-12-01 12:39:00,United Kingdom,684.2938461538462,174.0,364,5,5,5,15,555,Champions
13091,28,1,345.82,466,21,1,1,2011-11-11 15:54:00,2011-11-11 15:54:00,United Kingdom,345.82,466.0,0,4,1,2,7,412,Recent Customers
13092,71,5,477.83,279,19,5,5,2010-12-15 12:27:00,2011-09-30 11:18:00,United Kingdom,95.566,55.8,288,3,4,2,9,342,Regular Customers
13093,276,8,7832.47,3961,97,8,7,2010-12-01 15:00:00,2011-03-09 12:14:00,United Kingdom,979.05875,495.125,97,1,5,5,11,155,Loyal Customers
13094,21,12,1927.3200000000002,1716,4,12,12,2010-12-06 10:34:00,2011-11-18 14:07:00,United Kingdom,160.61,143.0,347,4,5,4,13,454,Champions
13095,71,1,74.39999999999999,144,6,1,1,2011-09-30 12:03:00,2011-09-30 12:03:00,United Kingdom,74.39999999999999,144.0,0,3,1,1,5,311,Regular Customers
13097,33,10,6003.22,2360,214,10,9,2010-12-14 15:13:00,2011-11-07 10:43:00,United Kingdom,600.322,236.0,327,4,5,5,14,455,Champions
13098,1,28,28882.44,15968,156,28,26,2011-01-26 13:46:00,2011-12-08 14:14:00,United Kingdom,1031.5157142857142,570.2857142857143,316,5,5,5,15,555,Champions
13099,99,1,207.36,288,1,1,1,2011-09-01 17:40:00,2011-09-01 17:40:00,United Kingdom,207.36,288.0,0,2,1,1,4,211,Regular Customers
13101,234,1,101.19,113,8,1,1,2011-04-19 14:37:00,2011-04-19 14:37:00,United Kingdom,101.19,113.0,0,1,1,1,3,111,Regular Customers
13102,1,24,6424.09,4204,140,24,20,2010-12-09 13:38:00,2011-12-08 12:52:00,United Kingdom,267.67041666666665,175.16666666666666,363,5,5,5,15,555,Champions
13103,40,1,243.94,82,8,1,1,2011-10-31 09:38:00,2011-10-31 09:38:00,United Kingdom,243.94,82.0,0,3,1,1,5,311,Regular Customers
13104,3,6,1098.48,504,14,6,6,2010-12-20 11:58:00,2011-12-06 13:10:00,United Kingdom,183.08,84.0,351,5,5,4,14,554,Champions
13106,133,1,76.5,18,1,1,1,2011-07-29 15:12:00,2011-07-29 15:12:00,United Kingdom,76.5,18.0,0,2,1,1,4,211,Regular Customers
13107,44,4,1531.6200000000001,1293,54,4,4,2011-01-10 12:28:00,2011-10-26 14:52:00,United Kingdom,382.90500000000003,323.25,289,3,4,4,11,344,Loyal Customers
13108,373,1,350.06,298,10,1,1,2010-12-02 10:35:00,2010-12-02 10:35:00,United Kingdom,350.06,298.0,0,1,1,2,4,112,Regular Customers
13109,60,2,786.54,520,41,2,2,2011-07-05 14:56:00,2011-10-11 10:16:00,United Kingdom,393.27,260.0,97,3,1,3,7,313,Regular Customers
13110,31,7,1488.67,388,109,7,6,2011-02-01 15:24:00,2011-11-08 14:30:00,United Kingdom,212.66714285714286,55.42857142857143,279,4,5,4,13,454,Champions
13113,1,24,12245.960000000001,3045,95,24,23,2010-12-08 13:21:00,2011-12-09 12:49:00,United Kingdom,510.2483333333334,126.875,365,5,5,5,15,555,Champions
13115,12,4,2294.78,1567,88,4,4,2011-06-08 16:15:00,2011-11-28 12:38:00,United Kingdom,573.695,391.75,172,5,4,5,14,545,Champions
13116,138,1,501.14,291,30,1,1,2011-07-24 14:33:00,2011-07-24 14:33:00,United Kingdom,501.14,291.0,0,2,1,3,6,213,Regular Customers
13117,22,8,984.91,945,66,8,8,2010-12-02 13:11:00,2011-11-18 12:02:00,United Kingdom,123.11375,118.125,350,4,5,4,13,454,Champions
13118,20,5,1197.81,410,68,5,4,2011-02-24 12:32:00,2011-11-20 12:46:00,United Kingdom,239.56199999999998,82.0,269,4,4,4,12,444,Champions
13120,239,1,30.6,12,1,1,1,2011-04-15 10:19:00,2011-04-15 10:19:00,United Kingdom,30.6,12.0,0,1,1,1,3,111,Regular Customers
13121,269,1,283.73,252,50,1,1,2011-03-15 16:47:00,2011-03-15 16:47:00,United Kingdom,283.73,252.0,0,1,1,2,4,112,Regular Customers
13122,94,2,922.39,585,54,2,2,2011-04-13 14:12:00,2011-09-06 15:53:00,United Kingdom,461.195,292.5,146,2,1,4,7,214,Big Spenders
13124,90,3,3756.33,2119,185,3,3,2010-12-15 15:00:00,2011-09-11 12:45:00,United Kingdom,1252.11,706.3333333333334,269,2,2,5,9,225,Big Spenders
13126,5,8,2099.64,2143,124,8,7,2010-12-08 11:42:00,2011-12-05 10:00:00,United Kingdom,262.455,267.875,361,5,5,5,15,555,Champions
13127,78,1,259.17,127,15,1,1,2011-09-23 10:26:00,2011-09-23 10:26:00,United Kingdom,259.17,127.0,0,2,1,2,5,212,Regular Customers
13130,94,1,64.0,32,2,1,1,2011-09-06 15:30:00,2011-09-06 15:30:00,United Kingdom,64.0,32.0,0,2,1,1,4,211,Regular Customers
13131,23,3,1073.3,447,30,3,3,2011-06-05 10:54:00,2011-11-16 13:21:00,United Kingdom,357.76666666666665,149.0,164,4,2,4,10,424,Big Spenders
13132,262,1,77.3,20,3,1,1,2011-03-23 12:44:00,2011-03-23 12:44:00,United Kingdom,77.3,20.0,0,1,1,1,3,111,Regular Customers
13133,274,2,109.8,32,7,2,2,2011-02-08 15:48:00,2011-03-11 10:31:00,United Kingdom,54.9,16.0,30,1,1,1,3,111,Regular Customers
13134,86,4,1793.58,1059,94,4,4,2011-04-13 12:57:00,2011-09-15 10:35:00,United Kingdom,448.395,264.75,154,2,4,4,10,244,Loyal Customers
13135,197,1,3096.0,4300,1,1,1,2011-05-27 10:52:00,2011-05-27 10:52:00,United Kingdom,3096.0,4300.0,0,1,1,5,7,115,Big Spenders
13136,56,5,2607.61,1328,94,5,4,2011-05-11 12:47:00,2011-10-14 13:41:00,United Kingdom,521.522,265.6,156,3,4,5,12,345,Loyal Customers
13137,11,8,3603.29,2204,345,8,8,2011-02-04 11:54:00,2011-11-29 12:09:00,United Kingdom,450.41125,275.5,298,5,5,5,15,555,Champions
13138,22,6,962.39,473,31,6,6,2010-12-02 15:03:00,2011-11-17 16:51:00,United Kingdom,160.39833333333334,78.83333333333333,350,4,5,4,13,454,Champions
13139,16,7,5064.9400000000005,2425,132,7,6,2011-03-25 11:57:00,2011-11-23 13:54:00,United Kingdom,723.5628571428572,346.42857142857144,243,4,5,5,14,455,Champions
13140,108,3,422.47,185,40,3,3,2010-12-08 15:12:00,2011-08-23 15:33:00,United Kingdom,140.82333333333335,61.666666666666664,258,2,2,2,6,222,At Risk
13141,85,5,2388.75,1548,113,5,4,2011-01-28 13:04:00,2011-09-16 09:54:00,United Kingdom,477.75,309.6,230,2,4,5,11,245,Loyal Customers
13142,19,1,307.09000000000003,258,23,1,1,2011-11-20 16:07:00,2011-11-20 16:07:00,United Kingdom,307.09000000000003,258.0,0,4,1,2,7,412,Recent Customers
13144,333,1,110.95,21,3,1,1,2011-01-11 11:15:00,2011-01-11 11:15:00,United Kingdom,110.95,21.0,0,1,1,1,3,111,Regular Customers
13145,40,4,618.52,145,5,4,4,2010-12-02 18:06:00,2011-10-31 12:45:00,United Kingdom,154.63,36.25,332,3,4,3,10,343,Loyal Customers
13146,26,1,228.91,154,16,1,1,2011-11-13 15:29:00,2011-11-13 15:29:00,United Kingdom,228.91,154.0,0,4,1,1,6,411,Recent Customers
13147,10,4,712.8,144,1,4,4,2011-09-01 12:28:00,2011-11-29 13:59:00,United Kingdom,178.2,36.0,89,5,4,3,12,543,Loyal Customers
13148,29,12,3683.26,1965,231,12,7,2010-12-10 13:06:00,2011-11-10 15:23:00,United Kingdom,306.93833333333333,163.75,335,4,5,5,14,455,Champions
13149,14,4,1676.06,1280,76,4,4,2011-02-23 13:57:00,2011-11-25 13:09:00,United Kingdom,419.015,320.0,274,5,4,4,13,544,Champions
13151,296,1,1257.8700000000001,363,73,1,1,2011-02-17 12:29:00,2011-02-17 12:29:00,United Kingdom,1257.8700000000001,363.0,0,1,1,4,6,114,Big Spenders
13153,6,1,486.22,418,15,1,1,2011-12-04 12:14:00,2011-12-04 12:14:00,United Kingdom,486.22,418.0,0,5,1,3,9,513,Recent Customers
13155,33,4,971.76,497,67,4,4,2010-12-06 12:44:00,2011-11-06 15:41:00,United Kingdom,242.94,124.25,335,4,4,4,12,444,Champions
13157,49,4,1741.22,1439,69,4,4,2011-02-14 14:03:00,2011-10-21 13:50:00,United Kingdom,435.305,359.75,248,3,4,4,11,344,Loyal Customers
13158,95,4,1201.06,784,59,4,4,2011-01-25 09:58:00,2011-09-06 11:58:00,United Kingdom,300.265,196.0,224,2,4,4,10,244,Loyal Customers
13159,9,4,1429.35,1058,114,4,4,2011-08-16 11:44:00,2011-12-01 11:20:00,United Kingdom,357.3375,264.5,106,5,4,4,13,544,Champions
13160,22,1,91.8,56,4,1,1,2011-11-17 13:07:00,2011-11-17 13:07:00,United Kingdom,91.8,56.0,0,4,1,1,6,411,Recent Customers
13161,313,1,112.75,29,8,1,1,2011-01-30 14:03:00,2011-01-30 14:03:00,United Kingdom,112.75,29.0,0,1,1,1,3,111,Regular Customers
13162,122,4,1688.29,1713,74,4,4,2011-01-09 10:43:00,2011-08-09 15:59:00,United Kingdom,422.0725,428.25,212,2,4,4,10,244,Loyal Customers
13165,46,2,1021.48,1376,40,2,2,2010-12-23 14:06:00,2011-10-24 15:05:00,United Kingdom,510.74,688.0,305,3,1,4,8,314,Big Spenders
13166,283,1,417.2,216,39,1,1,2011-03-01 15:16:00,2011-03-01 15:16:00,United Kingdom,417.2,216.0,0,1,1,2,4,112,Regular Customers
13167,19,4,779.33,773,50,4,4,2011-07-19 12:13:00,2011-11-21 12:24:00,United Kingdom,194.8325,193.25,125,4,4,3,11,443,Loyal Customers
13168,36,4,1299.59,670,102,4,4,2011-01-25 13:55:00,2011-11-03 12:56:00,United Kingdom,324.8975,167.5,281,3,4,4,11,344,Loyal Customers
13169,64,2,712.88,272,11,2,2,2011-04-01 14:24:00,2011-10-07 12:11:00,United Kingdom,356.44,136.0,188,3,1,3,7,313,Regular Customers
13170,27,1,108.81,141,29,1,1,2011-11-13 12:19:00,2011-11-13 12:19:00,United Kingdom,108.81,141.0,0,4,1,1,6,411,Recent Customers
13171,22,3,468.41,229,37,3,3,2011-02-13 14:16:00,2011-11-18 10:27:00,United Kingdom,156.13666666666668,76.33333333333333,277,4,2,2,8,422,Recent Customers
13173,4,2,353.65000000000003,277,41,2,2,2010-12-07 14:30:00,2011-12-05 15:51:00,United Kingdom,176.82500000000002,138.5,363,5,1,2,8,512,Recent Customers
13174,16,3,2738.82,1351,227,3,3,2010-12-05 16:24:00,2011-11-23 14:35:00,United Kingdom,912.94,450.3333333333333,352,4,2,5,11,425,Big Spenders
13176,46,1,481.49,448,66,1,1,2011-10-24 15:43:00,2011-10-24 15:43:00,United Kingdom,481.49,448.0,0,3,1,2,6,312,Regular Customers
13177,65,1,282.45,91,17,1,1,2011-10-06 09:56:00,2011-10-06 09:56:00,United Kingdom,282.45,91.0,0,3,1,2,6,312,Regular Customers
13178,26,11,5725.47,3570,95,11,11,2010-12-14 12:22:00,2011-11-13 16:14:00,United Kingdom,520.4972727272727,324.54545454545456,334,4,5,5,14,455,Champions
13182,45,1,121.18,201,11,1,1,2011-10-25 13:46:00,2011-10-25 13:46:00,United Kingdom,121.18,201.0,0,3,1,1,5,311,Regular Customers
13183,8,9,3957.78,2208,51,9,9,2011-01-09 10:50:00,2011-12-02 10:30:00,United Kingdom,439.75333333333333,245.33333333333334,326,5,5,5,15,555,Champions
13184,15,10,1667.95,1661,137,10,9,2011-02-22 17:25:00,2011-11-25 12:02:00,United Kingdom,166.79500000000002,166.1,275,4,5,4,13,454,Champions
13185,268,1,71.4,12,1,1,1,2011-03-17 11:56:00,2011-03-17 11:56:00,United Kingdom,71.4,12.0,0,1,1,1,3,111,Regular Customers
13186,40,3,1575.89,820,69,3,3,2011-08-03 09:09:00,2011-10-31 11:40:00,United Kingdom,525.2966666666667,273.3333333333333,89,3,2,4,9,324,Big Spenders
13187,337,1,236.02,95,37,1,1,2011-01-06 18:57:00,2011-01-06 18:57:00,United Kingdom,236.02,95.0,0,1,1,1,3,111,Regular Customers
13188,11,1,114.6,25,2,1,1,2011-11-28 15:28:00,2011-11-28 15:28:00,United Kingdom,114.6,25.0,0,5,1,1,7,511,Recent Customers
13189,19,2,260.68,842,29,2,2,2011-08-16 13:12:00,2011-11-21 10:39:00,United Kingdom,130.34,421.0,96,4,1,2,7,412,Recent Customers
13192,95,2,911.94,595,57,2,2,2011-05-18 14:57:00,2011-09-05 14:13:00,United Kingdom,455.97,297.5,109,2,1,3,6,213,Regular Customers
13193,61,1,112.08,46,22,1,1,2011-10-09 14:30:00,2011-10-09 14:30:00,United Kingdom,112.08,46.0,0,3,1,1,5,311,Regular Customers
13194,136,1,60.7,26,3,1,1,2011-07-27 09:01:00,2011-07-27 09:01:00,United Kingdom,60.7,26.0,0,2,1,1,4,211,Regular Customers
13196,11,4,1797.78,1224,97,4,3,2011-03-22 14:24:00,2011-11-28 13:54:00,United Kingdom,449.445,306.0,250,5,4,4,13,544,Champions
13198,10,6,3401.2400000000002,2648,199,6,6,2010-12-13 09:29:00,2011-11-29 15:17:00,United Kingdom,566.8733333333333,441.3333333333333,351,5,5,5,15,555,Champions
13199,4,37,9802.12,6175,47,37,32,2010-12-08 10:51:00,2011-12-06 12:30:00,United Kingdom,264.9221621621622,166.8918918918919,363,5,5,5,15,555,Champions
13200,19,4,870.09,516,42,4,4,2011-08-05 14:50:00,2011-11-20 15:35:00,United Kingdom,217.5225,129.0,107,4,4,3,11,443,Loyal Customers
13203,10,4,869.46,800,56,4,4,2011-04-11 14:40:00,2011-11-30 10:45:00,United Kingdom,217.365,200.0,232,5,4,3,12,543,Loyal Customers
13207,15,2,250.26000000000002,130,7,2,2,2011-07-12 11:35:00,2011-11-24 14:52:00,United Kingdom,125.13000000000001,65.0,135,4,1,2,7,412,Recent Customers
13208,59,5,1193.17,767,123,5,5,2011-02-03 19:32:00,2011-10-11 16:25:00,United Kingdom,238.63400000000001,153.4,249,3,4,4,11,344,Loyal Customers
13209,30,8,5891.61,4253,255,8,6,2010-12-13 10:31:00,2011-11-09 13:54:00,United Kingdom,736.45125,531.625,331,4,5,5,14,455,Champions
13210,94,1,353.48,316,22,1,1,2011-09-07 08:18:00,2011-09-07 08:18:00,United Kingdom,353.48,316.0,0,2,1,2,5,212,Regular Customers
13211,10,3,1095.42,834,45,3,3,2010-12-13 16:17:00,2011-11-29 14:43:00,United Kingdom,365.14000000000004,278.0,350,5,2,4,11,524,Big Spenders
13212,20,3,786.83,309,128,3,2,2011-10-09 14:48:00,2011-11-20 12:40:00,United Kingdom,262.2766666666667,103.0,41,4,2,3,9,423,Recent Customers
13213,57,5,1520.58,1360,82,5,4,2011-05-24 12:22:00,2011-10-14 11:42:00,United Kingdom,304.116,272.0,142,3,4,4,11,344,Loyal Customers
13216,268,1,333.74,297,5,1,1,2011-03-17 12:18:00,2011-03-17 12:18:00,United Kingdom,333.74,297.0,0,1,1,2,4,112,Regular Customers
13217,122,3,533.98,262,3,3,3,2011-07-06 12:08:00,2011-08-09 15:32:00,United Kingdom,177.99333333333334,87.33333333333333,34,2,2,3,7,223,At Risk
13218,127,1,62.64,88,5,1,1,2011-08-04 16:59:00,2011-08-04 16:59:00,United Kingdom,62.64,88.0,0,2,1,1,4,211,Regular Customers
13220,78,4,819.2900000000001,196,18,4,4,2011-04-17 10:59:00,2011-09-22 13:38:00,United Kingdom,204.82250000000002,49.0,158,2,4,3,9,243,Loyal Customers
13221,240,2,844.86,243,61,2,2,2010-12-15 13:24:00,2011-04-13 16:58:00,United Kingdom,422.43,121.5,119,1,1,3,5,113,Regular Customers
13223,200,2,163.2,88,5,2,2,2011-04-21 15:16:00,2011-05-23 13:03:00,United Kingdom,81.6,44.0,31,1,1,1,3,111,Regular Customers
13224,60,2,2152.95,1515,100,2,2,2011-07-11 14:10:00,2011-10-10 14:55:00,United Kingdom,1076.475,757.5,91,3,1,5,9,315,Big Spenders
13225,3,7,6463.84,3416,23,7,7,2010-12-13 09:49:00,2011-12-06 13:29:00,United Kingdom,923.4057142857143,488.0,358,5,5,5,15,555,Champions
13226,273,1,108.21000000000001,80,16,1,1,2011-03-11 14:35:00,2011-03-11 14:35:00,United Kingdom,108.21000000000001,80.0,0,1,1,1,3,111,Regular Customers
13227,202,1,257.7,99,9,1,1,2011-05-22 11:47:00,2011-05-22 11:47:00,United Kingdom,257.7,99.0,0,1,1,2,4,112,Regular Customers
13228,81,1,358.0,200,2,1,1,2011-09-19 14:28:00,2011-09-19 14:28:00,United Kingdom,358.0,200.0,0,2,1,2,5,212,Regular Customers
13229,226,1,160.95,63,10,1,1,2011-04-28 12:07:00,2011-04-28 12:07:00,United Kingdom,160.95,63.0,0,1,1,1,3,111,Regular Customers
13230,4,14,2755.63,1638,393,14,13,2010-12-09 19:28:00,2011-12-05 16:03:00,United Kingdom,196.8307142857143,117.0,360,5,5,5,15,555,Champions
13232,13,7,1327.75,771,146,7,7,2011-04-10 13:48:00,2011-11-27 10:39:00,United Kingdom,189.67857142857142,110.14285714285714,230,5,5,4,14,554,Champions
13233,74,2,605.12,1004,43,2,2,2011-01-07 14:49:00,2011-09-26 13:25:00,United Kingdom,302.56,502.0,261,2,1,3,6,213,Regular Customers
13235,212,1,1031.07,441,53,1,1,2011-05-11 17:13:00,2011-05-11 17:13:00,United Kingdom,1031.07,441.0,0,1,1,4,6,114,Big Spenders
13236,25,2,744.85,416,34,2,2,2011-08-25 08:58:00,2011-11-15 12:50:00,United Kingdom,372.425,208.0,82,4,1,3,8,413,Recent Customers
13238,17,4,700.73,298,20,4,4,2010-12-14 14:37:00,2011-11-22 15:37:00,United Kingdom,175.1825,74.5,343,4,4,3,11,443,Loyal Customers
13239,262,1,329.56,327,21,1,1,2011-03-23 10:25:00,2011-03-23 10:25:00,United Kingdom,329.56,327.0,0,1,1,2,4,112,Regular Customers
13240,96,4,648.7,297,58,4,4,2010-12-09 12:49:00,2011-09-04 14:08:00,United Kingdom,162.175,74.25,269,2,4,3,9,243,Loyal Customers
13242,112,3,270.40000000000003,130,12,3,2,2011-05-10 12:26:00,2011-08-19 12:53:00,United Kingdom,90.13333333333334,43.333333333333336,101,2,2,2,6,222,At Risk
13243,203,1,585.12,232,56,1,1,2011-05-20 13:14:00,2011-05-20 13:14:00,United Kingdom,585.12,232.0,0,1,1,3,5,113,Regular Customers
13244,93,1,121.74000000000001,38,27,1,1,2011-09-08 11:46:00,2011-09-08 11:46:00,United Kingdom,121.74000000000001,38.0,0,2,1,1,4,211,Regular Customers
13245,51,1,430.5,125,16,1,1,2011-10-20 11:40:00,2011-10-20 11:40:00,United Kingdom,430.5,125.0,0,3,1,2,6,312,Regular Customers
13246,18,6,1961.52,1587,110,6,6,2011-01-13 13:36:00,2011-11-21 16:50:00,United Kingdom,326.92,264.5,312,4,5,4,13,454,Champions
13247,18,4,501.12,328,18,4,4,2011-09-18 11:31:00,2011-11-22 10:59:00,United Kingdom,125.28,82.0,64,4,4,3,11,443,Loyal Customers
13248,125,2,465.68,305,25,2,2,2011-06-03 13:05:00,2011-08-07 12:40:00,United Kingdom,232.84,152.5,64,2,1,2,5,212,Regular Customers
13249,92,3,711.41,546,21,3,3,2011-03-23 15:26:00,2011-09-08 13:26:00,United Kingdom,237.13666666666666,182.0,168,2,2,3,7,223,At Risk
13253,157,2,1030.4,1572,35,2,2,2011-01-04 15:43:00,2011-07-06 10:09:00,United Kingdom,515.2,786.0,182,2,1,4,7,214,Big Spenders
13255,9,2,399.51,177,13,2,2,2010-12-01 11:58:00,2011-11-30 13:14:00,United Kingdom,199.755,88.5,364,5,1,2,8,512,Recent Customers
13258,12,3,672.83,282,28,3,3,2011-05-18 13:11:00,2011-11-28 09:31:00,United Kingdom,224.27666666666667,94.0,193,5,2,3,10,523,Recent Customers
13259,62,1,283.18,126,77,1,1,2011-10-09 10:48:00,2011-10-09 10:48:00,United Kingdom,283.18,126.0,0,3,1,2,6,312,Regular Customers
13260,61,1,557.62,142,8,1,1,2011-10-09 13:21:00,2011-10-09 13:21:00,United Kingdom,557.62,142.0,0,3,1,3,7,313,Regular Customers
13261,269,2,944.1,210,8,2,2,2011-02-27 10:41:00,2011-03-16 12:22:00,United Kingdom,472.05,105.0,17,1,1,4,6,114,Big Spenders
13262,263,1,200.29,125,11,1,1,2011-03-21 15:06:00,2011-03-21 15:06:00,United Kingdom,200.29,125.0,0,1,1,1,3,111,Regular Customers
13263,1,34,7411.71,4761,448,34,32,2011-01-18 16:31:00,2011-12-08 13:59:00,United Kingdom,217.9914705882353,140.02941176470588,323,5,5,5,15,555,Champions
13265,53,5,2092.66,1740,66,5,5,2011-03-11 09:54:00,2011-10-17 15:02:00,United Kingdom,418.532,348.0,220,3,4,5,12,345,Loyal Customers
13266,11,12,3834.2599999999998,4428,82,12,12,2011-03-28 10:14:00,2011-11-28 14:39:00,United Kingdom,319.52166666666665,369.0,245,5,5,5,15,555,Champions
13267,3,19,4521.49,1969,88,19,14,2010-12-08 09:20:00,2011-12-07 11:12:00,United Kingdom,237.97315789473683,103.63157894736842,364,5,5,5,15,555,Champions
13268,18,10,3152.71,3548,256,10,10,2011-03-17 13:20:00,2011-11-22 11:34:00,United Kingdom,315.271,354.8,249,4,5,5,14,455,Champions
13269,1,15,5343.28,3513,177,15,13,2010-12-05 11:51:00,2011-12-08 14:53:00,United Kingdom,356.21866666666665,234.2,368,5,5,5,15,555,Champions
13270,366,1,590.0,200,1,1,1,2010-12-08 14:53:00,2010-12-08 14:53:00,United Kingdom,590.0,200.0,0,1,1,3,5,113,Regular Customers
13271,37,1,211.49,240,79,1,1,2011-11-02 14:31:00,2011-11-02 14:31:00,United Kingdom,211.49,240.0,0,3,1,1,5,311,Regular Customers
13272,31,2,276.56,96,15,2,2,2011-09-11 12:06:00,2011-11-08 14:00:00,United Kingdom,138.28,48.0,58,4,1,2,7,412,Recent Customers
13273,113,1,138.98,153,16,1,1,2011-08-18 14:02:00,2011-08-18 14:02:00,United Kingdom,138.98,153.0,0,2,1,1,4,211,Regular Customers
13276,64,2,590.9300000000001,161,30,2,2,2011-09-01 10:03:00,2011-10-07 12:44:00,United Kingdom,295.46500000000003,80.5,36,3,1,3,7,313,Regular Customers
13277,16,4,258.4,176,5,4,4,2011-07-29 10:06:00,2011-11-24 09:21:00,United Kingdom,64.6,44.0,117,4,4,2,10,442,Regular Customers
13278,41,1,542.73,537,46,1,1,2011-10-30 11:49:00,2011-10-30 11:49:00,United Kingdom,542.73,537.0,0,3,1,3,7,313,Regular Customers
13279,78,1,137.75,73,9,1,1,2011-09-22 17:24:00,2011-09-22 17:24:00,United Kingdom,137.75,73.0,0,2,1,1,4,211,Regular Customers
13280,122,3,798.46,518,67,3,3,2011-01-06 17:10:00,2011-08-09 13:14:00,United Kingdom,266.15333333333336,172.66666666666666,214,2,2,3,7,223,At Risk
13282,18,3,1132.14,307,29,3,3,2011-05-03 12:03:00,2011-11-21 15:33:00,United Kingdom,377.38000000000005,102.33333333333333,202,4,2,4,10,424,Big Spenders
13283,60,2,93.66,90,7,2,2,2011-06-07 12:39:00,2011-10-11 09:50:00,United Kingdom,46.83,45.0,125,3,1,1,5,311,Regular Customers
13284,331,1,201.19,91,13,1,1,2011-01-13 09:23:00,2011-01-13 09:23:00,United Kingdom,201.19,91.0,0,1,1,1,3,111,Regular Customers
13285,23,4,2709.12,2051,157,4,4,2011-02-22 17:13:00,2011-11-16 13:19:00,United Kingdom,677.28,512.75,266,4,4,5,13,445,Champions
13291,156,1,361.11,233,41,1,1,2011-07-07 10:36:00,2011-07-07 10:36:00,United Kingdom,361.11,233.0,0,2,1,2,5,212,Regular Customers
13292,39,2,578.94,347,29,2,2,2011-02-28 15:00:00,2011-11-01 10:04:00,United Kingdom,289.47,173.5,245,3,1,3,7,313,Regular Customers
13294,190,2,873.74,453,48,2,2,2011-04-04 12:37:00,2011-06-03 08:54:00,United Kingdom,436.87,226.5,59,1,1,3,5,113,Regular Customers
13295,360,1,201.20000000000002,82,10,1,1,2010-12-15 11:21:00,2010-12-15 11:21:00,United Kingdom,201.20000000000002,82.0,0,1,1,1,3,111,Regular Customers
13296,137,1,87.4,78,5,1,1,2011-07-25 13:46:00,2011-07-25 13:46:00,United Kingdom,87.4,78.0,0,2,1,1,4,211,Regular Customers
13297,8,4,2089.85,963,52,4,3,2011-10-03 15:08:00,2011-12-02 09:32:00,United Kingdom,522.4625,240.75,59,5,4,5,14,545,Champions
13298,1,1,360.0,96,2,1,1,2011-12-08 13:11:00,2011-12-08 13:11:00,United Kingdom,360.0,96.0,0,5,1,2,8,512,Recent Customers
13299,268,1,142.5,30,5,1,1,2011-03-16 12:55:00,2011-03-16 12:55:00,United Kingdom,142.5,30.0,0,1,1,1,3,111,Regular Customers
13300,169,1,371.89,203,20,1,1,2011-06-23 13:09:00,2011-06-23 13:09:00,United Kingdom,371.89,203.0,0,2,1,2,5,212,Regular Customers
13301,104,4,600.1899999999999,343,74,4,4,2011-02-20 13:13:00,2011-08-28 11:25:00,United Kingdom,150.04749999999999,85.75,188,2,4,3,9,243,Loyal Customers
13302,155,1,63.75,5,1,1,1,2011-07-07 17:56:00,2011-07-07 17:56:00,United Kingdom,63.75,5.0,0,2,1,1,4,211,Regular Customers
13304,351,1,300.42,238,21,1,1,2010-12-23 14:35:00,2010-12-23 14:35:00,United Kingdom,300.42,238.0,0,1,1,2,4,112,Regular Customers
13305,4,10,2000.86,1232,50,10,10,2010-12-02 12:10:00,2011-12-05 15:15:00,United Kingdom,200.08599999999998,123.2,368,5,5,4,14,554,Champions
13307,120,1,15.0,4,1,1,1,2011-08-11 17:14:00,2011-08-11 17:14:00,United Kingdom,15.0,4.0,0,2,1,1,4,211,Regular Customers
13308,23,3,1385.51,843,49,3,3,2011-05-20 13:13:00,2011-11-17 09:31:00,United Kingdom,461.83666666666664,281.0,180,4,2,4,10,424,Big Spenders
13309,7,5,1456.79,1544,82,5,5,2011-02-04 12:29:00,2011-12-02 16:34:00,United Kingdom,291.358,308.8,301,5,4,4,13,544,Champions
13310,28,3,1132.03,587,65,3,3,2011-01-19 14:50:00,2011-11-11 17:23:00,United Kingdom,377.3433333333333,195.66666666666666,296,4,2,4,10,424,Big Spenders
13311,4,2,598.57,305,25,2,2,2011-07-12 14:26:00,2011-12-05 12:55:00,United Kingdom,299.285,152.5,145,5,1,3,9,513,Recent Customers
13313,22,5,1555.3200000000002,851,47,5,5,2011-01-04 10:00:00,2011-11-17 16:48:00,United Kingdom,311.064,170.2,317,4,4,4,12,444,Champions
13314,2,3,775.94,560,55,3,3,2011-09-27 10:20:00,2011-12-08 12:29:00,United Kingdom,258.6466666666667,186.66666666666666,72,5,2,3,10,523,Recent Customers
13316,37,4,5732.93,5508,66,4,4,2011-03-30 13:01:00,2011-11-02 13:40:00,United Kingdom,1433.2325,1377.0,217,3,4,5,12,345,Loyal Customers
13317,66,6,2273.68,1035,100,6,4,2010-12-16 09:22:00,2011-10-04 13:35:00,United Kingdom,378.94666666666666,172.5,292,3,5,5,13,355,Loyal Customers
13318,1,3,640.76,304,14,3,3,2011-11-02 13:26:00,2011-12-08 18:51:00,United Kingdom,213.58666666666667,101.33333333333333,36,5,2,3,10,523,Recent Customers
13319,5,26,10845.550000000001,4724,209,26,17,2010-12-09 10:04:00,2011-12-04 13:34:00,United Kingdom,417.1365384615385,181.69230769230768,360,5,5,5,15,555,Champions
13320,78,4,1532.2,1086,77,4,3,2011-05-10 10:29:00,2011-09-22 18:07:00,United Kingdom,383.05,271.5,135,2,4,4,10,244,Loyal Customers
13321,72,2,567.36,372,10,2,2,2011-09-14 15:18:00,2011-09-28 15:24:00,United Kingdom,283.68,186.0,14,3,1,3,7,313,Regular Customers
13322,17,1,199.48000000000002,117,25,1,1,2011-11-22 14:21:00,2011-11-22 14:21:00,United Kingdom,199.48000000000002,117.0,0,4,1,1,6,411,Recent Customers
13323,3,5,787.85,175,6,5,5,2011-09-16 13:23:00,2011-12-06 17:12:00,United Kingdom,157.57,35.0,81,5,4,3,12,543,Loyal Customers
13324,36,10,7121.95,5205,25,10,6,2010-12-14 09:50:00,2011-11-03 16:28:00,United Kingdom,712.1949999999999,520.5,324,3,5,5,13,355,Loyal Customers
13325,82,1,675.3,240,12,1,1,2011-09-19 10:36:00,2011-09-19 10:36:00,United Kingdom,675.3,240.0,0,2,1,3,6,213,Regular Customers
13327,39,8,3627.77,1600,74,8,7,2010-12-09 15:32:00,2011-11-01 10:21:00,United Kingdom,453.47125,200.0,326,3,5,5,13,355,Loyal Customers
13328,316,1,1308.48,680,17,1,1,2011-01-27 15:22:00,2011-01-27 15:22:00,United Kingdom,1308.48,680.0,0,1,1,4,6,114,Big Spenders
13329,32,2,789.0,463,16,2,2,2010-12-08 10:11:00,2011-11-08 10:29:00,United Kingdom,394.5,231.5,335,4,1,3,8,413,Recent Customers
13330,93,3,1140.93,751,37,3,3,2011-01-28 10:08:00,2011-09-08 12:27:00,United Kingdom,380.31,250.33333333333334,223,2,2,4,8,224,Big Spenders
13332,14,1,350.90000000000003,179,21,1,1,2011-11-25 13:30:00,2011-11-25 13:30:00,United Kingdom,350.90000000000003,179.0,0,5,1,2,8,512,Recent Customers
13334,82,3,3502.32,1764,207,3,3,2011-02-07 11:42:00,2011-09-18 15:21:00,United Kingdom,1167.44,588.0,223,2,2,5,9,225,Big Spenders
13336,77,1,795.12,559,51,1,1,2011-09-23 14:05:00,2011-09-23 14:05:00,United Kingdom,795.12,559.0,0,2,1,3,6,213,Regular Customers
13338,158,1,437.02,255,18,1,1,2011-07-05 09:06:00,2011-07-05 09:06:00,United Kingdom,437.02,255.0,0,2,1,2,5,212,Regular Customers
13339,201,1,860.12,326,54,1,1,2011-05-23 08:31:00,2011-05-23 08:31:00,United Kingdom,860.12,326.0,0,1,1,3,5,113,Regular Customers
13340,45,7,10736.48,5770,128,7,5,2011-03-08 11:39:00,2011-10-25 13:15:00,United Kingdom,1533.782857142857,824.2857142857143,231,3,5,5,13,355,Loyal Customers
13341,261,1,775.85,301,42,1,1,2011-03-24 09:50:00,2011-03-24 09:50:00,United Kingdom,775.85,301.0,0,1,1,3,5,113,Regular Customers
13343,178,1,303.43,134,18,1,1,2011-06-15 12:24:00,2011-06-15 12:24:00,United Kingdom,303.43,134.0,0,2,1,2,5,212,Regular Customers
13344,68,3,2511.69,952,115,3,2,2011-03-07 10:28:00,2011-10-03 09:45:00,United Kingdom,837.23,317.3333333333333,209,3,2,5,10,325,Big Spenders
13345,288,1,339.5,140,19,1,1,2011-02-25 09:01:00,2011-02-25 09:01:00,United Kingdom,339.5,140.0,0,1,1,2,4,112,Regular Customers
13347,70,1,291.36,204,7,1,1,2011-09-30 13:28:00,2011-09-30 13:28:00,United Kingdom,291.36,204.0,0,3,1,2,6,312,Regular Customers
13348,64,1,233.76000000000002,136,14,1,1,2011-10-06 17:28:00,2011-10-06 17:28:00,United Kingdom,233.76000000000002,136.0,0,3,1,1,5,311,Regular Customers
13349,11,1,197.32,224,15,1,1,2011-11-29 08:07:00,2011-11-29 08:07:00,United Kingdom,197.32,224.0,0,5,1,1,7,511,Recent Customers
13350,16,2,879.12,285,35,2,2,2011-09-21 13:33:00,2011-11-23 16:33:00,United Kingdom,439.56,142.5,63,4,1,3,8,413,Recent Customers
13351,66,1,323.94,116,15,1,1,2011-10-04 12:55:00,2011-10-04 12:55:00,United Kingdom,323.94,116.0,0,3,1,2,6,312,Regular Customers
13352,60,1,347.98,320,23,1,1,2011-10-10 13:55:00,2011-10-10 13:55:00,United Kingdom,347.98,320.0,0,3,1,2,6,312,Regular Customers
13354,71,1,743.53,604,51,1,1,2011-09-29 13:17:00,2011-09-29 13:17:00,United Kingdom,743.53,604.0,0,3,1,3,7,313,Regular Customers
13355,122,1,674.7,314,32,1,1,2011-08-09 14:48:00,2011-08-09 14:48:00,United Kingdom,674.7,314.0,0,2,1,3,6,213,Regular Customers
13356,80,1,768.24,325,42,1,1,2011-09-20 14:33:00,2011-09-20 14:33:00,United Kingdom,768.24,325.0,0,2,1,3,6,213,Regular Customers
13357,257,1,609.4,321,85,1,1,2011-03-27 13:56:00,2011-03-27 13:56:00,United Kingdom,609.4,321.0,0,1,1,3,5,113,Regular Customers
13358,269,1,389.03000000000003,284,28,1,1,2011-03-16 11:52:00,2011-03-16 11:52:00,United Kingdom,389.03000000000003,284.0,0,1,1,2,4,112,Regular Customers
13359,64,1,389.56,160,22,1,1,2011-10-07 09:30:00,2011-10-07 09:30:00,United Kingdom,389.56,160.0,0,3,1,2,6,312,Regular Customers
13362,9,4,3090.7400000000002,1382,128,4,4,2011-02-25 11:33:00,2011-11-30 14:41:00,United Kingdom,772.6850000000001,345.5,278,5,4,5,14,545,Champions
13363,18,2,892.5,708,46,2,2,2011-10-27 10:46:00,2011-11-22 12:40:00,United Kingdom,446.25,354.0,26,4,1,3,8,413,Recent Customers
13364,71,1,134.96,71,10,1,1,2011-09-29 18:13:00,2011-09-29 18:13:00,United Kingdom,134.96,71.0,0,3,1,1,5,311,Regular Customers
13365,34,2,2225.37,1247,122,2,2,2011-05-06 12:00:00,2011-11-06 12:36:00,United Kingdom,1112.685,623.5,184,3,1,5,9,315,Big Spenders
13366,50,1,56.16,144,1,1,1,2011-10-20 13:37:00,2011-10-20 13:37:00,United Kingdom,56.16,144.0,0,3,1,1,5,311,Regular Customers
13368,257,2,573.4,326,28,2,2,2011-01-06 12:32:00,2011-03-28 09:59:00,United Kingdom,286.7,163.0,80,1,1,3,5,113,Regular Customers
13369,366,1,258.28000000000003,148,13,1,1,2010-12-09 11:30:00,2010-12-09 11:30:00,United Kingdom,258.28000000000003,148.0,0,1,1,2,4,112,Regular Customers
13370,372,1,754.87,343,39,1,1,2010-12-03 10:26:00,2010-12-03 10:26:00,United Kingdom,754.87,343.0,0,1,1,3,5,113,Regular Customers
13372,90,1,328.64,158,22,1,1,2011-09-11 12:46:00,2011-09-11 12:46:00,United Kingdom,328.64,158.0,0,2,1,2,5,212,Regular Customers
13373,61,3,3312.25,1651,135,3,3,2011-03-08 14:35:00,2011-10-10 10:51:00,United Kingdom,1104.0833333333333,550.3333333333334,215,3,2,5,10,325,Big Spenders
13375,89,1,778.65,442,37,1,1,2011-09-12 10:19:00,2011-09-12 10:19:00,United Kingdom,778.65,442.0,0,2,1,3,6,213,Regular Customers
13376,99,3,869.76,490,44,3,3,2011-04-19 13:03:00,2011-09-01 16:16:00,United Kingdom,289.92,163.33333333333334,135,2,2,3,7,223,At Risk
13379,26,3,572.56,601,85,3,3,2011-07-26 12:26:00,2011-11-13 13:45:00,United Kingdom,190.85333333333332,200.33333333333334,110,4,2,3,9,423,Recent Customers
13381,32,6,3639.31,2029,77,6,6,2011-02-14 10:10:00,2011-11-08 11:58:00,United Kingdom,606.5516666666666,338.1666666666667,267,4,5,5,14,455,Champions
13382,281,1,222.99,131,15,1,1,2011-03-04 10:03:00,2011-03-04 10:03:00,United Kingdom,222.99,131.0,0,1,1,1,3,111,Regular Customers
13384,31,7,4151.93,2422,123,7,6,2011-06-14 12:47:00,2011-11-09 11:04:00,United Kingdom,593.1328571428572,346.0,147,4,5,5,14,455,Champions
13385,330,1,534.57,281,35,1,1,2011-01-14 09:52:00,2011-01-14 09:52:00,United Kingdom,534.57,281.0,0,1,1,3,5,113,Regular Customers
13388,131,2,677.1,282,35,2,1,2011-07-31 12:52:00,2011-07-31 12:52:00,United Kingdom,338.55,141.0,0,2,1,3,6,213,Regular Customers
13389,11,3,797.96,429,50,3,3,2011-04-21 12:12:00,2011-11-28 14:01:00,United Kingdom,265.9866666666667,143.0,221,5,2,3,10,523,Recent Customers
13390,75,1,544.08,224,13,1,1,2011-09-26 08:38:00,2011-09-26 08:38:00,United Kingdom,544.08,224.0,0,2,1,3,6,213,Regular Customers
13391,204,1,59.8,4,1,1,1,2011-05-20 10:50:00,2011-05-20 10:50:00,United Kingdom,59.8,4.0,0,1,1,1,3,111,Regular Customers
13394,2,8,2520.02,2392,124,8,8,2011-02-03 10:39:00,2011-12-08 11:36:00,United Kingdom,315.0025,299.0,308,5,5,5,15,555,Champions
13395,185,1,307.72,336,21,1,1,2011-06-07 15:04:00,2011-06-07 15:04:00,United Kingdom,307.72,336.0,0,1,1,2,4,112,Regular Customers
13396,29,2,1360.99,600,42,2,2,2011-01-24 13:37:00,2011-11-10 16:59:00,United Kingdom,680.495,300.0,290,4,1,4,9,414,Big Spenders
13397,73,5,1544.13,430,28,5,5,2011-01-04 13:50:00,2011-09-28 10:56:00,United Kingdom,308.826,86.0,266,2,4,4,10,244,Loyal Customers
13398,192,1,457.34000000000003,281,26,1,1,2011-05-31 13:17:00,2011-05-31 13:17:00,United Kingdom,457.34000000000003,281.0,0,1,1,2,4,112,Regular Customers
13402,127,2,621.23,479,32,2,2,2010-12-02 17:12:00,2011-08-04 15:51:00,United Kingdom,310.615,239.5,244,2,1,3,6,213,Regular Customers
13403,18,1,75.0,44,3,1,1,2011-11-22 08:28:00,2011-11-22 08:28:00,United Kingdom,75.0,44.0,0,4,1,1,6,411,Recent Customers
13404,1,2,252.49,111,11,2,2,2011-05-11 11:57:00,2011-12-08 15:37:00,United Kingdom,126.245,55.5,211,5,1,2,8,512,Recent Customers
13405,204,2,557.45,163,24,2,2,2011-01-26 09:27:00,2011-05-19 16:31:00,United Kingdom,278.725,81.5,113,1,1,3,5,113,Regular Customers
13408,2,62,28117.04,16232,234,62,41,2010-12-01 10:39:00,2011-12-08 09:05:00,United Kingdom,453.5006451612903,261.80645161290323,371,5,5,5,15,555,Champions
13410,24,5,1003.06,518,15,5,5,2011-02-21 14:38:00,2011-11-15 15:33:00,United Kingdom,200.612,103.6,267,4,4,4,12,444,Champions
13411,107,1,213.55,72,17,1,1,2011-08-24 13:57:00,2011-08-24 13:57:00,United Kingdom,213.55,72.0,0,2,1,1,4,211,Regular Customers
13414,134,3,1390.5,1574,23,3,3,2011-02-16 12:13:00,2011-07-29 11:45:00,United Kingdom,463.5,524.6666666666666,162,2,2,4,8,224,Big Spenders
13416,44,2,712.5,142,11,2,2,2011-09-19 14:43:00,2011-10-27 08:56:00,United Kingdom,356.25,71.0,37,3,1,3,7,313,Regular Customers
13417,5,2,640.83,162,26,2,2,2011-05-18 16:26:00,2011-12-05 08:49:00,United Kingdom,320.415,81.0,200,5,1,3,9,513,Recent Customers
13418,12,18,6127.43,3918,223,18,13,2010-12-02 10:45:00,2011-11-28 10:23:00,United Kingdom,340.4127777777778,217.66666666666666,360,5,5,5,15,555,Champions
13419,64,1,221.06,275,16,1,1,2011-10-07 12:49:00,2011-10-07 12:49:00,United Kingdom,221.06,275.0,0,3,1,1,5,311,Regular Customers
13420,150,2,159.85,101,8,2,2,2011-06-22 11:35:00,2011-07-13 08:48:00,United Kingdom,79.925,50.5,20,2,1,1,4,211,Regular Customers
13421,40,2,1823.21,1103,87,2,2,2011-02-22 15:46:00,2011-10-30 14:21:00,United Kingdom,911.605,551.5,249,3,1,4,8,314,Big Spenders
13422,64,1,2626.3,1326,127,1,1,2011-10-06 13:42:00,2011-10-06 13:42:00,United Kingdom,2626.3,1326.0,0,3,1,5,9,315,Big Spenders
13425,108,3,1624.21,1123,66,3,3,2011-02-18 08:34:00,2011-08-23 17:13:00,United Kingdom,541.4033333333333,374.3333333333333,186,2,2,4,8,224,Big Spenders
13426,1,10,3641.32,2245,103,10,10,2010-12-15 12:43:00,2011-12-09 08:59:00,United Kingdom,364.132,224.5,358,5,5,5,15,555,Champions
13427,19,3,582.6,545,25,3,3,2011-05-08 15:58:00,2011-11-20 13:02:00,United Kingdom,194.20000000000002,181.66666666666666,195,4,2,3,9,423,Recent Customers
13428,10,1,201.78,151,70,1,1,2011-11-29 14:20:00,2011-11-29 14:20:00,United Kingdom,201.78,151.0,0,5,1,1,7,511,Recent Customers
13429,11,4,1006.8,1390,55,4,4,2011-09-25 15:59:00,2011-11-29 09:10:00,United Kingdom,251.7,347.5,64,5,4,4,13,544,Champions
13430,19,2,679.45,751,48,2,2,2011-09-14 14:26:00,2011-11-21 08:19:00,United Kingdom,339.725,375.5,67,4,1,3,8,413,Recent Customers
13431,67,2,1269.1,672,44,2,2,2011-09-12 11:25:00,2011-10-03 13:49:00,United Kingdom,634.55,336.0,21,3,1,4,8,314,Big Spenders
13434,74,2,534.24,300,9,2,2,2011-09-04 10:35:00,2011-09-26 14:30:00,United Kingdom,267.12,150.0,22,2,1,3,6,213,Regular Customers
13435,5,7,3809.89,2129,68,7,7,2011-06-03 17:07:00,2011-12-04 14:45:00,United Kingdom,544.27,304.14285714285717,183,5,5,5,15,555,Champions
13436,2,1,196.89,76,12,1,1,2011-12-08 10:33:00,2011-12-08 10:33:00,United Kingdom,196.89,76.0,0,5,1,1,7,511,Recent Customers
13437,14,7,3408.06,1283,143,7,7,2011-06-02 14:30:00,2011-11-25 14:00:00,United Kingdom,486.86571428571426,183.28571428571428,175,5,5,5,15,555,Champions
13439,255,1,283.71,242,54,1,1,2011-03-29 14:20:00,2011-03-29 14:20:00,United Kingdom,283.71,242.0,0,1,1,2,4,112,Regular Customers
13441,92,1,296.64,204,13,1,1,2011-09-09 09:38:00,2011-09-09 09:38:00,United Kingdom,296.64,204.0,0,2,1,2,5,212,Regular Customers
13447,23,3,1129.14,584,55,3,3,2011-11-04 10:10:00,2011-11-16 13:38:00,United Kingdom,376.38000000000005,194.66666666666666,12,4,2,4,10,424,Big Spenders
13448,17,6,3534.69,1648,137,6,5,2010-12-01 10:52:00,2011-11-23 12:33:00,United Kingdom,589.115,274.6666666666667,357,4,5,5,14,455,Champions
13449,24,1,291.88,222,19,1,1,2011-11-16 08:28:00,2011-11-16 08:28:00,United Kingdom,291.88,222.0,0,4,1,2,7,412,Recent Customers
13450,27,6,2043.72,1982,32,6,6,2011-05-05 19:48:00,2011-11-13 11:54:00,United Kingdom,340.62,330.3333333333333,191,4,5,5,14,455,Champions
13451,26,5,2898.2599999999998,2128,315,5,5,2011-01-09 15:35:00,2011-11-13 15:58:00,United Kingdom,579.6519999999999,425.6,308,4,4,5,13,445,Champions
13452,259,2,590.0,2,1,2,2,2011-03-14 11:38:00,2011-03-25 14:19:00,United Kingdom,295.0,1.0,11,1,1,3,5,113,Regular Customers
13453,166,2,356.98,134,16,2,2,2011-02-23 09:44:00,2011-06-27 09:34:00,United Kingdom,178.49,67.0,123,2,1,2,5,212,Regular Customers
13455,25,2,1058.34,354,42,2,2,2010-12-08 13:11:00,2011-11-15 11:21:00,United Kingdom,529.17,177.0,341,4,1,4,9,414,Big Spenders
13456,18,6,1766.72,765,43,6,6,2011-05-16 15:34:00,2011-11-22 09:18:00,United Kingdom,294.4533333333333,127.5,189,4,5,4,13,454,Champions
13458,7,14,9646.57,5508,242,14,14,2010-12-15 12:05:00,2011-12-02 15:29:00,United Kingdom,689.0407142857142,393.42857142857144,352,5,5,5,15,555,Champions
13460,29,2,183.44,286,16,2,2,2011-10-21 09:50:00,2011-11-10 17:17:00,United Kingdom,91.72,143.0,20,4,1,1,6,411,Recent Customers
13461,39,3,1445.0,1170,14,3,3,2011-06-29 10:23:00,2011-11-01 09:01:00,United Kingdom,481.6666666666667,390.0,124,3,2,4,9,324,Big Spenders
13462,253,1,151.5,62,9,1,1,2011-04-01 11:20:00,2011-04-01 11:20:00,United Kingdom,151.5,62.0,0,1,1,1,3,111,Regular Customers
13464,58,1,674.68,403,41,1,1,2011-10-12 15:01:00,2011-10-12 15:01:00,United Kingdom,674.68,403.0,0,3,1,3,7,313,Regular Customers
13466,184,1,307.90000000000003,259,17,1,1,2011-06-08 16:39:00,2011-06-08 16:39:00,United Kingdom,307.90000000000003,259.0,0,1,1,2,4,112,Regular Customers
13467,11,2,1071.91,580,89,2,2,2011-11-03 16:56:00,2011-11-29 10:01:00,United Kingdom,535.955,290.0,25,5,1,4,10,514,Big Spenders
13468,2,37,5704.97,2589,184,37,36,2010-12-01 15:08:00,2011-12-08 10:39:00,United Kingdom,154.1883783783784,69.97297297297297,371,5,5,5,15,555,Champions
13470,99,2,165.0,100,7,2,2,2011-08-16 17:06:00,2011-09-01 14:57:00,United Kingdom,82.5,50.0,15,2,1,1,4,211,Regular Customers
13471,1,4,2501.84,1583,214,4,4,2011-10-23 13:10:00,2011-12-08 15:44:00,United Kingdom,625.46,395.75,46,5,4,5,14,545,Champions
13473,61,2,422.64,266,21,2,2,2011-01-11 08:45:00,2011-10-10 11:20:00,United Kingdom,211.32,133.0,272,3,1,2,6,312,Regular Customers
13474,236,1,226.84,129,59,1,1,2011-04-17 13:53:00,2011-04-17 13:53:00,United Kingdom,226.84,129.0,0,1,1,1,3,111,Regular Customers
13475,191,4,1431.78,1012,64,4,4,2011-02-14 12:36:00,2011-06-01 13:52:00,United Kingdom,357.945,253.0,107,1,4,4,9,144,Loyal Customers
13476,179,2,1238.47,417,56,2,2,2011-03-03 14:43:00,2011-06-14 12:00:00,United Kingdom,619.235,208.5,102,2,1,4,7,214,Big Spenders
13477,38,6,1454.58,1021,57,6,6,2011-02-21 12:29:00,2011-11-02 12:04:00,United Kingdom,242.42999999999998,170.16666666666666,253,3,5,4,12,354,Loyal Customers
13479,201,2,300.95,134,14,2,2,2011-04-19 11:27:00,2011-05-23 10:45:00,United Kingdom,150.475,67.0,33,1,1,2,4,112,Regular Customers
13481,46,5,1804.56,1142,98,5,4,2011-03-28 09:07:00,2011-10-25 09:07:00,United Kingdom,360.912,228.4,211,3,4,4,11,344,Loyal Customers
13482,232,1,184.64000000000001,116,11,1,1,2011-04-21 17:03:00,2011-04-21 17:03:00,United Kingdom,184.64000000000001,116.0,0,1,1,1,3,111,Regular Customers
13483,66,1,140.34,160,10,1,1,2011-10-05 11:53:00,2011-10-05 11:53:00,United Kingdom,140.34,160.0,0,3,1,1,5,311,Regular Customers
13484,241,1,313.8,44,8,1,1,2011-04-12 16:30:00,2011-04-12 16:30:00,United Kingdom,313.8,44.0,0,1,1,2,4,112,Regular Customers
13485,233,1,454.24,277,23,1,1,2011-04-20 13:58:00,2011-04-20 13:58:00,United Kingdom,454.24,277.0,0,1,1,2,4,112,Regular Customers
13486,78,3,1122.41,669,69,3,3,2011-07-07 17:19:00,2011-09-22 13:13:00,United Kingdom,374.1366666666667,223.0,76,2,2,4,8,224,Big Spenders
13487,58,3,575.4,265,26,3,3,2010-12-21 14:54:00,2011-10-13 12:07:00,United Kingdom,191.79999999999998,88.33333333333333,295,3,2,3,8,323,Regular Customers
13488,17,13,8968.31,4518,271,13,12,2010-12-07 13:01:00,2011-11-22 14:41:00,United Kingdom,689.87,347.53846153846155,350,4,5,5,14,455,Champions
13489,105,4,449.52,560,11,4,4,2011-02-18 10:42:00,2011-08-26 13:16:00,United Kingdom,112.38,140.0,189,2,4,2,8,242,At Risk
13491,52,10,1215.82,903,73,10,10,2010-12-02 14:30:00,2011-10-19 08:32:00,United Kingdom,121.582,90.3,320,3,5,4,12,354,Loyal Customers
13492,136,3,1269.84,408,38,3,3,2011-05-09 10:06:00,2011-07-26 14:25:00,Switzerland,423.28,136.0,78,2,2,4,8,224,Big Spenders
13493,275,2,498.63,377,5,2,2,2011-02-25 16:42:00,2011-03-09 15:35:00,Switzerland,249.315,188.5,11,1,1,3,5,113,Regular Customers
13494,312,1,316.26000000000005,162,18,1,1,2011-02-01 11:58:00,2011-02-01 11:58:00,United Kingdom,316.26000000000005,162.0,0,1,1,2,4,112,Regular Customers
13495,8,5,2044.8700000000001,829,34,5,5,2010-12-06 15:14:00,2011-12-02 11:21:00,United Kingdom,408.97400000000005,165.8,360,5,4,5,14,545,Champions
13496,11,2,653.33,341,28,2,2,2010-12-15 10:17:00,2011-11-29 10:58:00,United Kingdom,326.665,170.5,349,5,1,3,9,513,Recent Customers
13497,283,2,348.05,163,19,2,2,2010-12-06 11:37:00,2011-03-02 09:04:00,United Kingdom,174.025,81.5,85,1,1,2,4,112,Regular Customers
13499,18,5,1159.1100000000001,1365,31,5,5,2011-03-15 08:52:00,2011-11-22 11:21:00,United Kingdom,231.82200000000003,273.0,252,4,4,4,12,444,Champions
13500,23,3,1166.77,609,60,3,3,2011-08-09 12:20:00,2011-11-16 15:35:00,United Kingdom,388.92333333333335,203.0,99,4,2,4,10,424,Big Spenders
13501,288,1,1340.32,560,52,1,1,2011-02-24 18:59:00,2011-02-24 18:59:00,Switzerland,1340.32,560.0,0,1,1,4,6,114,Big Spenders
13502,17,3,292.0,264,17,3,3,2011-01-20 09:03:00,2011-11-23 10:39:00,United Kingdom,97.33333333333333,88.0,307,4,2,2,8,422,Recent Customers
13503,71,1,216.85,248,17,1,1,2011-09-29 13:23:00,2011-09-29 13:23:00,United Kingdom,216.85,248.0,0,3,1,1,5,311,Regular Customers
13504,64,1,295.93,178,22,1,1,2011-10-06 13:20:00,2011-10-06 13:20:00,United Kingdom,295.93,178.0,0,3,1,2,6,312,Regular Customers
13505,73,4,3633.63,2467,181,4,4,2011-04-21 12:07:00,2011-09-28 11:56:00,Switzerland,908.4075,616.75,159,2,4,5,11,245,Loyal Customers
13506,316,2,458.52,324,26,2,2,2010-12-05 12:15:00,2011-01-27 13:53:00,United Kingdom,229.26,162.0,53,1,1,2,4,112,Regular Customers
13507,3,4,2479.16,1597,146,4,4,2011-07-17 11:50:00,2011-12-06 13:13:00,United Kingdom,619.79,399.25,142,5,4,5,14,545,Champions
13508,244,1,110.97,24,12,1,1,2011-04-10 11:58:00,2011-04-10 11:58:00,United Kingdom,110.97,24.0,0,1,1,1,3,111,Regular Customers
13509,9,6,964.72,1105,26,6,6,2011-02-28 13:27:00,2011-12-01 10:10:00,United Kingdom,160.78666666666666,184.16666666666666,275,5,5,4,14,554,Champions
13510,1,4,1791.56,1386,86,4,4,2011-06-09 09:32:00,2011-12-08 13:46:00,United Kingdom,447.89,346.5,182,5,4,4,13,544,Champions
13512,261,1,251.21,143,15,1,1,2011-03-24 10:03:00,2011-03-24 10:03:00,United Kingdom,251.21,143.0,0,1,1,2,4,112,Regular Customers
13513,127,1,205.1,109,10,1,1,2011-08-05 11:50:00,2011-08-05 11:50:00,United Kingdom,205.1,109.0,0,2,1,1,4,211,Regular Customers
13514,74,1,152.20000000000002,40,4,1,1,2011-09-27 09:39:00,2011-09-27 09:39:00,United Kingdom,152.20000000000002,40.0,0,2,1,1,4,211,Regular Customers
13515,73,4,891.12,681,50,4,4,2011-04-06 10:33:00,2011-09-28 11:26:00,United Kingdom,222.78,170.25,175,2,4,3,9,243,Loyal Customers
13516,21,3,1389.41,985,43,3,3,2011-04-15 11:06:00,2011-11-18 13:15:00,United Kingdom,463.1366666666667,328.3333333333333,217,4,2,4,10,424,Big Spenders
13517,60,3,2128.42,1369,125,3,3,2011-06-13 08:44:00,2011-10-11 11:43:00,United Kingdom,709.4733333333334,456.3333333333333,120,3,2,5,10,325,Big Spenders
13518,86,1,627.16,382,36,1,1,2011-09-15 10:29:00,2011-09-15 10:29:00,United Kingdom,627.16,382.0,0,2,1,3,6,213,Regular Customers
13519,78,1,122.75,23,8,1,1,2011-09-22 18:24:00,2011-09-22 18:24:00,United Kingdom,122.75,23.0,0,2,1,1,4,211,Regular Customers
13520,59,6,2984.35,1633,48,6,6,2010-12-03 10:36:00,2011-10-12 10:20:00,Switzerland,497.39166666666665,272.1666666666667,312,3,5,5,13,355,Loyal Customers
13521,1,3,1070.47,715,312,3,3,2011-11-29 15:09:00,2011-12-08 13:50:00,United Kingdom,356.8233333333333,238.33333333333334,8,5,2,4,11,524,Big Spenders
13522,30,1,125.80000000000001,44,5,1,1,2011-11-09 15:11:00,2011-11-09 15:11:00,United Kingdom,125.80000000000001,44.0,0,4,1,1,6,411,Recent Customers
13523,33,5,3964.88,1752,157,5,4,2010-12-08 14:22:00,2011-11-06 15:11:00,United Kingdom,792.976,350.4,333,4,4,5,13,445,Champions
13524,41,5,680.1800000000001,324,17,5,5,2011-05-04 12:26:00,2011-10-30 12:34:00,United Kingdom,136.036,64.8,179,3,4,3,10,343,Loyal Customers
13525,15,2,628.78,394,5,2,2,2011-04-05 15:36:00,2011-11-25 12:01:00,United Kingdom,314.39,197.0,233,4,1,3,8,413,Recent Customers
13527,34,7,2242.36,1683,153,7,6,2011-01-17 11:17:00,2011-11-06 12:04:00,United Kingdom,320.33714285714285,240.42857142857142,293,3,5,5,13,355,Loyal Customers
13529,79,2,307.76,74,15,2,2,2011-05-19 11:50:00,2011-09-22 09:15:00,United Kingdom,153.88,37.0,125,2,1,2,5,212,Regular Customers
13531,205,2,483.8,174,17,2,2,2010-12-08 15:03:00,2011-05-18 16:56:00,United Kingdom,241.9,87.0,161,1,1,3,5,113,Regular Customers
13532,34,1,210.31,129,66,1,1,2011-11-06 12:25:00,2011-11-06 12:25:00,United Kingdom,210.31,129.0,0,3,1,1,5,311,Regular Customers
13533,183,3,269.09,202,61,3,2,2011-03-17 12:47:00,2011-06-10 11:54:00,United Kingdom,89.69666666666666,67.33333333333333,84,1,2,2,5,122,At Risk
13534,2,25,5870.08,2961,119,25,18,2010-12-16 15:23:00,2011-12-07 14:52:00,United Kingdom,234.8032,118.44,355,5,5,5,15,555,Champions
13536,1,7,3444.39,2126,91,7,7,2011-09-25 13:30:00,2011-12-08 16:38:00,United Kingdom,492.05571428571426,303.7142857142857,74,5,5,5,15,555,Champions
13538,43,7,1280.85,175,10,7,7,2011-01-28 10:40:00,2011-10-27 16:34:00,United Kingdom,182.97857142857143,25.0,272,3,5,4,12,354,Loyal Customers
13539,86,3,631.34,320,35,3,3,2011-02-03 15:23:00,2011-09-15 10:18:00,United Kingdom,210.4466666666667,106.66666666666667,223,2,2,3,7,223,At Risk
13544,40,2,276.06,112,76,2,2,2011-04-13 12:09:00,2011-10-31 11:57:00,United Kingdom,138.03,56.0,200,3,1,2,6,312,Regular Customers
13546,12,3,621.09,357,72,3,3,2011-05-23 12:14:00,2011-11-27 14:50:00,United Kingdom,207.03,119.0,188,5,2,3,10,523,Recent Customers
13548,96,2,678.16,436,114,2,2,2011-04-10 11:35:00,2011-09-04 14:50:00,United Kingdom,339.08,218.0,147,2,1,3,6,213,Regular Customers
13549,26,7,918.2,458,37,7,7,2011-04-11 13:42:00,2011-11-14 09:20:00,United Kingdom,131.17142857142858,65.42857142857143,216,4,5,3,12,453,Loyal Customers
13551,319,1,91.80000000000001,12,4,1,1,2011-01-24 14:46:00,2011-01-24 14:46:00,United Kingdom,91.80000000000001,12.0,0,1,1,1,3,111,Regular Customers
13552,66,12,3740.07,1417,82,12,8,2011-01-28 10:10:00,2011-10-04 15:19:00,United Kingdom,311.6725,118.08333333333333,249,3,5,5,13,355,Loyal Customers
13555,74,4,4098.88,2636,128,4,2,2011-05-22 11:06:00,2011-09-27 12:36:00,United Kingdom,1024.72,659.0,128,2,4,5,11,245,Loyal Customers
13557,28,2,584.0600000000001,546,31,2,2,2011-03-04 12:14:00,2011-11-11 15:24:00,United Kingdom,292.03000000000003,273.0,252,4,1,3,8,413,Recent Customers
13558,6,4,594.52,338,123,4,4,2011-10-02 13:01:00,2011-12-04 11:24:00,United Kingdom,148.63,84.5,62,5,4,3,12,543,Loyal Customers
13560,7,1,171.42000000000002,63,32,1,1,2011-12-02 13:11:00,2011-12-02 13:11:00,United Kingdom,171.42000000000002,63.0,0,5,1,1,7,511,Recent Customers
13561,216,1,141.85999999999999,83,14,1,1,2011-05-08 12:39:00,2011-05-08 12:39:00,United Kingdom,141.85999999999999,83.0,0,1,1,1,3,111,Regular Customers
13562,82,3,1799.3300000000002,757,50,3,3,2011-04-08 12:42:00,2011-09-19 10:51:00,United Kingdom,599.7766666666668,252.33333333333334,163,2,2,4,8,224,Big Spenders
13563,84,2,777.53,209,49,2,2,2011-07-22 17:21:00,2011-09-16 14:45:00,United Kingdom,388.765,104.5,55,2,1,3,6,213,Regular Customers
13564,354,2,1174.03,635,67,2,2,2010-12-06 17:26:00,2010-12-20 16:50:00,United Kingdom,587.015,317.5,13,1,1,4,6,114,Big Spenders
13565,19,2,240.22,172,35,2,2,2011-01-09 14:28:00,2011-11-20 14:33:00,United Kingdom,120.11,86.0,315,4,1,1,6,411,Recent Customers
13566,41,2,856.84,567,134,2,2,2011-09-18 12:40:00,2011-10-30 11:59:00,United Kingdom,428.42,283.5,41,3,1,3,7,313,Regular Customers
13568,173,1,187.05,66,41,1,1,2011-06-19 14:42:00,2011-06-19 14:42:00,United Kingdom,187.05,66.0,0,2,1,1,4,211,Regular Customers
13569,17,2,337.12,155,72,2,2,2010-12-07 12:29:00,2011-11-22 13:07:00,United Kingdom,168.56,77.5,350,4,1,2,7,412,Recent Customers
13570,243,1,239.49,161,27,1,1,2011-04-10 13:36:00,2011-04-10 13:36:00,United Kingdom,239.49,161.0,0,1,1,1,3,111,Regular Customers
13571,13,12,2088.94,1757,157,12,12,2011-03-31 12:43:00,2011-11-27 10:47:00,United Kingdom,174.07833333333335,146.41666666666666,240,5,5,5,15,555,Champions
13572,206,1,1384.25,534,32,1,1,2011-05-18 11:59:00,2011-05-18 11:59:00,United Kingdom,1384.25,534.0,0,1,1,4,6,114,Big Spenders
13573,50,2,290.25,302,24,2,2,2011-03-31 14:47:00,2011-10-20 14:33:00,United Kingdom,145.125,151.0,202,3,1,2,6,312,Regular Customers
13575,23,5,732.07,449,41,5,5,2011-06-16 14:24:00,2011-11-16 13:14:00,United Kingdom,146.41400000000002,89.8,152,4,4,3,11,443,Loyal Customers
13576,10,18,6717.34,2646,78,18,18,2010-12-01 17:24:00,2011-11-29 15:34:00,United Kingdom,373.18555555555554,147.0,362,5,5,5,15,555,Champions
13577,25,4,1687.6000000000001,791,61,4,4,2011-04-12 10:33:00,2011-11-14 15:19:00,United Kingdom,421.90000000000003,197.75,216,4,4,4,12,444,Champions
13579,15,2,467.04,176,19,2,2,2010-12-05 16:10:00,2011-11-25 08:41:00,United Kingdom,233.52,88.0,354,4,1,2,7,412,Recent Customers
13581,309,1,118.0,30,10,1,1,2011-02-03 14:41:00,2011-02-03 14:41:00,United Kingdom,118.0,30.0,0,1,1,1,3,111,Regular Customers
13583,156,1,781.03,725,53,1,1,2011-07-07 10:40:00,2011-07-07 10:40:00,United Kingdom,781.03,725.0,0,2,1,3,6,213,Regular Customers
13584,307,1,142.4,37,24,1,1,2011-02-06 12:49:00,2011-02-06 12:49:00,United Kingdom,142.4,37.0,0,1,1,1,3,111,Regular Customers
13587,64,1,712.4,180,8,1,1,2011-10-07 12:31:00,2011-10-07 12:31:00,United Kingdom,712.4,180.0,0,3,1,3,7,313,Regular Customers
13588,16,9,2478.95,2606,131,9,9,2011-03-29 15:53:00,2011-11-24 10:42:00,United Kingdom,275.43888888888887,289.55555555555554,239,4,5,5,14,455,Champions
13589,15,2,379.65,114,21,2,2,2011-06-13 12:44:00,2011-11-25 12:10:00,United Kingdom,189.825,57.0,164,4,1,2,7,412,Recent Customers
13590,11,6,1981.92,1848,70,6,6,2011-02-09 13:25:00,2011-11-28 12:54:00,United Kingdom,330.32,308.0,291,5,5,4,14,554,Champions
13591,65,3,1117.13,485,56,3,3,2011-03-18 12:18:00,2011-10-06 12:26:00,United Kingdom,372.3766666666667,161.66666666666666,202,3,2,4,9,324,Big Spenders
13592,36,4,247.95999999999998,84,15,4,4,2011-03-20 14:01:00,2011-11-04 09:49:00,United Kingdom,61.989999999999995,21.0,228,3,4,2,9,342,Regular Customers
13593,108,5,2011.88,719,77,5,5,2011-01-07 16:32:00,2011-08-23 13:35:00,United Kingdom,402.37600000000003,143.8,227,2,4,4,10,244,Loyal Customers
13594,53,1,396.97,359,26,1,1,2011-10-18 10:19:00,2011-10-18 10:19:00,United Kingdom,396.97,359.0,0,3,1,2,6,312,Regular Customers
13596,6,2,664.11,384,133,2,2,2011-11-27 11:57:00,2011-12-04 12:01:00,United Kingdom,332.055,192.0,7,5,1,3,9,513,Recent Customers
13598,47,1,160.04,52,33,1,1,2011-10-23 14:28:00,2011-10-23 14:28:00,United Kingdom,160.04,52.0,0,3,1,1,5,311,Regular Customers
13599,1,21,5149.92,3293,171,21,15,2010-12-08 10:11:00,2011-12-08 16:10:00,United Kingdom,245.2342857142857,156.8095238095238,365,5,5,5,15,555,Champions
13600,312,1,219.52,324,19,1,1,2011-01-31 15:27:00,2011-01-31 15:27:00,United Kingdom,219.52,324.0,0,1,1,1,3,111,Regular Customers
13601,45,2,693.32,548,90,2,2,2011-05-12 16:52:00,2011-10-25 17:31:00,United Kingdom,346.66,274.0,166,3,1,3,7,313,Regular Customers
13602,65,1,428.89,267,23,1,1,2011-10-06 11:47:00,2011-10-06 11:47:00,United Kingdom,428.89,267.0,0,3,1,2,6,312,Regular Customers
13603,26,1,164.34,164,27,1,1,2011-11-13 15:57:00,2011-11-13 15:57:00,United Kingdom,164.34,164.0,0,4,1,1,6,411,Recent Customers
13606,29,3,276.75,276,40,3,3,2011-02-01 11:42:00,2011-11-10 17:46:00,United Kingdom,92.25,92.0,282,4,2,2,8,422,Recent Customers
13607,40,1,675.51,288,93,1,1,2011-10-30 16:17:00,2011-10-30 16:17:00,United Kingdom,675.51,288.0,0,3,1,3,7,313,Regular Customers
13610,12,7,1082.33,488,165,7,7,2011-02-27 14:44:00,2011-11-27 15:38:00,United Kingdom,154.6185714285714,69.71428571428571,273,5,5,4,14,554,Champions
13611,89,3,1154.4,754,67,3,3,2010-12-15 10:31:00,2011-09-11 14:51:00,United Kingdom,384.8,251.33333333333334,270,2,2,4,8,224,Big Spenders
13614,24,4,1585.46,564,171,4,4,2011-01-13 12:37:00,2011-11-15 14:47:00,United Kingdom,396.365,141.0,306,4,4,4,12,444,Champions
13615,319,1,417.69,189,23,1,1,2011-01-25 08:21:00,2011-01-25 08:21:00,United Kingdom,417.69,189.0,0,1,1,2,4,112,Regular Customers
13617,40,3,544.18,300,31,3,3,2011-06-12 12:55:00,2011-10-30 13:50:00,United Kingdom,181.39333333333332,100.0,140,3,2,3,8,323,Regular Customers
13618,174,1,177.34,246,13,1,1,2011-06-19 11:09:00,2011-06-19 11:09:00,United Kingdom,177.34,246.0,0,2,1,1,4,211,Regular Customers
13621,117,1,213.85,343,19,1,1,2011-08-15 08:26:00,2011-08-15 08:26:00,United Kingdom,213.85,343.0,0,2,1,1,4,211,Regular Customers
13623,31,5,727.74,286,75,5,5,2011-02-15 13:08:00,2011-11-09 12:00:00,United Kingdom,145.548,57.2,266,4,4,3,11,443,Loyal Customers
13626,253,1,257.23,209,19,1,1,2011-04-01 10:05:00,2011-04-01 10:05:00,United Kingdom,257.23,209.0,0,1,1,2,4,112,Regular Customers
13627,59,5,1638.47,1269,84,5,5,2010-12-17 09:52:00,2011-10-11 14:20:00,United Kingdom,327.694,253.8,298,3,4,4,11,344,Loyal Customers
13629,23,11,7792.36,4372,28,11,11,2011-01-05 12:09:00,2011-11-16 13:21:00,United Kingdom,708.3963636363636,397.45454545454544,315,4,5,5,14,455,Champions
13630,5,7,2031.78,1391,51,7,7,2011-02-27 12:49:00,2011-12-04 15:16:00,United Kingdom,290.2542857142857,198.71428571428572,280,5,5,5,15,555,Champions
13631,100,11,3070.42,467,6,11,7,2011-03-17 17:13:00,2011-09-01 09:57:00,United Kingdom,279.1290909090909,42.45454545454545,167,2,5,5,12,255,Loyal Customers
13632,25,5,2118.93,1031,121,5,5,2011-04-10 15:07:00,2011-11-15 10:51:00,United Kingdom,423.78599999999994,206.2,218,4,4,5,13,445,Champions
13634,33,5,1547.3600000000001,700,156,5,5,2011-01-16 15:30:00,2011-11-06 13:40:00,United Kingdom,309.47200000000004,140.0,293,4,4,4,12,444,Champions
13635,68,1,1071.03,677,62,1,1,2011-10-03 10:55:00,2011-10-03 10:55:00,United Kingdom,1071.03,677.0,0,3,1,4,8,314,Big Spenders
13636,37,5,949.12,592,57,5,5,2011-02-27 14:29:00,2011-11-03 10:30:00,United Kingdom,189.824,118.4,248,3,4,4,11,344,Loyal Customers
13637,52,3,803.05,404,78,3,3,2011-04-27 13:06:00,2011-10-18 13:32:00,United Kingdom,267.68333333333334,134.66666666666666,174,3,2,3,8,323,Regular Customers
13638,16,1,122.64,93,8,1,1,2011-11-24 10:38:00,2011-11-24 10:38:00,United Kingdom,122.64,93.0,0,4,1,1,6,411,Recent Customers
13639,74,1,1033.34,800,39,1,1,2011-09-26 13:36:00,2011-09-26 13:36:00,United Kingdom,1033.34,800.0,0,2,1,4,7,214,Big Spenders
13642,216,1,312.28,151,57,1,1,2011-05-08 12:34:00,2011-05-08 12:34:00,United Kingdom,312.28,151.0,0,1,1,2,4,112,Regular Customers
13643,31,3,519.44,273,24,3,3,2011-06-07 11:40:00,2011-11-08 15:37:00,United Kingdom,173.14666666666668,91.0,154,4,2,3,9,423,Recent Customers
13644,16,4,2624.26,2067,144,4,4,2011-08-26 11:53:00,2011-11-23 14:07:00,United Kingdom,656.065,516.75,89,4,4,5,13,445,Champions
13645,120,1,252.1,158,5,1,1,2011-08-11 16:11:00,2011-08-11 16:11:00,United Kingdom,252.1,158.0,0,2,1,2,5,212,Regular Customers
13647,10,4,1648.1200000000001,887,65,4,4,2011-04-19 09:49:00,2011-11-30 12:00:00,United Kingdom,412.03000000000003,221.75,225,5,4,4,13,544,Champions
13649,257,2,346.6,139,23,2,2,2010-12-08 14:46:00,2011-03-28 11:51:00,United Kingdom,173.3,69.5,109,1,1,2,4,112,Regular Customers
13650,17,6,1836.3400000000001,922,79,6,5,2011-03-17 12:37:00,2011-11-23 12:22:00,United Kingdom,306.0566666666667,153.66666666666666,250,4,5,4,13,454,Champions
13651,40,1,79.2,32,5,1,1,2011-10-31 12:11:00,2011-10-31 12:11:00,United Kingdom,79.2,32.0,0,3,1,1,5,311,Regular Customers
13652,46,3,1095.08,578,48,3,3,2010-12-06 09:21:00,2011-10-25 08:51:00,United Kingdom,365.02666666666664,192.66666666666666,322,3,2,4,9,324,Big Spenders
13654,43,6,2707.33,2182,157,6,5,2011-03-11 12:54:00,2011-10-27 16:24:00,United Kingdom,451.22166666666664,363.6666666666667,230,3,5,5,13,355,Loyal Customers
13655,114,2,932.97,605,52,2,2,2011-04-12 09:53:00,2011-08-17 14:25:00,United Kingdom,466.485,302.5,127,2,1,4,7,214,Big Spenders
13656,165,2,379.65,490,49,2,2,2011-01-06 15:42:00,2011-06-28 10:31:00,United Kingdom,189.825,245.0,172,2,1,2,5,212,Regular Customers
13657,11,2,382.14,209,16,2,2,2011-05-22 12:35:00,2011-11-29 12:32:00,United Kingdom,191.07,104.5,190,5,1,2,8,512,Recent Customers
13658,10,5,2639.17,1019,91,5,3,2011-05-19 17:15:00,2011-11-30 10:13:00,United Kingdom,527.8340000000001,203.8,194,5,4,5,14,545,Champions
13659,206,2,1563.0,882,92,2,2,2011-01-23 12:08:00,2011-05-18 12:37:00,United Kingdom,781.5,441.0,115,1,1,4,6,114,Big Spenders
13662,86,3,881.26,533,50,3,3,2011-03-25 13:23:00,2011-09-15 12:04:00,United Kingdom,293.75333333333333,177.66666666666666,173,2,2,3,7,223,At Risk
13663,179,1,189.47,91,13,1,1,2011-06-13 15:44:00,2011-06-13 15:44:00,United Kingdom,189.47,91.0,0,2,1,1,4,211,Regular Customers
13666,60,3,84.65,41,12,3,2,2011-02-25 13:05:00,2011-10-10 15:39:00,United Kingdom,28.21666666666667,13.666666666666666,227,3,2,1,6,321,Regular Customers
13667,149,1,299.05,149,82,1,1,2011-07-13 15:42:00,2011-07-13 15:42:00,United Kingdom,299.05,149.0,0,2,1,2,5,212,Regular Customers
13668,3,21,6309.83,3722,284,21,21,2010-12-12 12:35:00,2011-12-07 12:11:00,United Kingdom,300.46809523809526,177.23809523809524,359,5,5,5,15,555,Champions
13669,51,2,218.55,237,9,2,2,2011-07-13 11:44:00,2011-10-20 09:32:00,United Kingdom,109.275,118.5,98,3,1,1,5,311,Regular Customers
13670,75,1,349.7,282,25,1,1,2011-09-25 15:25:00,2011-09-25 15:25:00,United Kingdom,349.7,282.0,0,2,1,2,5,212,Regular Customers
13672,301,2,186.39000000000001,57,4,2,2,2011-01-11 13:54:00,2011-02-11 13:53:00,United Kingdom,93.19500000000001,28.5,30,1,1,1,3,111,Regular Customers
13673,19,2,387.44,114,47,2,2,2011-11-07 15:40:00,2011-11-21 12:11:00,United Kingdom,193.72,57.0,13,4,1,2,7,412,Recent Customers
13675,151,2,486.82000000000005,330,25,2,2,2011-02-28 12:14:00,2011-07-11 12:57:00,United Kingdom,243.41000000000003,165.0,133,2,1,3,6,213,Regular Customers
13678,152,1,232.6,924,16,1,1,2011-07-11 10:14:00,2011-07-11 10:14:00,United Kingdom,232.6,924.0,0,2,1,1,4,211,Regular Customers
13680,1,4,3719.12,1934,164,4,4,2011-01-04 14:12:00,2011-12-08 13:47:00,United Kingdom,929.78,483.5,337,5,4,5,14,545,Champions
13681,18,4,827.83,360,37,4,4,2011-07-07 15:21:00,2011-11-22 11:13:00,United Kingdom,206.9575,90.0,137,4,4,3,11,443,Loyal Customers
13682,187,1,59.5,10,3,1,1,2011-06-05 14:06:00,2011-06-05 14:06:00,United Kingdom,59.5,10.0,0,1,1,1,3,111,Regular Customers
13684,286,1,65.13,38,29,1,1,2011-02-27 10:13:00,2011-02-27 10:13:00,United Kingdom,65.13,38.0,0,1,1,1,3,111,Regular Customers
13685,3,7,3119.44,5056,29,7,6,2011-10-10 12:59:00,2011-12-07 11:41:00,United Kingdom,445.63428571428574,722.2857142857143,57,5,5,5,15,555,Champions
13686,183,1,72.0,70,8,1,1,2011-06-10 09:10:00,2011-06-10 09:10:00,United Kingdom,72.0,70.0,0,1,1,1,3,111,Regular Customers
13689,63,1,910.0,512,6,1,1,2011-10-07 13:21:00,2011-10-07 13:21:00,United Kingdom,910.0,512.0,0,3,1,3,7,313,Regular Customers
13690,59,1,172.25,67,9,1,1,2011-10-11 15:03:00,2011-10-11 15:03:00,United Kingdom,172.25,67.0,0,3,1,1,5,311,Regular Customers
13692,25,3,1488.32,1226,48,3,3,2011-04-17 12:57:00,2011-11-15 11:17:00,United Kingdom,496.1066666666666,408.6666666666667,211,4,2,4,10,424,Big Spenders
13694,4,50,65039.62,63312,366,50,35,2010-12-01 12:12:00,2011-12-06 09:32:00,United Kingdom,1300.7924,1266.24,369,5,5,5,15,555,Champions
13695,31,15,2504.13,1603,46,15,14,2011-03-25 11:31:00,2011-11-08 14:26:00,United Kingdom,166.942,106.86666666666666,228,4,5,5,14,455,Champions
13697,39,1,151.3,177,12,1,1,2011-11-01 09:14:00,2011-11-01 09:14:00,United Kingdom,151.3,177.0,0,3,1,1,5,311,Regular Customers
13699,155,1,308.58000000000004,66,14,1,1,2011-07-07 16:51:00,2011-07-07 16:51:00,United Kingdom,308.58000000000004,66.0,0,2,1,2,5,212,Regular Customers
13700,26,10,2248.63,2281,139,10,8,2011-01-16 13:18:00,2011-11-13 13:00:00,United Kingdom,224.863,228.1,300,4,5,5,14,455,Champions
13703,318,1,99.5,10,1,1,1,2011-01-25 13:10:00,2011-01-25 13:10:00,United Kingdom,99.5,10.0,0,1,1,1,3,111,Regular Customers
13704,5,9,2308.06,1531,111,9,9,2011-09-12 14:40:00,2011-12-04 15:13:00,United Kingdom,256.4511111111111,170.11111111111111,83,5,5,5,15,555,Champions
13705,8,3,711.86,363,25,3,3,2010-12-01 10:29:00,2011-12-02 12:32:00,United Kingdom,237.28666666666666,121.0,366,5,2,3,10,523,Recent Customers
13706,303,1,330.79,189,20,1,1,2011-02-10 09:21:00,2011-02-10 09:21:00,United Kingdom,330.79,189.0,0,1,1,2,4,112,Regular Customers
13707,267,2,806.41,351,48,2,2,2011-01-28 13:27:00,2011-03-17 18:03:00,United Kingdom,403.205,175.5,48,1,1,3,5,113,Regular Customers
13708,271,1,283.33,300,48,1,1,2011-03-13 13:46:00,2011-03-13 13:46:00,United Kingdom,283.33,300.0,0,1,1,2,4,112,Regular Customers
13709,4,13,6307.650000000001,3508,244,13,8,2011-01-28 14:57:00,2011-12-06 10:28:00,United Kingdom,485.2038461538462,269.84615384615387,311,5,5,5,15,555,Champions
13710,32,1,180.48,176,8,1,1,2011-11-08 08:16:00,2011-11-08 08:16:00,United Kingdom,180.48,176.0,0,4,1,1,6,411,Recent Customers
13711,219,2,252.06,140,11,2,1,2011-05-05 10:29:00,2011-05-05 10:31:00,United Kingdom,126.03,70.0,0,1,1,2,4,112,Regular Customers
13712,247,1,228.84,352,10,1,1,2011-04-07 12:33:00,2011-04-07 12:33:00,United Kingdom,228.84,352.0,0,1,1,1,3,111,Regular Customers
13715,281,5,1077.39,562,89,5,4,2010-12-02 08:52:00,2011-03-03 19:21:00,United Kingdom,215.478,112.4,91,1,4,4,9,144,Loyal Customers
13716,269,1,138.28,138,21,1,1,2011-03-15 13:49:00,2011-03-15 13:49:00,United Kingdom,138.28,138.0,0,1,1,1,3,111,Regular Customers
13717,32,6,1445.01,1959,92,6,6,2011-02-14 13:21:00,2011-11-07 14:13:00,United Kingdom,240.835,326.5,266,4,5,4,13,454,Champions
13718,246,2,306.55,173,9,2,2,2011-02-17 11:58:00,2011-04-07 13:24:00,United Kingdom,153.275,86.5,49,1,1,2,4,112,Regular Customers
13719,15,5,1041.68,609,56,5,5,2011-04-19 13:56:00,2011-11-24 15:26:00,United Kingdom,208.336,121.8,219,4,4,4,12,444,Champions
13720,117,4,799.9,501,42,4,4,2011-03-30 09:17:00,2011-08-15 12:46:00,United Kingdom,199.975,125.25,138,2,4,3,9,243,Loyal Customers
13721,36,1,524.14,316,28,1,1,2011-11-03 14:05:00,2011-11-03 14:05:00,United Kingdom,524.14,316.0,0,3,1,3,7,313,Regular Customers
13722,132,3,2375.41,1401,75,3,2,2011-03-02 11:43:00,2011-07-31 12:44:00,United Kingdom,791.8033333333333,467.0,151,2,2,5,9,225,Big Spenders
13723,217,1,199.85000000000002,43,6,1,1,2011-05-06 17:04:00,2011-05-06 17:04:00,United Kingdom,199.85000000000002,43.0,0,1,1,1,3,111,Regular Customers
13725,50,8,1980.56,806,95,8,8,2011-02-04 12:18:00,2011-10-21 10:03:00,United Kingdom,247.57,100.75,258,3,5,4,12,354,Loyal Customers
13726,39,2,1079.66,1054,39,2,2,2011-08-31 11:06:00,2011-11-01 10:49:00,United Kingdom,539.83,527.0,61,3,1,4,8,314,Big Spenders
13727,29,2,333.48,162,19,2,2,2011-11-06 12:16:00,2011-11-11 09:46:00,United Kingdom,166.74,81.0,4,4,1,2,7,412,Recent Customers
13728,37,6,1016.14,458,38,6,6,2011-02-02 12:09:00,2011-11-03 10:49:00,United Kingdom,169.35666666666665,76.33333333333333,273,3,5,4,12,354,Loyal Customers
13730,136,2,752.6,488,38,2,2,2011-07-01 12:47:00,2011-07-27 08:35:00,United Kingdom,376.3,244.0,25,2,1,3,6,213,Regular Customers
13731,219,2,610.59,278,36,2,2,2011-04-07 10:10:00,2011-05-04 14:33:00,United Kingdom,305.295,139.0,27,1,1,3,5,113,Regular Customers
13732,28,1,491.86,498,33,1,1,2011-11-11 15:49:00,2011-11-11 15:49:00,United Kingdom,491.86,498.0,0,4,1,3,8,413,Recent Customers
13735,25,4,2883.54,1128,158,4,4,2011-04-19 13:49:00,2011-11-15 11:14:00,United Kingdom,720.885,282.0,209,4,4,5,13,445,Champions
13736,5,2,729.8,496,166,2,2,2011-03-24 13:04:00,2011-12-04 15:19:00,United Kingdom,364.9,248.0,255,5,1,3,9,513,Recent Customers
13737,200,1,339.6,125,29,1,1,2011-05-23 16:32:00,2011-05-23 16:32:00,United Kingdom,339.6,125.0,0,1,1,2,4,112,Regular Customers
13739,18,1,216.9,54,3,1,1,2011-11-21 13:35:00,2011-11-21 13:35:00,United Kingdom,216.9,54.0,0,4,1,1,6,411,Recent Customers
13740,241,1,350.75,425,23,1,1,2011-04-13 10:32:00,2011-04-13 10:32:00,United Kingdom,350.75,425.0,0,1,1,2,4,112,Regular Customers
13741,72,3,668.4300000000001,218,34,3,3,2011-05-06 13:43:00,2011-09-29 09:19:00,United Kingdom,222.81000000000003,72.66666666666667,145,3,2,3,8,323,Regular Customers
13742,17,12,3107.87,1115,200,12,11,2011-01-23 14:59:00,2011-11-23 11:07:00,United Kingdom,258.9891666666667,92.91666666666667,303,4,5,5,14,455,Champions
13743,3,7,1341.6,1776,8,7,7,2011-03-25 14:46:00,2011-12-07 10:09:00,United Kingdom,191.65714285714284,253.71428571428572,256,5,5,4,14,554,Champions
13744,95,2,1080.52,1153,54,2,2,2011-02-20 14:08:00,2011-09-05 15:19:00,United Kingdom,540.26,576.5,197,2,1,4,7,214,Big Spenders
13745,162,1,300.04,496,25,1,1,2011-06-30 16:43:00,2011-06-30 16:43:00,United Kingdom,300.04,496.0,0,2,1,2,5,212,Regular Customers
13747,374,1,79.6,8,1,1,1,2010-12-01 10:37:00,2010-12-01 10:37:00,United Kingdom,79.6,8.0,0,1,1,1,3,111,Regular Customers
13748,96,5,948.25,439,24,5,4,2010-12-01 09:00:00,2011-09-05 09:45:00,United Kingdom,189.65,87.8,278,2,4,4,10,244,Loyal Customers
13750,54,5,1647.26,516,20,5,5,2011-01-07 11:49:00,2011-10-17 12:16:00,United Kingdom,329.452,103.2,283,3,4,4,11,344,Loyal Customers
13751,288,1,296.25,152,9,1,1,2011-02-24 15:56:00,2011-02-24 15:56:00,United Kingdom,296.25,152.0,0,1,1,2,4,112,Regular Customers
13752,124,6,1175.38,874,64,6,6,2011-04-07 12:04:00,2011-08-07 14:16:00,United Kingdom,195.89666666666668,145.66666666666666,122,2,5,4,11,254,Loyal Customers
13753,288,1,741.26,512,35,1,1,2011-02-25 12:48:00,2011-02-25 12:48:00,United Kingdom,741.26,512.0,0,1,1,3,5,113,Regular Customers
13754,152,2,282.6,214,11,2,2,2011-01-26 14:58:00,2011-07-11 11:51:00,United Kingdom,141.3,107.0,165,2,1,2,5,212,Regular Customers
13755,4,9,2108.06,1242,232,9,8,2011-10-07 15:45:00,2011-12-06 12:26:00,United Kingdom,234.2288888888889,138.0,59,5,5,5,15,555,Champions
13756,2,14,5189.52,3188,66,14,12,2010-12-07 11:41:00,2011-12-07 16:44:00,United Kingdom,370.68,227.71428571428572,365,5,5,5,15,555,Champions
13758,12,7,3190.55,1844,104,7,7,2010-12-01 12:08:00,2011-11-28 11:11:00,United Kingdom,455.79285714285714,263.42857142857144,361,5,5,5,15,555,Champions
13759,33,2,659.4100000000001,287,24,2,2,2011-09-29 15:40:00,2011-11-06 14:47:00,United Kingdom,329.70500000000004,143.5,37,4,1,3,8,413,Recent Customers
13760,54,2,286.79,197,50,2,2,2011-03-28 12:52:00,2011-10-16 16:13:00,United Kingdom,143.395,98.5,202,3,1,2,6,312,Regular Customers
13761,50,2,1070.65,642,68,2,2,2011-06-13 08:43:00,2011-10-20 14:01:00,United Kingdom,535.325,321.0,129,3,1,4,8,314,Big Spenders
13762,219,1,306.72,272,7,1,1,2011-05-05 09:15:00,2011-05-05 09:15:00,United Kingdom,306.72,272.0,0,1,1,2,4,112,Regular Customers
13763,63,1,1714.96,728,15,1,1,2011-10-07 15:13:00,2011-10-07 15:13:00,United Kingdom,1714.96,728.0,0,3,1,4,8,314,Big Spenders
13764,71,3,1516.42,923,182,3,3,2011-01-06 14:53:00,2011-09-30 12:03:00,United Kingdom,505.47333333333336,307.6666666666667,266,3,2,4,9,324,Big Spenders
13767,2,37,17220.36,7322,55,37,31,2010-12-01 10:47:00,2011-12-07 15:00:00,United Kingdom,465.41513513513513,197.8918918918919,371,5,5,5,15,555,Champions
13769,2,10,2796.51,1163,73,10,9,2010-12-07 13:28:00,2011-12-07 15:08:00,United Kingdom,279.651,116.3,365,5,5,5,15,555,Champions
13771,64,4,2634.45,1477,114,4,3,2011-04-06 15:47:00,2011-10-06 14:18:00,United Kingdom,658.6125,369.25,182,3,4,5,12,345,Loyal Customers
13772,34,3,1122.63,540,141,3,3,2011-04-14 12:31:00,2011-11-06 11:43:00,United Kingdom,374.21000000000004,180.0,205,3,2,4,9,324,Big Spenders
13774,82,1,345.0,192,22,1,1,2011-09-19 12:06:00,2011-09-19 12:06:00,United Kingdom,345.0,192.0,0,2,1,2,5,212,Regular Customers
13777,1,33,25977.16,12897,36,33,24,2010-12-01 16:01:00,2011-12-09 12:25:00,United Kingdom,787.1866666666666,390.8181818181818,372,5,5,5,15,555,Champions
13778,103,1,178.7,70,9,1,1,2011-08-28 15:25:00,2011-08-28 15:25:00,United Kingdom,178.7,70.0,0,2,1,1,4,211,Regular Customers
13780,7,2,360.01,318,56,2,2,2011-06-22 11:43:00,2011-12-02 13:49:00,United Kingdom,180.005,159.0,163,5,1,2,8,512,Recent Customers
13781,251,1,127.84,30,17,1,1,2011-04-03 12:08:00,2011-04-03 12:08:00,United Kingdom,127.84,30.0,0,1,1,1,3,111,Regular Customers
13782,13,6,908.86,369,96,6,6,2011-01-16 11:08:00,2011-11-27 11:54:00,United Kingdom,151.47666666666666,61.5,315,5,5,3,13,553,Loyal Customers
13784,10,11,2462.79,2493,9,11,11,2011-01-11 14:38:00,2011-11-30 09:33:00,United Kingdom,223.89,226.63636363636363,322,5,5,5,15,555,Champions
13786,367,1,230.4,136,7,1,1,2010-12-07 13:53:00,2010-12-07 13:53:00,United Kingdom,230.4,136.0,0,1,1,1,3,111,Regular Customers
13787,76,2,309.04,337,24,2,2,2010-12-10 14:45:00,2011-09-25 12:06:00,United Kingdom,154.52,168.5,288,2,1,2,5,212,Regular Customers
13790,4,1,348.79999999999995,748,45,1,1,2011-12-05 15:48:00,2011-12-05 15:48:00,United Kingdom,348.79999999999995,748.0,0,5,1,2,8,512,Recent Customers
13791,128,2,1516.0,1200,7,2,2,2011-06-24 16:38:00,2011-08-04 11:44:00,United Kingdom,758.0,600.0,40,2,1,4,7,214,Big Spenders
13792,66,2,195.55,92,13,2,2,2011-02-25 14:03:00,2011-10-04 14:31:00,United Kingdom,97.775,46.0,221,3,1,1,5,311,Regular Customers
13798,1,57,37153.85,23948,113,57,53,2010-12-02 17:24:00,2011-12-08 15:51:00,United Kingdom,651.8219298245614,420.140350877193,370,5,5,5,15,555,Champions
13799,117,2,688.86,402,32,2,2,2011-02-18 14:18:00,2011-08-15 12:07:00,United Kingdom,344.43,201.0,177,2,1,3,6,213,Regular Customers
13800,310,1,558.32,331,33,1,1,2011-02-03 12:27:00,2011-02-03 12:27:00,United Kingdom,558.32,331.0,0,1,1,3,5,113,Regular Customers
13801,67,1,324.8,168,23,1,1,2011-10-04 10:15:00,2011-10-04 10:15:00,United Kingdom,324.8,168.0,0,3,1,2,6,312,Regular Customers
13802,139,3,4599.42,2572,55,3,3,2011-02-01 12:03:00,2011-07-24 10:54:00,United Kingdom,1533.14,857.3333333333334,172,2,2,5,9,225,Big Spenders
13803,255,1,277.07,121,17,1,1,2011-03-29 12:57:00,2011-03-29 12:57:00,United Kingdom,277.07,121.0,0,1,1,2,4,112,Regular Customers
13804,31,7,2588.39,1462,124,7,6,2011-02-23 09:09:00,2011-11-09 12:32:00,United Kingdom,369.77,208.85714285714286,259,4,5,5,14,455,Champions
13805,52,2,924.5999999999999,1900,10,2,2,2011-08-02 15:29:00,2011-10-18 14:50:00,United Kingdom,462.29999999999995,950.0,76,3,1,4,8,314,Big Spenders
13806,64,1,256.38,56,10,1,1,2011-10-07 11:43:00,2011-10-07 11:43:00,United Kingdom,256.38,56.0,0,3,1,2,6,312,Regular Customers
13807,367,1,112.6,36,7,1,1,2010-12-07 15:48:00,2010-12-07 15:48:00,United Kingdom,112.6,36.0,0,1,1,1,3,111,Regular Customers
13808,6,5,1747.66,782,70,5,5,2011-09-04 12:07:00,2011-12-04 12:18:00,United Kingdom,349.53200000000004,156.4,91,5,4,4,13,544,Champions
13809,305,1,155.05,29,11,1,1,2011-02-07 13:15:00,2011-02-07 13:15:00,Cyprus,155.05,29.0,0,1,1,1,3,111,Regular Customers
13810,29,2,827.51,307,30,2,2,2011-10-14 12:57:00,2011-11-11 08:33:00,Germany,413.755,153.5,27,4,1,3,8,413,Recent Customers
13811,184,2,519.75,63,5,2,2,2011-04-14 18:40:00,2011-06-09 09:54:00,Germany,259.875,31.5,55,1,1,3,5,113,Regular Customers
13812,42,3,485.0,330,32,3,3,2011-08-26 12:54:00,2011-10-28 14:27:00,Germany,161.66666666666666,110.0,63,3,2,3,8,323,Regular Customers
13813,40,4,1168.8600000000001,541,53,4,4,2011-07-28 10:33:00,2011-10-31 10:38:00,Germany,292.21500000000003,135.25,95,3,4,4,11,344,Loyal Customers
13814,92,2,1579.12,864,37,2,2,2011-07-25 13:54:00,2011-09-08 13:48:00,Germany,789.56,432.0,44,2,1,4,7,214,Big Spenders
13815,22,4,3667.36,2540,131,4,4,2011-01-25 12:16:00,2011-11-17 14:19:00,Germany,916.84,635.0,296,4,4,5,13,445,Champions
13816,24,2,499.67,265,24,2,2,2011-10-06 14:37:00,2011-11-16 08:38:00,Germany,249.835,132.5,40,4,1,3,8,413,Recent Customers
13817,29,2,328.98,208,19,2,2,2010-12-23 11:46:00,2011-11-10 17:49:00,Germany,164.49,104.0,322,4,1,2,7,412,Recent Customers
13819,302,3,1140.35,1109,26,3,3,2011-01-24 10:38:00,2011-02-11 10:38:00,United Kingdom,380.1166666666666,369.6666666666667,18,1,2,4,7,124,Big Spenders
13821,145,2,385.64,153,51,2,2,2011-03-23 11:30:00,2011-07-18 09:49:00,United Kingdom,192.82,76.5,116,2,1,2,5,212,Regular Customers
13822,6,2,632.0,611,90,2,2,2011-10-30 15:55:00,2011-12-04 12:13:00,United Kingdom,316.0,305.5,34,5,1,3,9,513,Recent Customers
13823,19,2,957.66,439,39,2,2,2011-09-09 10:42:00,2011-11-21 10:22:00,United Kingdom,478.83,219.5,72,4,1,4,9,414,Big Spenders
13824,33,5,1698.94,768,34,5,5,2011-02-02 13:07:00,2011-11-07 12:41:00,United Kingdom,339.788,153.6,277,4,4,4,12,444,Champions
13826,176,1,189.5,82,10,1,1,2011-06-16 13:48:00,2011-06-16 13:48:00,United Kingdom,189.5,82.0,0,2,1,1,4,211,Regular Customers
13827,58,3,409.8,138,83,3,3,2011-07-19 15:38:00,2011-10-13 12:38:00,United Kingdom,136.6,46.0,85,3,2,2,7,322,Regular Customers
13828,22,1,209.49,311,15,1,1,2011-11-17 16:02:00,2011-11-17 16:02:00,United Kingdom,209.49,311.0,0,4,1,1,6,411,Recent Customers
13831,16,6,2198.45,743,58,6,6,2010-12-05 12:13:00,2011-11-23 15:41:00,United Kingdom,366.4083333333333,123.83333333333333,353,4,5,5,14,455,Champions
13832,19,1,52.2,28,3,1,1,2011-11-20 15:36:00,2011-11-20 15:36:00,United Kingdom,52.2,28.0,0,4,1,1,6,411,Recent Customers
13833,159,1,383.85,117,28,1,1,2011-07-03 13:27:00,2011-07-03 13:27:00,United Kingdom,383.85,117.0,0,2,1,2,5,212,Regular Customers
13835,25,4,834.57,442,48,4,4,2011-05-08 15:22:00,2011-11-14 15:37:00,United Kingdom,208.6425,110.5,190,4,4,3,11,443,Loyal Customers
13837,212,2,266.59000000000003,182,17,2,2,2011-01-26 12:15:00,2011-05-12 12:10:00,United Kingdom,133.29500000000002,91.0,105,1,1,2,4,112,Regular Customers
13838,6,4,674.82,254,144,4,3,2010-12-05 10:45:00,2011-12-04 11:00:00,United Kingdom,168.705,63.5,364,5,4,3,12,543,Loyal Customers
13841,253,1,85.0,100,1,1,1,2011-04-01 12:10:00,2011-04-01 12:10:00,United Kingdom,85.0,100.0,0,1,1,1,3,111,Regular Customers
13842,59,9,3385.62,1768,155,9,9,2010-12-08 10:39:00,2011-10-12 10:51:00,United Kingdom,376.18,196.44444444444446,308,3,5,5,13,355,Loyal Customers
13844,11,1,361.62,196,20,1,1,2011-11-28 13:21:00,2011-11-28 13:21:00,United Kingdom,361.62,196.0,0,5,1,2,8,512,Recent Customers
13845,65,1,312.98,182,9,1,1,2011-10-06 08:25:00,2011-10-06 08:25:00,United Kingdom,312.98,182.0,0,3,1,2,6,312,Regular Customers
13846,25,3,865.0600000000001,388,55,3,3,2010-12-14 16:07:00,2011-11-15 12:07:00,United Kingdom,288.35333333333335,129.33333333333334,335,4,2,3,9,423,Recent Customers
13848,92,3,1255.0,3700,3,3,3,2010-12-08 15:10:00,2011-09-08 12:58:00,United Kingdom,418.3333333333333,1233.3333333333333,273,2,2,4,8,224,Big Spenders
13849,52,2,1537.95,1016,97,2,2,2011-06-22 10:11:00,2011-10-19 10:59:00,United Kingdom,768.975,508.0,119,3,1,4,8,314,Big Spenders
13850,129,1,1595.48,944,93,1,1,2011-08-02 14:04:00,2011-08-02 14:04:00,United Kingdom,1595.48,944.0,0,2,1,4,7,214,Big Spenders
13851,96,3,2651.46,1705,77,3,3,2011-02-24 17:18:00,2011-09-05 12:36:00,United Kingdom,883.82,568.3333333333334,192,2,2,5,9,225,Big Spenders
13853,57,1,1090.1399999999999,312,23,1,1,2011-10-13 14:18:00,2011-10-13 14:18:00,United Kingdom,1090.1399999999999,312.0,0,3,1,4,8,314,Big Spenders
13854,9,25,8109.5199999999995,2296,39,25,25,2010-12-09 10:48:00,2011-12-01 09:06:00,United Kingdom,324.38079999999997,91.84,356,5,5,5,15,555,Champions
13856,169,3,388.5,494,10,3,3,2011-05-20 13:13:00,2011-06-24 10:03:00,United Kingdom,129.5,164.66666666666666,34,2,2,2,6,222,At Risk
13858,57,1,216.17000000000002,75,11,1,1,2011-10-13 16:17:00,2011-10-13 16:17:00,United Kingdom,216.17000000000002,75.0,0,3,1,1,5,311,Regular Customers
13859,326,1,201.16,129,27,1,1,2011-01-17 16:14:00,2011-01-17 16:14:00,United Kingdom,201.16,129.0,0,1,1,1,3,111,Regular Customers
13860,1,5,1245.9,591,58,5,4,2011-09-14 09:27:00,2011-12-08 12:57:00,United Kingdom,249.18,118.2,85,5,4,4,13,544,Champions
13862,18,8,2209.36,1688,97,8,8,2011-01-11 15:13:00,2011-11-21 16:24:00,United Kingdom,276.17,211.0,314,4,5,5,14,455,Champions
13863,248,1,305.78,224,20,1,1,2011-04-06 10:20:00,2011-04-06 10:20:00,United Kingdom,305.78,224.0,0,1,1,2,4,112,Regular Customers
13865,58,4,501.56,204,26,4,4,2011-02-23 12:04:00,2011-10-12 13:31:00,United Kingdom,125.39,51.0,231,3,4,3,10,343,Loyal Customers
13866,74,1,145.67,57,7,1,1,2011-09-26 14:54:00,2011-09-26 14:54:00,United Kingdom,145.67,57.0,0,2,1,1,4,211,Regular Customers
13867,31,3,1005.09,501,51,3,3,2011-05-05 17:28:00,2011-11-08 15:48:00,United Kingdom,335.03000000000003,167.0,186,4,2,4,10,424,Big Spenders
13868,7,2,3192.54,1964,32,2,2,2011-11-01 12:45:00,2011-12-02 16:32:00,United Kingdom,1596.27,982.0,31,5,1,5,11,515,Big Spenders
13869,123,4,3083.65,1709,234,4,4,2010-12-17 15:14:00,2011-08-08 13:53:00,United Kingdom,770.9125,427.25,233,2,4,5,11,245,Loyal Customers
13870,2,8,2770.94,1325,91,8,6,2011-02-25 09:09:00,2011-12-07 13:23:00,United Kingdom,346.3675,165.625,285,5,5,5,15,555,Champions
13871,23,13,6403.25,2806,155,13,12,2011-02-04 09:30:00,2011-11-17 10:49:00,United Kingdom,492.5576923076923,215.84615384615384,286,4,5,5,14,455,Champions
13873,120,3,389.6,140,21,3,3,2011-02-03 09:37:00,2011-08-12 10:08:00,United Kingdom,129.86666666666667,46.666666666666664,190,2,2,2,6,222,At Risk
13874,358,1,540.45,180,18,1,1,2010-12-16 18:20:00,2010-12-16 18:20:00,United Kingdom,540.45,180.0,0,1,1,3,5,113,Regular Customers
13875,54,5,1786.79,1316,79,5,5,2011-02-11 15:39:00,2011-10-17 09:36:00,United Kingdom,357.358,263.2,247,3,4,4,11,344,Loyal Customers
13876,64,1,122.7,36,7,1,1,2011-10-07 10:22:00,2011-10-07 10:22:00,United Kingdom,122.7,36.0,0,3,1,1,5,311,Regular Customers
13877,86,1,117.24,108,3,1,1,2011-09-14 15:49:00,2011-09-14 15:49:00,United Kingdom,117.24,108.0,0,2,1,1,4,211,Regular Customers
13878,55,1,1271.57,463,35,1,1,2011-10-16 12:19:00,2011-10-16 12:19:00,United Kingdom,1271.57,463.0,0,3,1,4,8,314,Big Spenders
13880,21,13,3219.77,1842,125,13,10,2010-12-07 14:00:00,2011-11-18 13:44:00,United Kingdom,247.67461538461538,141.69230769230768,345,4,5,5,14,455,Champions
13881,4,20,17159.52,10118,72,20,16,2011-02-01 10:14:00,2011-12-06 12:50:00,United Kingdom,857.976,505.9,308,5,5,5,15,555,Champions
13882,3,5,1191.13,953,54,5,5,2011-10-06 15:28:00,2011-12-07 11:16:00,United Kingdom,238.22600000000003,190.6,61,5,4,4,13,544,Champions
13883,11,5,2674.48,1436,108,5,3,2011-03-31 17:17:00,2011-11-29 10:45:00,United Kingdom,534.896,287.2,242,5,4,5,14,545,Champions
13884,7,5,787.6,300,45,5,4,2011-03-01 13:40:00,2011-12-02 16:30:00,United Kingdom,157.52,60.0,276,5,4,3,12,543,Loyal Customers
13885,189,2,506.8,182,28,2,2,2011-05-23 08:52:00,2011-06-03 15:07:00,United Kingdom,253.4,91.0,11,1,1,3,5,113,Regular Customers
13886,71,1,243.56,126,16,1,1,2011-09-29 13:17:00,2011-09-29 13:17:00,United Kingdom,243.56,126.0,0,3,1,1,5,311,Regular Customers
13887,204,1,349.55,147,19,1,1,2011-05-19 17:22:00,2011-05-19 17:22:00,United Kingdom,349.55,147.0,0,1,1,2,4,112,Regular Customers
13888,120,2,595.67,254,38,2,2,2011-05-05 14:41:00,2011-08-12 10:13:00,United Kingdom,297.835,127.0,98,2,1,3,6,213,Regular Customers
13889,93,1,416.90000000000003,146,15,1,1,2011-09-08 09:13:00,2011-09-08 09:13:00,United Kingdom,416.90000000000003,146.0,0,2,1,2,5,212,Regular Customers
13890,1,10,1883.81,831,74,10,9,2010-12-16 09:31:00,2011-12-08 15:36:00,United Kingdom,188.381,83.1,357,5,5,4,14,554,Champions
13892,27,4,632.97,983,26,4,4,2011-04-07 12:04:00,2011-11-13 11:50:00,United Kingdom,158.2425,245.75,219,4,4,3,11,443,Loyal Customers
13893,298,1,821.1,190,21,1,1,2011-02-15 11:30:00,2011-02-15 11:30:00,United Kingdom,821.1,190.0,0,1,1,3,5,113,Regular Customers
13894,24,3,564.62,354,25,3,2,2011-02-02 12:54:00,2011-11-16 09:44:00,United Kingdom,188.20666666666668,118.0,286,4,2,3,9,423,Recent Customers
13895,28,4,2593.07,1365,97,4,4,2011-06-28 10:17:00,2011-11-11 16:57:00,United Kingdom,648.2675,341.25,136,4,4,5,13,445,Champions
13897,50,1,311.16,200,17,1,1,2011-10-20 14:30:00,2011-10-20 14:30:00,United Kingdom,311.16,200.0,0,3,1,2,6,312,Regular Customers
13898,326,1,155.93,133,12,1,1,2011-01-18 10:28:00,2011-01-18 10:28:00,United Kingdom,155.93,133.0,0,1,1,1,3,111,Regular Customers
13899,16,2,388.52,156,19,2,2,2011-03-10 09:30:00,2011-11-23 13:40:00,United Kingdom,194.26,78.0,258,4,1,2,7,412,Recent Customers
13900,183,3,740.95,430,42,3,3,2011-03-22 10:13:00,2011-06-09 19:26:00,United Kingdom,246.98333333333335,143.33333333333334,79,1,2,3,6,123,At Risk
13901,72,5,2867.2000000000003,1739,144,5,5,2011-01-25 09:01:00,2011-09-28 14:48:00,United Kingdom,573.44,347.8,246,3,4,5,12,345,Loyal Customers
13904,37,2,332.64,332,24,2,2,2011-02-18 11:18:00,2011-11-02 13:41:00,United Kingdom,166.32,166.0,257,3,1,2,6,312,Regular Customers
13908,80,4,2319.55,1477,103,4,4,2011-03-08 12:04:00,2011-09-21 11:49:00,United Kingdom,579.8875,369.25,196,2,4,5,11,245,Loyal Customers
13911,57,9,2580.91,2731,120,9,9,2011-02-04 14:46:00,2011-10-13 15:43:00,United Kingdom,286.7677777777778,303.44444444444446,251,3,5,5,13,355,Loyal Customers
13914,12,2,626.45,380,28,2,2,2011-11-03 16:28:00,2011-11-28 10:35:00,United Kingdom,313.225,190.0,24,5,1,3,9,513,Recent Customers
13917,50,2,272.04,228,16,2,2,2011-06-01 12:46:00,2011-10-21 09:56:00,United Kingdom,136.02,114.0,141,3,1,2,6,312,Regular Customers
13918,50,2,1212.8400000000001,1140,30,2,2,2011-03-31 18:05:00,2011-10-21 12:25:00,United Kingdom,606.4200000000001,570.0,203,3,1,4,8,314,Big Spenders
13919,59,2,348.81,472,23,2,2,2011-08-10 10:15:00,2011-10-11 14:24:00,Denmark,174.405,236.0,62,3,1,2,6,312,Regular Customers
13922,352,1,172.25,93,7,1,1,2010-12-23 10:38:00,2010-12-23 10:38:00,United Kingdom,172.25,93.0,0,1,1,1,3,111,Regular Customers
13923,54,1,351.13,185,20,1,1,2011-10-17 12:33:00,2011-10-17 12:33:00,United Kingdom,351.13,185.0,0,3,1,2,6,312,Regular Customers
13924,2,6,1838.8500000000001,1575,90,6,6,2011-09-28 15:07:00,2011-12-08 09:39:00,United Kingdom,306.475,262.5,70,5,5,4,14,554,Champions
13925,93,4,678.25,331,28,4,3,2011-07-28 12:09:00,2011-09-08 12:47:00,United Kingdom,169.5625,82.75,42,2,4,3,9,243,Loyal Customers
13926,23,1,223.85000000000002,104,11,1,1,2011-11-16 13:16:00,2011-11-16 13:16:00,United Kingdom,223.85000000000002,104.0,0,4,1,1,6,411,Recent Customers
13927,75,1,348.99,214,21,1,1,2011-09-26 12:00:00,2011-09-26 12:00:00,United Kingdom,348.99,214.0,0,2,1,2,5,212,Regular Customers
13928,11,4,464.57,129,23,4,4,2011-07-29 15:59:00,2011-11-29 10:33:00,United Kingdom,116.1425,32.25,122,5,4,2,11,542,Regular Customers
13929,169,2,842.65,143,8,2,2,2011-01-17 15:11:00,2011-06-23 15:26:00,United Kingdom,421.325,71.5,157,2,1,3,6,213,Regular Customers
13930,58,2,337.34,274,15,2,2,2011-07-26 11:00:00,2011-10-13 09:45:00,United Kingdom,168.67,137.0,78,3,1,2,6,312,Regular Customers
13931,96,2,1237.53,725,56,2,2,2011-03-04 08:43:00,2011-09-05 10:12:00,United Kingdom,618.765,362.5,185,2,1,4,7,214,Big Spenders
13932,295,1,307.4,72,16,1,1,2011-02-18 12:02:00,2011-02-18 12:02:00,United Kingdom,307.4,72.0,0,1,1,2,4,112,Regular Customers
13933,109,2,608.79,205,23,2,2,2011-07-14 13:35:00,2011-08-22 14:03:00,United Kingdom,304.395,102.5,39,2,1,3,6,213,Regular Customers
13934,264,1,922.1,390,31,1,1,2011-03-21 08:39:00,2011-03-21 08:39:00,United Kingdom,922.1,390.0,0,1,1,3,5,113,Regular Customers
13936,180,1,376.58,330,26,1,1,2011-06-13 08:47:00,2011-06-13 08:47:00,United Kingdom,376.58,330.0,0,1,1,2,4,112,Regular Customers
13937,169,1,158.85,123,9,1,1,2011-06-23 16:35:00,2011-06-23 16:35:00,United Kingdom,158.85,123.0,0,2,1,1,4,211,Regular Customers
13938,35,1,71.66,70,7,1,1,2011-11-04 14:37:00,2011-11-04 14:37:00,United Kingdom,71.66,70.0,0,3,1,1,5,311,Regular Customers
13939,23,3,568.55,847,43,3,3,2011-02-01 11:30:00,2011-11-16 13:33:00,United Kingdom,189.51666666666665,282.3333333333333,288,4,2,3,9,423,Recent Customers
13940,17,4,839.14,516,39,4,4,2011-07-18 16:05:00,2011-11-22 15:15:00,United Kingdom,209.785,129.0,126,4,4,3,11,443,Loyal Customers
13941,22,5,5112.96,2364,24,5,5,2010-12-02 10:17:00,2011-11-18 09:43:00,United Kingdom,1022.592,472.8,350,4,4,5,13,445,Champions
13946,79,3,561.57,443,11,3,3,2011-03-17 10:02:00,2011-09-21 13:33:00,United Kingdom,187.19000000000003,147.66666666666666,188,2,2,3,7,223,At Risk
13947,65,1,90.60000000000001,44,5,1,1,2011-10-05 14:42:00,2011-10-05 14:42:00,United Kingdom,90.60000000000001,44.0,0,3,1,1,5,311,Regular Customers
13948,361,1,102.0,40,3,1,1,2010-12-14 10:18:00,2010-12-14 10:18:00,United Kingdom,102.0,40.0,0,1,1,1,3,111,Regular Customers
13949,3,6,2427.32,2474,124,6,6,2011-09-06 11:55:00,2011-12-07 09:35:00,United Kingdom,404.55333333333334,412.3333333333333,91,5,5,5,15,555,Champions
13950,11,4,745.0600000000001,323,33,4,4,2011-04-07 11:29:00,2011-11-28 14:44:00,United Kingdom,186.26500000000001,80.75,235,5,4,3,12,543,Loyal Customers
13951,176,3,674.45,459,38,3,3,2011-02-18 15:21:00,2011-06-16 16:43:00,United Kingdom,224.8166666666667,153.0,118,2,2,3,7,223,At Risk
13952,218,2,3251.071,1431,120,2,2,2011-04-15 09:27:00,2011-05-06 09:00:00,United Kingdom,1625.5355,715.5,20,1,1,5,7,115,Big Spenders
13953,7,7,3515.68,2724,8,7,7,2010-12-22 10:29:00,2011-12-02 16:04:00,United Kingdom,502.23999999999995,389.14285714285717,345,5,5,5,15,555,Champions
13954,2,2,439.92,150,24,2,2,2011-09-30 10:52:00,2011-12-08 12:50:00,United Kingdom,219.96,75.0,69,5,1,2,8,512,Recent Customers
13955,154,2,322.96,154,33,2,2,2011-02-07 12:24:00,2011-07-08 17:19:00,United Kingdom,161.48,77.0,151,2,1,2,5,212,Regular Customers
13956,5,5,1019.27,486,123,5,5,2011-03-13 12:51:00,2011-12-04 13:20:00,United Kingdom,203.85399999999998,97.2,266,5,4,4,13,544,Champions
13959,79,3,594.04,355,79,3,3,2010-12-12 13:56:00,2011-09-21 15:06:00,United Kingdom,198.01333333333332,118.33333333333333,283,2,2,3,7,223,At Risk
13960,21,2,230.22,142,11,2,2,2011-09-29 12:39:00,2011-11-18 15:27:00,United Kingdom,115.11,71.0,50,4,1,1,6,411,Recent Customers
13962,22,2,169.54999999999998,87,11,2,2,2011-04-08 11:21:00,2011-11-18 08:47:00,United Kingdom,84.77499999999999,43.5,223,4,1,1,6,411,Recent Customers
13963,308,4,664.54,460,35,4,4,2010-12-07 09:21:00,2011-02-04 14:43:00,United Kingdom,166.135,115.0,59,1,4,3,8,143,Loyal Customers
13967,146,1,80.7,42,2,1,1,2011-07-17 12:02:00,2011-07-17 12:02:00,United Kingdom,80.7,42.0,0,2,1,1,4,211,Regular Customers
13969,7,18,9024.17,4528,334,18,17,2010-12-09 19:32:00,2011-12-02 15:11:00,United Kingdom,501.34277777777777,251.55555555555554,357,5,5,5,15,555,Champions
13971,19,8,2758.26,1844,118,8,8,2011-02-27 12:27:00,2011-11-21 12:06:00,United Kingdom,344.7825,230.5,266,4,5,5,14,455,Champions
13972,71,2,190.25,187,15,2,2,2011-05-22 11:34:00,2011-09-30 11:54:00,United Kingdom,95.125,93.5,131,3,1,1,5,311,Regular Customers
13973,287,1,264.7,109,11,1,1,2011-02-25 15:21:00,2011-02-25 15:21:00,United Kingdom,264.7,109.0,0,1,1,2,4,112,Regular Customers
13974,49,1,413.59000000000003,249,28,1,1,2011-10-21 14:41:00,2011-10-21 14:41:00,United Kingdom,413.59000000000003,249.0,0,3,1,2,6,312,Regular Customers
13975,31,6,2461.2400000000002,1697,240,6,5,2011-03-08 12:19:00,2011-11-08 13:19:00,United Kingdom,410.2066666666667,282.8333333333333,245,4,5,5,14,455,Champions
13976,207,1,357.98,154,10,1,1,2011-05-17 09:13:00,2011-05-17 09:13:00,United Kingdom,357.98,154.0,0,1,1,2,4,112,Regular Customers
13978,15,2,196.79,315,14,2,2,2011-10-25 15:04:00,2011-11-25 11:36:00,United Kingdom,98.395,157.5,30,4,1,1,6,411,Recent Customers
13979,73,1,869.87,639,54,1,1,2011-09-27 13:32:00,2011-09-27 13:32:00,United Kingdom,869.87,639.0,0,2,1,3,6,213,Regular Customers
13980,60,1,200.14,172,11,1,1,2011-10-10 13:34:00,2011-10-10 13:34:00,United Kingdom,200.14,172.0,0,3,1,1,5,311,Regular Customers
13982,39,4,1871.81,1136,72,4,4,2010-12-09 13:57:00,2011-10-31 16:24:00,United Kingdom,467.9525,284.0,326,3,4,4,11,344,Loyal Customers
13983,30,12,2603.43,1183,91,12,10,2010-12-08 10:38:00,2011-11-10 11:06:00,United Kingdom,216.9525,98.58333333333333,337,4,5,5,14,455,Champions
13984,27,5,920.51,679,14,5,5,2010-12-08 15:58:00,2011-11-13 12:38:00,United Kingdom,184.102,135.8,339,4,4,3,11,443,Loyal Customers
13985,4,15,7060.13,3445,108,15,15,2011-03-20 13:48:00,2011-12-05 17:06:00,United Kingdom,470.67533333333336,229.66666666666666,260,5,5,5,15,555,Champions
13986,17,1,320.46,430,12,1,1,2011-11-22 15:00:00,2011-11-22 15:00:00,United Kingdom,320.46,430.0,0,4,1,2,7,412,Recent Customers
13988,20,6,4147.96,3044,188,6,6,2011-03-30 11:48:00,2011-11-20 10:15:00,United Kingdom,691.3266666666667,507.3333333333333,234,4,5,5,14,455,Champions
13989,66,2,1266.08,1313,33,2,2,2011-04-14 15:39:00,2011-10-05 09:47:00,United Kingdom,633.04,656.5,173,3,1,4,8,314,Big Spenders
13990,213,1,311.3,190,16,1,1,2011-05-10 15:19:00,2011-05-10 15:19:00,United Kingdom,311.3,190.0,0,1,1,2,4,112,Regular Customers
13991,12,6,851.88,994,57,6,5,2011-07-19 12:58:00,2011-11-27 16:18:00,United Kingdom,141.98,165.66666666666666,131,5,5,3,13,553,Loyal Customers
13992,30,1,76.8,64,5,1,1,2011-11-09 15:23:00,2011-11-09 15:23:00,United Kingdom,76.8,64.0,0,4,1,1,6,411,Recent Customers
13993,43,9,3466.36,900,66,9,9,2011-01-13 10:43:00,2011-10-28 09:06:00,United Kingdom,385.1511111111111,100.0,287,3,5,5,13,355,Loyal Customers
13994,4,6,2274.14,932,122,6,6,2011-07-14 18:28:00,2011-12-06 11:05:00,United Kingdom,379.0233333333333,155.33333333333334,144,5,5,5,15,555,Champions
13995,15,5,1393.69,879,55,5,5,2011-04-08 08:20:00,2011-11-24 14:22:00,United Kingdom,278.738,175.8,230,4,4,4,12,444,Champions
13999,10,12,3901.81,2243,102,12,12,2010-12-13 11:23:00,2011-11-29 13:40:00,United Kingdom,325.1508333333333,186.91666666666666,351,5,5,5,15,555,Champions
14000,211,1,635.66,710,15,1,1,2011-05-12 16:50:00,2011-05-12 16:50:00,United Kingdom,635.66,710.0,0,1,1,3,5,113,Regular Customers
14001,46,3,2043.0800000000002,962,34,3,3,2010-12-01 12:58:00,2011-10-25 10:31:00,United Kingdom,681.0266666666668,320.6666666666667,327,3,2,5,10,325,Big Spenders
14002,134,2,529.73,877,47,2,2,2011-07-06 14:59:00,2011-07-28 15:55:00,United Kingdom,264.865,438.5,22,2,1,3,6,213,Regular Customers
14004,43,7,4582.64,2668,102,7,7,2011-02-24 09:28:00,2011-10-27 14:40:00,United Kingdom,654.6628571428572,381.14285714285717,245,3,5,5,13,355,Loyal Customers
14005,10,5,2874.72,2478,53,5,5,2011-05-08 10:33:00,2011-11-30 12:41:00,United Kingdom,574.944,495.6,206,5,4,5,14,545,Champions
14006,116,3,962.19,641,22,3,3,2011-01-31 15:11:00,2011-08-16 09:39:00,United Kingdom,320.73,213.66666666666666,196,2,2,4,8,224,Big Spenders
14009,198,2,695.61,365,42,2,2,2011-05-18 13:00:00,2011-05-25 15:47:00,United Kingdom,347.805,182.5,7,1,1,3,5,113,Regular Customers
14012,278,1,328.8,160,11,1,1,2011-03-07 12:26:00,2011-03-07 12:26:00,United Kingdom,328.8,160.0,0,1,1,2,4,112,Regular Customers
14013,110,3,473.02,462,30,3,3,2011-03-09 08:59:00,2011-08-21 15:01:00,United Kingdom,157.67333333333332,154.0,165,2,2,2,6,222,At Risk
14014,77,1,505.18,1076,39,1,1,2011-09-23 13:18:00,2011-09-23 13:18:00,United Kingdom,505.18,1076.0,0,2,1,3,6,213,Regular Customers
14015,53,1,917.34,378,20,1,1,2011-10-18 10:02:00,2011-10-18 10:02:00,United Kingdom,917.34,378.0,0,3,1,3,7,313,Regular Customers
14016,162,4,4291.21,2124,153,4,4,2010-12-17 14:21:00,2011-07-01 11:29:00,EIRE,1072.8025,531.0,195,2,4,5,11,245,Loyal Customers
14019,47,3,1421.6100000000001,1037,37,3,3,2011-07-24 15:39:00,2011-10-24 10:13:00,United Kingdom,473.87000000000006,345.6666666666667,91,3,2,4,9,324,Big Spenders
14020,17,2,642.8,441,37,2,2,2011-09-12 15:32:00,2011-11-23 09:22:00,United Kingdom,321.4,220.5,71,4,1,3,8,413,Recent Customers
14021,155,3,631.9,192,22,3,3,2011-03-28 15:10:00,2011-07-07 15:46:00,United Kingdom,210.63333333333333,64.0,101,2,2,3,7,223,At Risk
14022,225,1,440.0,487,28,1,1,2011-04-28 14:39:00,2011-04-28 14:39:00,United Kingdom,440.0,487.0,0,1,1,2,4,112,Regular Customers
14023,7,2,584.07,345,30,2,2,2011-04-03 15:50:00,2011-12-02 13:58:00,United Kingdom,292.035,172.5,242,5,1,3,9,513,Recent Customers
14024,122,2,327.7,150,16,2,2,2011-08-07 13:31:00,2011-08-10 11:30:00,United Kingdom,163.85,75.0,2,2,1,2,5,212,Regular Customers
14027,61,1,104.82,62,6,1,1,2011-10-10 09:01:00,2011-10-10 09:01:00,United Kingdom,104.82,62.0,0,3,1,1,5,311,Regular Customers
14029,63,2,467.66,198,15,2,2,2011-07-18 16:57:00,2011-10-07 14:46:00,United Kingdom,233.83,99.0,80,3,1,2,6,312,Regular Customers
14030,18,8,2358.84,1478,210,8,7,2010-12-08 16:11:00,2011-11-21 16:48:00,United Kingdom,294.855,184.75,348,4,5,5,14,455,Champions
14031,7,19,17286.86,5788,119,19,17,2010-12-02 16:34:00,2011-12-02 17:13:00,United Kingdom,909.8347368421053,304.63157894736844,365,5,5,5,15,555,Champions
14032,2,11,2975.59,2032,53,11,11,2010-12-08 10:53:00,2011-12-07 15:23:00,United Kingdom,270.5081818181818,184.72727272727272,364,5,5,5,15,555,Champions
14034,22,3,648.89,420,82,3,2,2011-07-05 13:06:00,2011-11-17 14:02:00,United Kingdom,216.29666666666665,140.0,135,4,2,3,9,423,Recent Customers
14035,29,5,1428.02,739,41,5,5,2011-02-15 12:48:00,2011-11-11 10:03:00,United Kingdom,285.604,147.8,268,4,4,4,12,444,Champions
14036,285,1,626.65,268,38,1,1,2011-02-28 09:26:00,2011-02-28 09:26:00,United Kingdom,626.65,268.0,0,1,1,3,5,113,Regular Customers
14037,176,2,147.20000000000002,46,27,2,2,2010-12-10 11:39:00,2011-06-16 13:57:00,United Kingdom,73.60000000000001,23.0,188,2,1,1,4,211,Regular Customers
14038,78,3,1560.38,965,64,3,3,2011-05-16 14:05:00,2011-09-22 13:37:00,United Kingdom,520.1266666666667,321.6666666666667,128,2,2,4,8,224,Big Spenders
14039,33,1,152.2,92,6,1,1,2011-11-06 13:48:00,2011-11-06 13:48:00,United Kingdom,152.2,92.0,0,4,1,1,6,411,Recent Customers
14040,41,12,3560.32,1544,146,12,11,2011-01-12 14:57:00,2011-10-30 12:42:00,United Kingdom,296.6933333333333,128.66666666666666,290,3,5,5,13,355,Loyal Customers
14041,266,1,141.41,94,21,1,1,2011-03-18 13:25:00,2011-03-18 13:25:00,United Kingdom,141.41,94.0,0,1,1,1,3,111,Regular Customers
14044,27,4,646.42,304,165,4,4,2011-02-03 11:39:00,2011-11-13 12:05:00,United Kingdom,161.605,76.0,283,4,4,3,11,443,Loyal Customers
14045,109,4,1659.75,535,4,4,3,2010-12-01 11:32:00,2011-08-22 15:27:00,United Kingdom,414.9375,133.75,264,2,4,4,10,244,Loyal Customers
14046,284,1,151.59,443,13,1,1,2011-02-28 14:48:00,2011-02-28 14:48:00,United Kingdom,151.59,443.0,0,1,1,1,3,111,Regular Customers
14047,9,5,1308.6100000000001,381,22,5,5,2010-12-02 10:09:00,2011-12-01 11:43:00,United Kingdom,261.72200000000004,76.2,364,5,4,4,13,544,Champions
14048,305,1,409.93,288,83,1,1,2011-02-07 14:53:00,2011-02-07 14:53:00,United Kingdom,409.93,288.0,0,1,1,2,4,112,Regular Customers
14049,17,4,5578.72,3808,348,4,4,2011-01-26 11:27:00,2011-11-23 12:20:00,United Kingdom,1394.68,952.0,301,4,4,5,13,445,Champions
14050,32,2,746.36,689,49,2,2,2011-08-25 13:46:00,2011-11-08 10:00:00,United Kingdom,373.18,344.5,74,4,1,3,8,413,Recent Customers
14051,1,23,15610.390000000001,3756,52,23,22,2010-12-08 12:49:00,2011-12-09 10:20:00,United Kingdom,678.7126086956522,163.30434782608697,365,5,5,5,15,555,Champions
14052,20,1,225.35999999999999,89,56,1,1,2011-11-20 12:30:00,2011-11-20 12:30:00,United Kingdom,225.35999999999999,89.0,0,4,1,1,6,411,Recent Customers
14053,124,2,260.25,215,2,2,2,2011-07-03 12:21:00,2011-08-07 14:27:00,United Kingdom,130.125,107.5,35,2,1,2,5,212,Regular Customers
14054,65,1,92.46000000000001,62,6,1,1,2011-10-05 15:49:00,2011-10-05 15:49:00,United Kingdom,92.46000000000001,62.0,0,3,1,1,5,311,Regular Customers
14055,106,1,725.6400000000001,216,10,1,1,2011-08-25 15:04:00,2011-08-25 15:04:00,United Kingdom,725.6400000000001,216.0,0,2,1,3,6,213,Regular Customers
14056,1,23,8152.71,4252,320,23,23,2011-02-28 15:19:00,2011-12-08 13:36:00,United Kingdom,354.46565217391304,184.8695652173913,282,5,5,5,15,555,Champions
14057,24,17,6211.66,4873,179,17,14,2010-12-14 12:11:00,2011-11-16 10:32:00,United Kingdom,365.39176470588234,286.6470588235294,336,4,5,5,14,455,Champions
14059,267,1,183.6,128,8,1,1,2011-03-18 10:06:00,2011-03-18 10:06:00,United Kingdom,183.6,128.0,0,1,1,1,3,111,Regular Customers
14060,5,19,6140.42,5386,86,19,19,2010-12-02 12:11:00,2011-12-05 12:29:00,United Kingdom,323.18,283.4736842105263,368,5,5,5,15,555,Champions
14062,10,12,10464.85,5593,60,12,11,2010-12-10 15:56:00,2011-11-30 10:04:00,United Kingdom,872.0708333333333,466.0833333333333,354,5,5,5,15,555,Champions
14064,29,5,1334.34,1772,59,5,5,2011-03-10 12:59:00,2011-11-10 13:14:00,United Kingdom,266.868,354.4,245,4,4,4,12,444,Champions
14066,267,1,152.55,45,7,1,1,2011-03-18 12:21:00,2011-03-18 12:21:00,United Kingdom,152.55,45.0,0,1,1,1,3,111,Regular Customers
14067,64,2,374.7,361,51,2,2,2011-09-04 12:00:00,2011-10-07 10:21:00,United Kingdom,187.35,180.5,32,3,1,2,6,312,Regular Customers
14068,320,1,265.85,73,22,1,1,2011-01-23 16:02:00,2011-01-23 16:02:00,United Kingdom,265.85,73.0,0,1,1,2,4,112,Regular Customers
14071,4,8,1422.75,956,270,8,7,2011-03-20 11:33:00,2011-12-06 12:27:00,United Kingdom,177.84375,119.5,261,5,5,4,14,554,Champions
14073,32,1,151.04,130,13,1,1,2011-11-07 15:49:00,2011-11-07 15:49:00,United Kingdom,151.04,130.0,0,4,1,1,6,411,Recent Customers
14075,5,3,942.26,754,33,3,3,2011-03-23 16:35:00,2011-12-05 08:38:00,United Kingdom,314.08666666666664,251.33333333333334,256,5,2,4,11,524,Big Spenders
14076,129,1,118.67,79,43,1,1,2011-08-02 15:19:00,2011-08-02 15:19:00,United Kingdom,118.67,79.0,0,2,1,1,4,211,Regular Customers
14077,41,5,499.42,268,33,5,5,2011-03-10 15:52:00,2011-10-30 12:35:00,United Kingdom,99.884,53.6,233,3,4,3,10,343,Loyal Customers
14078,102,6,1049.37,310,46,6,6,2010-12-01 12:54:00,2011-08-30 12:16:00,United Kingdom,174.89499999999998,51.666666666666664,271,2,5,4,11,254,Loyal Customers
14079,125,1,375.1,301,12,1,1,2011-08-07 12:10:00,2011-08-07 12:10:00,United Kingdom,375.1,301.0,0,2,1,2,5,212,Regular Customers
14080,33,1,45.599999999999994,48,4,1,1,2011-11-07 11:09:00,2011-11-07 11:09:00,United Kingdom,45.599999999999994,48.0,0,4,1,1,6,411,Recent Customers
14081,302,2,921.62,592,126,2,2,2010-12-05 15:47:00,2011-02-10 16:17:00,United Kingdom,460.81,296.0,67,1,1,3,5,113,Regular Customers
14082,365,1,182.25,110,28,1,1,2010-12-10 11:02:00,2010-12-10 11:02:00,United Kingdom,182.25,110.0,0,1,1,1,3,111,Regular Customers
14083,4,9,1002.9,705,162,9,8,2010-12-03 12:24:00,2011-12-05 13:14:00,United Kingdom,111.43333333333334,78.33333333333333,367,5,5,4,14,554,Champions
14085,2,18,4421.29,3177,272,18,16,2010-12-06 12:39:00,2011-12-07 13:46:00,United Kingdom,245.62722222222223,176.5,366,5,5,5,15,555,Champions
14087,3,1,191.47,250,61,1,1,2011-12-07 12:41:00,2011-12-07 12:41:00,United Kingdom,191.47,250.0,0,5,1,1,7,511,Recent Customers
14088,10,13,50491.81,12665,379,13,12,2011-01-21 13:07:00,2011-11-29 16:16:00,United Kingdom,3883.9853846153846,974.2307692307693,312,5,5,5,15,555,Champions
14089,57,1,158.75,133,13,1,1,2011-10-14 10:38:00,2011-10-14 10:38:00,United Kingdom,158.75,133.0,0,3,1,1,5,311,Regular Customers
14090,325,1,76.32000000000001,72,1,1,1,2011-01-19 10:51:00,2011-01-19 10:51:00,United Kingdom,76.32000000000001,72.0,0,1,1,1,3,111,Regular Customers
14092,8,14,4076.9100000000003,2066,117,14,12,2010-12-16 15:47:00,2011-12-02 12:13:00,United Kingdom,291.20785714285716,147.57142857142858,350,5,5,5,15,555,Champions
14093,12,1,433.86,391,95,1,1,2011-11-27 16:27:00,2011-11-27 16:27:00,United Kingdom,433.86,391.0,0,5,1,2,8,512,Recent Customers
14096,4,17,53258.43,16336,1118,17,17,2011-08-30 10:49:00,2011-12-05 17:17:00,United Kingdom,3132.8488235294117,960.9411764705883,97,5,5,5,15,555,Champions
14098,37,1,147.35,104,21,1,1,2011-11-03 10:13:00,2011-11-03 10:13:00,United Kingdom,147.35,104.0,0,3,1,1,5,311,Regular Customers
14099,16,11,3104.17,2179,167,11,11,2010-12-20 11:14:00,2011-11-23 13:53:00,United Kingdom,282.1972727272727,198.0909090909091,338,4,5,5,14,455,Champions
14100,138,1,191.95,63,24,1,1,2011-07-25 11:01:00,2011-07-25 11:01:00,United Kingdom,191.95,63.0,0,2,1,1,4,211,Regular Customers
14101,74,6,5976.79,6942,15,6,6,2011-01-17 13:09:00,2011-09-27 12:28:00,United Kingdom,996.1316666666667,1157.0,252,2,5,5,12,255,Loyal Customers
14102,5,5,1105.8799999999999,769,35,5,5,2011-10-26 12:46:00,2011-12-04 15:38:00,United Kingdom,221.176,153.8,39,5,4,4,13,544,Champions
14104,155,2,216.21,72,21,2,2,2011-06-27 12:49:00,2011-07-08 12:50:00,United Kingdom,108.105,36.0,11,2,1,1,4,211,Regular Customers
14105,239,1,1266.23,800,74,1,1,2011-04-14 17:58:00,2011-04-14 17:58:00,United Kingdom,1266.23,800.0,0,1,1,4,6,114,Big Spenders
14107,52,7,2703.23,1793,61,7,7,2010-12-10 13:29:00,2011-10-19 12:12:00,United Kingdom,386.17571428571426,256.14285714285717,312,3,5,5,13,355,Loyal Customers
14108,31,2,597.91,381,33,2,2,2011-08-30 11:32:00,2011-11-09 10:41:00,United Kingdom,298.955,190.5,70,4,1,3,8,413,Recent Customers
14109,73,1,144.2,88,9,1,1,2011-09-28 10:18:00,2011-09-28 10:18:00,United Kingdom,144.2,88.0,0,2,1,1,4,211,Regular Customers
14110,4,12,5683.15,2445,94,12,12,2011-03-18 09:59:00,2011-12-06 12:26:00,United Kingdom,473.5958333333333,203.75,263,5,5,5,15,555,Champions
14111,14,4,692.85,458,10,4,4,2011-04-12 11:36:00,2011-11-25 13:44:00,United Kingdom,173.2125,114.5,227,5,4,3,12,543,Loyal Customers
14112,23,7,2915.15,1651,117,7,5,2011-03-09 11:28:00,2011-11-17 12:30:00,United Kingdom,416.45,235.85714285714286,253,4,5,5,14,455,Champions
14113,4,4,1840.42,745,26,4,4,2010-12-20 12:14:00,2011-12-06 12:18:00,United Kingdom,460.105,186.25,351,5,4,4,13,544,Champions
14114,274,2,386.53,101,15,2,2,2011-01-13 11:05:00,2011-03-11 09:42:00,United Kingdom,193.265,50.5,56,1,1,2,4,112,Regular Customers
14116,20,5,1382.74,707,61,5,5,2011-08-10 12:44:00,2011-11-20 10:29:00,United Kingdom,276.548,141.4,101,4,4,4,12,444,Champions
14117,144,1,90.0,72,3,1,1,2011-07-19 09:49:00,2011-07-19 09:49:00,United Kingdom,90.0,72.0,0,2,1,1,4,211,Regular Customers
14121,4,4,2780.15,2082,148,4,4,2011-10-11 10:39:00,2011-12-06 12:19:00,United Kingdom,695.0375,520.5,56,5,4,5,14,545,Champions
14124,84,1,419.58,1618,4,1,1,2011-09-16 13:32:00,2011-09-16 13:32:00,United Kingdom,419.58,1618.0,0,2,1,2,5,212,Regular Customers
14125,11,3,2720.63,1628,159,3,3,2011-09-22 15:40:00,2011-11-29 12:47:00,United Kingdom,906.8766666666667,542.6666666666666,67,5,2,5,12,525,Big Spenders
14126,8,3,706.1300000000001,508,14,3,2,2011-11-29 12:21:00,2011-12-02 11:45:00,United Kingdom,235.3766666666667,169.33333333333334,2,5,2,3,10,523,Recent Customers
14127,123,3,709.71,321,39,3,3,2011-02-02 12:26:00,2011-08-09 10:49:00,United Kingdom,236.57000000000002,107.0,187,2,2,3,7,223,At Risk
14128,61,2,637.5,564,40,2,2,2011-03-29 10:49:00,2011-10-10 12:00:00,United Kingdom,318.75,282.0,195,3,1,3,7,313,Regular Customers
14129,2,5,1123.8600000000001,592,31,5,4,2011-03-24 08:44:00,2011-12-08 11:02:00,United Kingdom,224.77200000000002,118.4,259,5,4,4,13,544,Champions
14130,319,1,480.91,257,66,1,1,2011-01-24 16:05:00,2011-01-24 16:05:00,United Kingdom,480.91,257.0,0,1,1,2,4,112,Regular Customers
14132,2,11,3586.03,3368,100,11,11,2011-06-09 12:04:00,2011-12-07 13:35:00,United Kingdom,326.00272727272727,306.1818181818182,181,5,5,5,15,555,Champions
14133,130,3,605.64,348,25,3,2,2011-01-28 11:27:00,2011-08-02 11:34:00,United Kingdom,201.88,116.0,186,2,2,3,7,223,At Risk
14135,2,15,4690.31,3850,95,15,14,2010-12-02 10:27:00,2011-12-08 11:38:00,United Kingdom,312.68733333333336,256.6666666666667,371,5,5,5,15,555,Champions
14138,2,2,965.88,600,40,2,2,2011-10-07 09:38:00,2011-12-08 12:44:00,United Kingdom,482.94,300.0,62,5,1,4,10,514,Big Spenders
14139,46,1,415.82,510,26,1,1,2011-10-24 13:34:00,2011-10-24 13:34:00,United Kingdom,415.82,510.0,0,3,1,2,6,312,Regular Customers
14140,4,2,935.05,811,60,2,2,2011-11-08 11:20:00,2011-12-06 09:05:00,United Kingdom,467.525,405.5,27,5,1,4,10,514,Big Spenders
14141,3,4,915.13,355,27,4,4,2011-08-26 14:40:00,2011-12-07 09:53:00,United Kingdom,228.7825,88.75,102,5,4,3,12,543,Loyal Customers
14142,373,1,311.81,313,22,1,1,2010-12-01 16:33:00,2010-12-01 16:33:00,United Kingdom,311.81,313.0,0,1,1,2,4,112,Regular Customers
14143,134,1,115.8,30,7,1,1,2011-07-29 09:48:00,2011-07-29 09:48:00,United Kingdom,115.8,30.0,0,2,1,1,4,211,Regular Customers
14145,47,4,3742.2,756,6,4,4,2011-05-06 13:01:00,2011-10-24 12:10:00,United Kingdom,935.55,189.0,170,3,4,5,12,345,Loyal Customers
14146,9,5,4191.0,2437,183,5,4,2010-12-17 15:52:00,2011-12-01 10:18:00,United Kingdom,838.2,487.4,348,5,4,5,14,545,Champions
14147,78,2,483.4,108,4,2,2,2011-02-27 11:42:00,2011-09-22 18:10:00,United Kingdom,241.7,54.0,207,2,1,3,6,213,Regular Customers
14148,234,1,157.2,16,3,1,1,2011-04-20 12:02:00,2011-04-20 12:02:00,United Kingdom,157.2,16.0,0,1,1,1,3,111,Regular Customers
14149,221,1,446.62,218,28,1,1,2011-05-03 09:44:00,2011-05-03 09:44:00,United Kingdom,446.62,218.0,0,1,1,2,4,112,Regular Customers
14150,36,2,658.64,496,23,2,2,2010-12-15 10:04:00,2011-11-04 10:05:00,United Kingdom,329.32,248.0,324,3,1,3,7,313,Regular Customers
14152,75,2,621.29,711,47,2,2,2011-04-19 15:46:00,2011-09-25 12:54:00,United Kingdom,310.645,355.5,158,2,1,3,6,213,Regular Customers
14154,239,2,1345.62,465,52,2,1,2011-04-14 15:58:00,2011-04-14 16:26:00,United Kingdom,672.81,232.5,0,1,1,4,6,114,Big Spenders
14155,266,1,118.75,25,6,1,1,2011-03-18 14:13:00,2011-03-18 14:13:00,United Kingdom,118.75,25.0,0,1,1,1,3,111,Regular Customers
14156,10,54,116560.08,57755,713,54,43,2010-12-03 11:48:00,2011-11-30 10:54:00,EIRE,2158.52,1069.537037037037,361,5,5,5,15,555,Champions
14157,20,2,424.89000000000004,271,45,2,2,2011-02-27 13:04:00,2011-11-20 11:32:00,United Kingdom,212.44500000000002,135.5,265,4,1,2,7,412,Recent Customers
14158,40,1,507.65999999999997,781,41,1,1,2011-10-30 15:08:00,2011-10-30 15:08:00,United Kingdom,507.65999999999997,781.0,0,3,1,3,7,313,Regular Customers
14159,20,11,4627.98,4345,500,11,11,2010-12-12 11:17:00,2011-11-20 12:36:00,United Kingdom,420.7254545454545,395.0,343,4,5,5,14,455,Champions
14161,216,3,1097.6200000000001,450,87,3,3,2010-12-05 13:18:00,2011-05-08 11:41:00,United Kingdom,365.8733333333334,150.0,153,1,2,4,7,124,Big Spenders
14162,174,2,289.36,142,25,2,2,2011-02-20 12:32:00,2011-06-19 11:36:00,United Kingdom,144.68,71.0,118,2,1,2,5,212,Regular Customers
14163,87,4,2445.91,893,36,4,4,2011-04-14 17:33:00,2011-09-13 15:18:00,United Kingdom,611.4775,223.25,151,2,4,5,11,245,Loyal Customers
14164,71,2,1631.77,1033,28,2,2,2011-09-20 12:18:00,2011-09-30 12:24:00,United Kingdom,815.885,516.5,10,3,1,4,8,314,Big Spenders
14165,276,1,120.44,53,23,1,1,2011-03-09 12:39:00,2011-03-09 12:39:00,United Kingdom,120.44,53.0,0,1,1,1,3,111,Regular Customers
14167,39,4,562.59,147,27,4,4,2011-01-12 15:44:00,2011-10-31 14:29:00,United Kingdom,140.6475,36.75,291,3,4,3,10,343,Loyal Customers
14171,98,1,363.79,167,57,1,1,2011-09-02 16:43:00,2011-09-02 16:43:00,United Kingdom,363.79,167.0,0,2,1,2,5,212,Regular Customers
14173,11,4,450.84,150,28,4,3,2011-05-04 14:03:00,2011-11-29 11:54:00,United Kingdom,112.71,37.5,208,5,4,2,11,542,Regular Customers
14174,33,1,134.46,94,26,1,1,2011-11-06 13:17:00,2011-11-06 13:17:00,United Kingdom,134.46,94.0,0,4,1,1,6,411,Recent Customers
14175,60,3,3222.3,1515,139,3,3,2011-01-14 12:22:00,2011-10-11 11:55:00,United Kingdom,1074.1000000000001,505.0,269,3,2,5,10,325,Big Spenders
14176,297,4,576.9000000000001,209,28,4,3,2010-12-07 11:45:00,2011-02-15 13:12:00,United Kingdom,144.22500000000002,52.25,70,1,4,3,8,143,Loyal Customers
14177,86,4,549.46,204,37,4,3,2011-06-13 11:10:00,2011-09-14 15:11:00,United Kingdom,137.365,51.0,93,2,4,3,9,243,Loyal Customers
14178,9,7,1580.26,1492,190,7,7,2011-06-10 12:51:00,2011-12-01 12:01:00,United Kingdom,225.75142857142856,213.14285714285714,173,5,5,4,14,554,Champions
14179,41,2,701.57,319,135,2,2,2011-10-18 14:00:00,2011-10-30 12:07:00,United Kingdom,350.785,159.5,11,3,1,3,7,313,Regular Customers
14180,11,25,4748.52,719,112,25,24,2010-12-02 13:08:00,2011-11-29 10:56:00,United Kingdom,189.94080000000002,28.76,361,5,5,5,15,555,Champions
14184,67,1,452.89,127,24,1,1,2011-10-04 12:43:00,2011-10-04 12:43:00,United Kingdom,452.89,127.0,0,3,1,2,6,312,Regular Customers
14185,331,1,197.65,6,3,1,1,2011-01-12 13:52:00,2011-01-12 13:52:00,United Kingdom,197.65,6.0,0,1,1,1,3,111,Regular Customers
14188,31,6,2054.36,1162,34,6,6,2011-02-02 13:46:00,2011-11-09 12:45:00,United Kingdom,342.3933333333334,193.66666666666666,279,4,5,5,14,455,Champions
14189,2,15,4654.08,3937,176,15,14,2010-12-06 11:42:00,2011-12-07 15:55:00,United Kingdom,310.272,262.46666666666664,366,5,5,5,15,555,Champions
14191,2,13,4684.76,3662,145,13,13,2011-05-03 10:30:00,2011-12-08 09:23:00,United Kingdom,360.36615384615385,281.6923076923077,218,5,5,5,15,555,Champions
14193,68,2,853.39,445,35,2,2,2011-03-15 11:38:00,2011-10-03 09:34:00,United Kingdom,426.695,222.5,201,3,1,3,7,313,Regular Customers
14194,5,21,11349.52,5840,269,21,15,2011-02-04 14:51:00,2011-12-05 10:38:00,United Kingdom,540.4533333333334,278.0952380952381,303,5,5,5,15,555,Champions
14195,202,2,1012.0,760,7,2,2,2011-04-01 16:50:00,2011-05-22 10:29:00,United Kingdom,506.0,380.0,50,1,1,4,6,114,Big Spenders
14196,107,1,335.52,142,6,1,1,2011-08-25 10:25:00,2011-08-25 10:25:00,United Kingdom,335.52,142.0,0,2,1,2,5,212,Regular Customers
14198,18,4,701.4,290,35,4,4,2011-04-14 14:54:00,2011-11-21 16:35:00,United Kingdom,175.35,72.5,221,4,4,3,11,443,Loyal Customers
14199,218,1,185.39999999999998,28,2,1,1,2011-05-05 13:44:00,2011-05-05 13:44:00,United Kingdom,185.39999999999998,28.0,0,1,1,1,3,111,Regular Customers
14201,60,7,747.44,590,32,7,7,2010-12-15 13:25:00,2011-10-10 13:27:00,United Kingdom,106.77714285714286,84.28571428571429,299,3,5,3,11,353,Loyal Customers
14204,2,1,150.61,72,36,1,1,2011-12-07 13:38:00,2011-12-07 13:38:00,United Kingdom,150.61,72.0,0,5,1,1,7,511,Recent Customers
14205,17,2,466.7,204,23,2,2,2011-03-20 15:07:00,2011-11-23 10:55:00,United Kingdom,233.35,102.0,247,4,1,2,7,412,Recent Customers
14206,239,1,328.15999999999997,276,20,1,1,2011-04-14 16:38:00,2011-04-14 16:38:00,United Kingdom,328.15999999999997,276.0,0,1,1,2,4,112,Regular Customers
14208,95,1,151.74,114,10,1,1,2011-09-06 12:48:00,2011-09-06 12:48:00,United Kingdom,151.74,114.0,0,2,1,1,4,211,Regular Customers
14209,11,6,2073.43,691,55,6,6,2011-01-11 12:56:00,2011-11-29 10:18:00,United Kingdom,345.57166666666666,115.16666666666667,321,5,5,5,15,555,Champions
14210,106,6,1905.8400000000001,760,66,6,6,2010-12-03 12:43:00,2011-08-26 12:36:00,United Kingdom,317.64000000000004,126.66666666666667,265,2,5,4,11,254,Loyal Customers
14211,53,9,2241.1,1242,87,9,9,2011-02-17 15:50:00,2011-10-17 13:23:00,United Kingdom,249.0111111111111,138.0,241,3,5,5,13,355,Loyal Customers
14212,90,1,1070.48,1152,9,1,1,2011-09-11 12:45:00,2011-09-11 12:45:00,United Kingdom,1070.48,1152.0,0,2,1,4,7,214,Big Spenders
14214,31,5,1004.38,751,64,5,5,2011-03-07 12:26:00,2011-11-09 10:31:00,United Kingdom,200.876,150.2,246,4,4,4,12,444,Champions
14215,12,6,1789.72,1358,98,6,6,2010-12-06 15:34:00,2011-11-28 12:19:00,United Kingdom,298.2866666666667,226.33333333333334,356,5,5,4,14,554,Champions
14216,3,4,1839.3,594,47,4,4,2011-11-02 10:51:00,2011-12-06 14:56:00,United Kingdom,459.825,148.5,34,5,4,4,13,544,Champions
14217,2,17,2004.98,689,78,17,16,2010-12-08 13:28:00,2011-12-08 11:53:00,United Kingdom,117.94,40.529411764705884,364,5,5,4,14,554,Champions
14218,43,1,169.48000000000002,160,12,1,1,2011-10-28 10:00:00,2011-10-28 10:00:00,United Kingdom,169.48000000000002,160.0,0,3,1,1,5,311,Regular Customers
14219,4,1,89.94,78,7,1,1,2011-12-05 16:23:00,2011-12-05 16:23:00,United Kingdom,89.94,78.0,0,5,1,1,7,511,Recent Customers
14220,247,2,632.4000000000001,272,21,2,2,2010-12-16 18:18:00,2011-04-06 13:23:00,United Kingdom,316.20000000000005,136.0,110,1,1,3,5,113,Regular Customers
14221,42,9,3432.8,2191,123,9,7,2011-01-04 15:33:00,2011-10-28 13:42:00,United Kingdom,381.4222222222222,243.44444444444446,296,3,5,5,13,355,Loyal Customers
14222,177,1,683.17,607,41,1,1,2011-06-15 16:42:00,2011-06-15 16:42:00,United Kingdom,683.17,607.0,0,2,1,3,6,213,Regular Customers
14223,92,3,991.13,585,50,3,3,2011-03-20 16:02:00,2011-09-08 13:38:00,United Kingdom,330.37666666666667,195.0,171,2,2,4,8,224,Big Spenders
14224,110,4,1009.73,483,105,4,4,2011-01-23 13:58:00,2011-08-21 13:24:00,United Kingdom,252.4325,120.75,209,2,4,4,10,244,Loyal Customers
14226,29,5,2214.79,1296,64,5,5,2011-03-15 15:36:00,2011-11-11 11:34:00,United Kingdom,442.95799999999997,259.2,240,4,4,5,13,445,Champions
14227,26,10,3350.96,1820,117,10,6,2011-02-28 12:27:00,2011-11-13 15:48:00,United Kingdom,335.096,182.0,258,4,5,5,14,455,Champions
14229,52,3,1547.2,610,29,3,3,2011-01-10 12:03:00,2011-10-19 10:04:00,United Kingdom,515.7333333333333,203.33333333333334,281,3,2,4,9,324,Big Spenders
14231,184,3,925.71,409,47,3,3,2011-02-24 11:55:00,2011-06-09 11:05:00,United Kingdom,308.57,136.33333333333334,104,1,2,4,7,124,Big Spenders
14232,43,5,2048.07,1941,81,5,5,2011-03-20 12:44:00,2011-10-28 11:09:00,United Kingdom,409.61400000000003,388.2,221,3,4,5,12,345,Loyal Customers
14233,49,4,1462.72,680,30,4,4,2011-01-26 12:43:00,2011-10-21 15:54:00,United Kingdom,365.68,170.0,268,3,4,4,11,344,Loyal Customers
14234,22,4,754.12,951,122,4,4,2011-10-13 13:58:00,2011-11-17 17:53:00,United Kingdom,188.53,237.75,35,4,4,3,11,443,Loyal Customers
14235,75,5,3144.86,1959,65,5,4,2011-03-24 13:23:00,2011-09-25 14:37:00,United Kingdom,628.972,391.8,185,2,4,5,11,245,Loyal Customers
14236,81,2,490.86,310,15,2,2,2010-12-02 18:49:00,2011-09-20 09:13:00,United Kingdom,245.43,155.0,291,2,1,3,6,213,Regular Customers
14237,373,1,161.0,38,9,1,1,2010-12-01 13:20:00,2010-12-01 13:20:00,United Kingdom,161.0,38.0,0,1,1,1,3,111,Regular Customers
14238,326,1,146.85,111,8,1,1,2011-01-17 14:40:00,2011-01-17 14:40:00,United Kingdom,146.85,111.0,0,1,1,1,3,111,Regular Customers
14239,43,11,2380.85,993,83,11,11,2011-01-27 14:45:00,2011-10-27 14:40:00,United Kingdom,216.4409090909091,90.27272727272727,272,3,5,5,13,355,Loyal Customers
14240,30,2,890.34,418,37,2,2,2011-04-28 11:40:00,2011-11-09 13:45:00,United Kingdom,445.17,209.0,195,4,1,3,8,413,Recent Customers
14241,184,1,213.70000000000002,146,10,1,1,2011-06-09 11:46:00,2011-06-09 11:46:00,United Kingdom,213.70000000000002,146.0,0,1,1,1,3,111,Regular Customers
14242,235,2,280.55,123,13,2,2,2011-01-18 08:53:00,2011-04-19 11:46:00,United Kingdom,140.275,61.5,91,1,1,2,4,112,Regular Customers
14243,9,10,2588.77,1221,99,10,10,2010-12-09 08:34:00,2011-12-01 11:12:00,United Kingdom,258.877,122.1,357,5,5,5,15,555,Champions
14245,220,2,1693.45,976,107,2,2,2011-03-21 10:41:00,2011-05-04 08:40:00,United Kingdom,846.725,488.0,43,1,1,4,6,114,Big Spenders
14246,111,3,1474.06,804,57,3,3,2011-04-08 08:25:00,2011-08-21 11:50:00,United Kingdom,491.3533333333333,268.0,135,2,2,4,8,224,Big Spenders
14247,278,1,136.77,47,19,1,1,2011-03-06 15:21:00,2011-03-06 15:21:00,United Kingdom,136.77,47.0,0,1,1,1,3,111,Regular Customers
14248,318,1,302.58,102,8,1,1,2011-01-25 14:45:00,2011-01-25 14:45:00,United Kingdom,302.58,102.0,0,1,1,2,4,112,Regular Customers
14250,7,3,1904.05,1200,94,3,2,2011-09-11 13:44:00,2011-12-02 14:30:00,United Kingdom,634.6833333333333,400.0,82,5,2,4,11,524,Big Spenders
14251,2,5,2879.7000000000003,1674,37,5,5,2011-10-13 12:46:00,2011-12-08 08:32:00,United Kingdom,575.94,334.8,55,5,4,5,14,545,Champions
14256,260,2,969.0600000000001,414,51,2,2,2010-12-10 11:44:00,2011-03-24 13:17:00,United Kingdom,484.53000000000003,207.0,104,1,1,4,6,114,Big Spenders
14257,64,5,3099.7200000000003,1682,88,5,5,2011-01-25 10:49:00,2011-10-06 16:54:00,United Kingdom,619.9440000000001,336.4,254,3,4,5,12,345,Loyal Customers
14258,9,9,12669.98,7100,58,9,8,2011-01-06 12:18:00,2011-11-30 15:27:00,United Kingdom,1407.7755555555555,788.8888888888889,328,5,5,5,15,555,Champions
14259,142,1,120.0,68,5,1,1,2011-07-21 10:44:00,2011-07-21 10:44:00,United Kingdom,120.0,68.0,0,2,1,1,4,211,Regular Customers
14261,51,2,1163.45,406,52,2,2,2011-09-22 10:47:00,2011-10-20 10:04:00,United Kingdom,581.725,203.0,27,3,1,4,8,314,Big Spenders
14262,8,8,2618.23,1645,87,8,8,2011-04-13 12:23:00,2011-12-01 14:17:00,United Kingdom,327.27875,205.625,232,5,5,5,15,555,Champions
14264,155,2,333.97,70,15,2,2,2011-04-08 12:20:00,2011-07-08 10:20:00,United Kingdom,166.985,35.0,90,2,1,2,5,212,Regular Customers
14265,109,2,530.18,330,31,2,2,2011-07-14 09:10:00,2011-08-22 13:32:00,Unspecified,265.09,165.0,39,2,1,3,6,213,Regular Customers
14267,163,3,1516.24,530,25,3,2,2011-03-24 11:38:00,2011-06-30 10:09:00,United Kingdom,505.41333333333336,176.66666666666666,97,2,2,4,8,224,Big Spenders
14270,332,1,492.65000000000003,197,29,1,1,2011-01-12 09:33:00,2011-01-12 09:33:00,United Kingdom,492.65000000000003,197.0,0,1,1,3,5,113,Regular Customers
14271,226,1,112.32000000000001,88,10,1,1,2011-04-28 12:47:00,2011-04-28 12:47:00,United Kingdom,112.32000000000001,88.0,0,1,1,1,3,111,Regular Customers
14272,74,2,437.96,599,33,2,2,2011-03-30 13:57:00,2011-09-27 10:08:00,United Kingdom,218.98,299.5,180,2,1,2,5,212,Regular Customers
14273,51,4,559.97,264,22,4,4,2011-04-11 13:24:00,2011-10-19 13:20:00,United Kingdom,139.9925,66.0,190,3,4,3,10,343,Loyal Customers
14276,99,3,1119.74,744,52,3,3,2011-02-23 09:38:00,2011-09-02 09:45:00,United Kingdom,373.24666666666667,248.0,191,2,2,4,8,224,Big Spenders
14277,15,3,4152.0,1974,194,3,3,2011-05-11 13:20:00,2011-11-24 15:01:00,France,1384.0,658.0,197,4,2,5,11,425,Big Spenders
14280,197,1,134.04,52,8,1,1,2011-05-27 10:37:00,2011-05-27 10:37:00,United Kingdom,134.04,52.0,0,1,1,1,3,111,Regular Customers
14282,3,15,3701.44,2656,70,15,15,2010-12-07 12:21:00,2011-12-06 17:04:00,United Kingdom,246.76266666666666,177.06666666666666,364,5,5,5,15,555,Champions
14284,31,2,595.25,161,24,2,2,2011-09-14 13:04:00,2011-11-09 08:11:00,United Kingdom,297.625,80.5,55,4,1,3,8,413,Recent Customers
14285,21,4,1910.01,541,18,4,4,2011-06-16 12:36:00,2011-11-18 14:50:00,United Kingdom,477.5025,135.25,155,4,4,4,12,444,Champions
14286,24,3,4628.75,4338,220,3,3,2011-04-11 08:16:00,2011-11-16 10:34:00,United Kingdom,1542.9166666666667,1446.0,219,4,2,5,11,425,Big Spenders
14287,8,3,176.63,261,9,3,2,2011-05-25 11:41:00,2011-12-01 13:25:00,United Kingdom,58.876666666666665,87.0,190,5,2,1,8,521,Recent Customers
14288,213,1,426.6,188,16,1,1,2011-05-10 13:22:00,2011-05-10 13:22:00,United Kingdom,426.6,188.0,0,1,1,2,4,112,Regular Customers
14289,9,6,911.26,292,33,6,6,2011-02-23 12:33:00,2011-12-01 11:44:00,United Kingdom,151.87666666666667,48.666666666666664,280,5,5,3,13,553,Loyal Customers
14290,11,5,2314.65,915,89,5,5,2010-12-13 10:24:00,2011-11-28 14:02:00,United Kingdom,462.93,183.0,350,5,4,5,14,545,Champions
14291,2,11,3883.25,2749,145,11,7,2011-03-09 15:20:00,2011-12-08 10:26:00,United Kingdom,353.02272727272725,249.9090909090909,273,5,5,5,15,555,Champions
14292,8,9,4871.93,1663,64,9,6,2011-03-02 08:26:00,2011-12-02 11:50:00,United Kingdom,541.3255555555556,184.77777777777777,275,5,5,5,15,555,Champions
14293,3,4,1046.56,709,51,4,4,2010-12-06 10:18:00,2011-12-06 15:17:00,United Kingdom,261.64,177.25,365,5,4,4,13,544,Champions
14295,40,1,166.20000000000002,84,5,1,1,2011-10-30 15:50:00,2011-10-30 15:50:00,United Kingdom,166.20000000000002,84.0,0,3,1,1,5,311,Regular Customers
14297,18,4,1305.33,865,48,4,4,2011-03-10 08:31:00,2011-11-22 09:06:00,United Kingdom,326.3325,216.25,257,4,4,4,12,444,Champions
14298,8,44,51527.3,58343,884,44,25,2010-12-14 12:59:00,2011-12-01 13:12:00,United Kingdom,1171.075,1325.9772727272727,352,5,5,5,15,555,Champions
14299,8,9,3965.62,2149,94,9,9,2010-12-09 10:30:00,2011-12-01 16:05:00,United Kingdom,440.6244444444444,238.77777777777777,357,5,5,5,15,555,Champions
14300,19,1,43.2,32,3,1,1,2011-11-21 08:57:00,2011-11-21 08:57:00,United Kingdom,43.2,32.0,0,4,1,1,6,411,Recent Customers
14301,117,1,640.14,606,13,1,1,2011-08-14 15:33:00,2011-08-14 15:33:00,United Kingdom,640.14,606.0,0,2,1,3,6,213,Regular Customers
14304,223,1,383.45,139,17,1,1,2011-05-01 11:50:00,2011-05-01 11:50:00,United Kingdom,383.45,139.0,0,1,1,2,4,112,Regular Customers
14305,71,3,1858.96,1089,96,3,3,2011-07-27 14:14:00,2011-09-29 15:29:00,United Kingdom,619.6533333333333,363.0,64,3,2,4,9,324,Big Spenders
14306,51,2,2093.32,1075,33,2,2,2011-09-15 10:31:00,2011-10-19 13:23:00,United Kingdom,1046.66,537.5,34,3,1,5,9,315,Big Spenders
14307,89,6,2995.7200000000003,2058,150,6,5,2010-12-01 11:41:00,2011-09-12 09:38:00,United Kingdom,499.2866666666667,343.0,284,2,5,5,12,255,Loyal Customers
14309,8,9,2352.53,1633,74,9,9,2010-12-16 13:05:00,2011-12-01 13:33:00,United Kingdom,261.39222222222224,181.44444444444446,350,5,5,5,15,555,Champions
14311,243,1,310.26,146,20,1,1,2011-04-11 10:14:00,2011-04-11 10:14:00,United Kingdom,310.26,146.0,0,1,1,2,4,112,Regular Customers
14312,47,6,1611.5900000000001,1012,74,6,6,2011-01-06 16:35:00,2011-10-24 09:46:00,United Kingdom,268.59833333333336,168.66666666666666,290,3,5,4,12,354,Loyal Customers
14314,107,1,120.0,296,8,1,1,2011-08-25 10:39:00,2011-08-25 10:39:00,United Kingdom,120.0,296.0,0,2,1,1,4,211,Regular Customers
14315,45,6,2481.13,1021,64,6,6,2011-03-18 12:59:00,2011-10-26 12:06:00,United Kingdom,413.5216666666667,170.16666666666666,221,3,5,5,13,355,Loyal Customers
14317,65,1,508.58,255,24,1,1,2011-10-06 10:44:00,2011-10-06 10:44:00,United Kingdom,508.58,255.0,0,3,1,3,7,313,Regular Customers
14320,207,2,477.79,325,29,2,2,2011-01-11 09:12:00,2011-05-17 09:24:00,United Kingdom,238.895,162.5,126,1,1,2,4,112,Regular Customers
14321,11,5,1530.75,2406,111,5,5,2011-01-10 11:35:00,2011-11-29 09:47:00,United Kingdom,306.15,481.2,322,5,4,4,13,544,Champions
14323,115,2,605.0600000000001,350,32,2,2,2011-04-15 11:44:00,2011-08-17 11:37:00,United Kingdom,302.53000000000003,175.0,123,2,1,3,6,213,Regular Customers
14326,242,1,183.85,103,8,1,1,2011-04-11 15:04:00,2011-04-11 15:04:00,United Kingdom,183.85,103.0,0,1,1,1,3,111,Regular Customers
14327,163,1,311.65000000000003,139,12,1,1,2011-06-29 13:58:00,2011-06-29 13:58:00,United Kingdom,311.65000000000003,139.0,0,2,1,2,5,212,Regular Customers
14329,17,7,4975.24,3087,218,7,6,2011-01-14 13:42:00,2011-11-22 15:50:00,United Kingdom,710.7485714285714,441.0,312,4,5,5,14,455,Champions
14331,124,2,462.66,252,27,2,2,2011-07-27 15:14:00,2011-08-07 13:17:00,United Kingdom,231.33,126.0,10,2,1,2,5,212,Regular Customers
14332,23,3,840.21,463,22,3,3,2011-07-15 10:33:00,2011-11-17 11:54:00,United Kingdom,280.07,154.33333333333334,125,4,2,3,9,423,Recent Customers
14333,68,1,415.2,58,15,1,1,2011-10-03 10:38:00,2011-10-03 10:38:00,United Kingdom,415.2,58.0,0,3,1,2,6,312,Regular Customers
14334,17,8,2552.21,1731,98,8,8,2010-12-16 17:37:00,2011-11-23 10:01:00,United Kingdom,319.02625,216.375,341,4,5,5,14,455,Champions
14335,16,2,454.86,375,55,2,2,2011-09-04 13:07:00,2011-11-23 13:41:00,Germany,227.43,187.5,80,4,1,2,7,412,Recent Customers
14336,17,4,1614.91,1759,77,4,4,2011-03-08 16:48:00,2011-11-23 11:40:00,United Kingdom,403.7275,439.75,259,4,4,4,12,444,Champions
14338,161,2,588.22,335,30,2,2,2011-05-27 13:30:00,2011-07-01 14:08:00,United Kingdom,294.11,167.5,35,2,1,3,6,213,Regular Customers
14339,243,1,309.52000000000004,168,14,1,1,2011-04-11 11:06:00,2011-04-11 11:06:00,United Kingdom,309.52000000000004,168.0,0,1,1,2,4,112,Regular Customers
14340,219,1,134.7,58,6,1,1,2011-05-05 09:44:00,2011-05-05 09:44:00,United Kingdom,134.7,58.0,0,1,1,1,3,111,Regular Customers
14341,45,8,2166.98,1397,109,8,5,2011-01-25 13:55:00,2011-10-25 15:48:00,United Kingdom,270.8725,174.625,273,3,5,5,13,355,Loyal Customers
14342,21,4,668.5600000000001,347,18,4,4,2011-05-13 13:50:00,2011-11-18 13:21:00,United Kingdom,167.14000000000001,86.75,188,4,4,3,11,443,Loyal Customers
14344,127,8,889.9300000000001,477,56,8,8,2010-12-06 11:58:00,2011-08-04 13:51:00,United Kingdom,111.24125000000001,59.625,241,2,5,3,10,253,Loyal Customers
14345,39,1,108.98,50,6,1,1,2011-11-01 09:51:00,2011-11-01 09:51:00,United Kingdom,108.98,50.0,0,3,1,1,5,311,Regular Customers
14346,121,2,1021.58,605,55,2,2,2011-02-15 13:52:00,2011-08-11 09:47:00,United Kingdom,510.79,302.5,176,2,1,4,7,214,Big Spenders
14348,260,1,409.57,183,18,1,1,2011-03-24 16:23:00,2011-03-24 16:23:00,United Kingdom,409.57,183.0,0,1,1,2,4,112,Regular Customers
14349,10,1,133.5,86,31,1,1,2011-11-29 15:39:00,2011-11-29 15:39:00,United Kingdom,133.5,86.0,0,5,1,1,7,511,Recent Customers
14350,274,1,282.93,183,18,1,1,2011-03-10 14:14:00,2011-03-10 14:14:00,United Kingdom,282.93,183.0,0,1,1,2,4,112,Regular Customers
14351,165,1,51.0,12,1,1,1,2011-06-28 11:56:00,2011-06-28 11:56:00,United Kingdom,51.0,12.0,0,2,1,1,4,211,Regular Customers
14352,157,4,1078.96,538,44,4,3,2011-03-11 14:58:00,2011-07-05 15:41:00,United Kingdom,269.74,134.5,116,2,4,4,10,244,Loyal Customers
14353,215,1,90.6,64,6,1,1,2011-05-08 16:06:00,2011-05-08 16:06:00,United Kingdom,90.6,64.0,0,1,1,1,3,111,Regular Customers
14354,6,2,163.62,210,9,2,2,2011-11-09 15:36:00,2011-12-04 11:32:00,United Kingdom,81.81,105.0,24,5,1,1,7,511,Recent Customers
14355,366,1,174.4,92,11,1,1,2010-12-09 12:16:00,2010-12-09 12:16:00,United Kingdom,174.4,92.0,0,1,1,1,3,111,Regular Customers
14356,80,2,701.23,277,33,2,2,2011-09-19 14:43:00,2011-09-21 09:18:00,United Kingdom,350.615,138.5,1,2,1,3,6,213,Regular Customers
14357,43,1,225.12,147,39,1,1,2011-10-27 16:23:00,2011-10-27 16:23:00,United Kingdom,225.12,147.0,0,3,1,1,5,311,Regular Customers
14359,19,3,912.1800000000001,371,44,3,3,2011-09-13 09:03:00,2011-11-20 13:17:00,United Kingdom,304.06,123.66666666666667,68,4,2,3,9,423,Recent Customers
14360,32,4,2118.03,1139,104,4,3,2011-09-06 11:58:00,2011-11-08 09:12:00,United Kingdom,529.5075,284.75,62,4,4,5,13,445,Champions
14362,22,1,151.5,96,37,1,1,2011-11-17 15:08:00,2011-11-17 15:08:00,United Kingdom,151.5,96.0,0,4,1,1,6,411,Recent Customers
14364,109,8,3717.35,1967,61,8,7,2011-05-12 12:56:00,2011-08-23 11:01:00,United Kingdom,464.66875,245.875,102,2,5,5,12,255,Loyal Customers
14367,8,16,9227.82,4426,270,16,13,2011-03-08 14:12:00,2011-12-01 13:19:00,United Kingdom,576.73875,276.625,267,5,5,5,15,555,Champions
14368,320,1,155.0,36,8,1,1,2011-01-24 09:52:00,2011-01-24 09:52:00,United Kingdom,155.0,36.0,0,1,1,1,3,111,Regular Customers
14371,295,1,100.5,34,4,1,1,2011-02-17 16:35:00,2011-02-17 16:35:00,United Kingdom,100.5,34.0,0,1,1,1,3,111,Regular Customers
14373,358,1,76.55,17,4,1,1,2010-12-16 15:40:00,2010-12-16 15:40:00,United Kingdom,76.55,17.0,0,1,1,1,3,111,Regular Customers
14375,185,1,235.56,184,57,1,1,2011-06-07 13:44:00,2011-06-07 13:44:00,United Kingdom,235.56,184.0,0,1,1,1,3,111,Regular Customers
14377,191,2,617.05,219,11,2,2,2011-03-22 13:38:00,2011-06-01 13:32:00,United Kingdom,308.525,109.5,70,1,1,3,5,113,Regular Customers
14379,44,2,348.1,292,39,2,2,2011-02-17 15:03:00,2011-10-26 16:43:00,United Kingdom,174.05,146.0,251,3,1,2,6,312,Regular Customers
14381,52,1,202.68,146,56,1,1,2011-10-18 17:10:00,2011-10-18 17:10:00,United Kingdom,202.68,146.0,0,3,1,1,5,311,Regular Customers
14382,26,1,615.49,1231,121,1,1,2011-11-13 16:18:00,2011-11-13 16:18:00,United Kingdom,615.49,1231.0,0,4,1,3,8,413,Recent Customers
14383,38,3,1247.69,817,49,3,3,2011-06-29 10:18:00,2011-11-01 15:53:00,United Kingdom,415.8966666666667,272.3333333333333,125,3,2,4,9,324,Big Spenders
14385,9,3,202.10999999999999,159,13,3,3,2011-11-16 11:55:00,2011-11-30 15:36:00,United Kingdom,67.36999999999999,53.0,14,5,2,1,8,521,Recent Customers
14386,297,1,142.4,54,7,1,1,2011-02-16 09:45:00,2011-02-16 09:45:00,United Kingdom,142.4,54.0,0,1,1,1,3,111,Regular Customers
14387,33,3,1727.6,795,125,3,3,2011-08-22 14:13:00,2011-11-07 12:29:00,United Kingdom,575.8666666666667,265.0,76,4,2,4,10,424,Big Spenders
14388,10,8,3212.84,1941,124,8,8,2010-12-02 11:02:00,2011-11-29 13:32:00,United Kingdom,401.605,242.625,362,5,5,5,15,555,Champions
14389,65,2,1043.46,729,33,2,2,2011-06-02 12:04:00,2011-10-05 15:17:00,United Kingdom,521.73,364.5,125,3,1,4,8,314,Big Spenders
14390,10,9,4642.57,2133,135,9,8,2010-12-02 11:57:00,2011-11-29 13:49:00,United Kingdom,515.8411111111111,237.0,362,5,5,5,15,555,Champions
14393,218,1,67.95,13,5,1,1,2011-05-05 18:16:00,2011-05-05 18:16:00,United Kingdom,67.95,13.0,0,1,1,1,3,111,Regular Customers
14395,2,9,3479.91,1689,181,9,9,2010-12-02 18:15:00,2011-12-07 14:34:00,United Kingdom,386.65666666666664,187.66666666666666,369,5,5,5,15,555,Champions
14396,65,2,487.99,225,71,2,2,2010-12-03 15:19:00,2011-10-05 16:09:00,United Kingdom,243.995,112.5,306,3,1,3,7,313,Regular Customers
14397,3,19,2612.96,1890,18,19,19,2011-05-10 12:25:00,2011-12-07 09:22:00,United Kingdom,137.52421052631578,99.47368421052632,210,5,5,5,15,555,Champions
14400,149,1,574.7,454,25,1,1,2011-07-13 15:50:00,2011-07-13 15:50:00,United Kingdom,574.7,454.0,0,2,1,3,6,213,Regular Customers
14401,4,13,4051.48,4507,113,13,13,2010-12-15 09:07:00,2011-12-05 13:30:00,United Kingdom,311.6523076923077,346.6923076923077,355,5,5,5,15,555,Champions
14403,130,4,1475.81,519,17,4,4,2011-04-06 14:23:00,2011-08-01 12:57:00,United Kingdom,368.9525,129.75,116,2,4,4,10,244,Loyal Customers
14404,34,6,1449.32,827,70,6,6,2010-12-05 16:00:00,2011-11-06 12:30:00,United Kingdom,241.5533333333333,137.83333333333334,335,3,5,4,12,354,Loyal Customers
14406,119,1,156.75,77,8,1,1,2011-08-12 16:54:00,2011-08-12 16:54:00,United Kingdom,156.75,77.0,0,2,1,1,4,211,Regular Customers
14407,107,5,2142.73,1414,66,5,5,2011-03-08 11:59:00,2011-08-24 14:02:00,United Kingdom,428.546,282.8,169,2,4,5,11,245,Loyal Customers
14408,11,7,2599.03,1610,60,7,7,2011-03-20 14:41:00,2011-11-29 11:41:00,United Kingdom,371.29,230.0,253,5,5,5,15,555,Champions
14409,71,6,2059.4500000000003,1230,40,6,5,2010-12-06 15:03:00,2011-09-29 18:18:00,United Kingdom,343.24166666666673,205.0,297,3,5,5,13,355,Loyal Customers
14410,92,9,1099.27,565,152,9,7,2011-02-07 09:36:00,2011-09-08 15:08:00,United Kingdom,122.14111111111112,62.77777777777778,213,2,5,4,11,254,Loyal Customers
14411,311,1,1063.0,196,14,1,1,2011-02-02 10:56:00,2011-02-02 10:56:00,United Kingdom,1063.0,196.0,0,1,1,4,6,114,Big Spenders
14412,43,2,770.03,786,43,2,2,2011-09-28 08:48:00,2011-10-28 10:45:00,United Kingdom,385.015,393.0,30,3,1,3,7,313,Regular Customers
14413,362,1,121.05,67,22,1,1,2010-12-12 13:37:00,2010-12-12 13:37:00,United Kingdom,121.05,67.0,0,1,1,1,3,111,Regular Customers
14414,92,7,1496.98,2512,79,7,7,2010-12-16 11:11:00,2011-09-09 12:09:00,United Kingdom,213.8542857142857,358.85714285714283,267,2,5,4,11,254,Loyal Customers
14415,1,13,5855.57,2996,283,13,13,2010-12-14 13:31:00,2011-12-08 14:38:00,United Kingdom,450.42846153846153,230.46153846153845,359,5,5,5,15,555,Champions
14416,22,2,490.22,326,13,2,2,2011-10-28 15:10:00,2011-11-17 15:22:00,United Kingdom,245.11,163.0,20,4,1,3,8,413,Recent Customers
14418,4,3,1937.25,1711,114,3,3,2011-08-23 17:18:00,2011-12-06 11:39:00,United Kingdom,645.75,570.3333333333334,104,5,2,4,11,524,Big Spenders
14419,11,6,1051.79,483,112,6,6,2010-12-10 10:56:00,2011-11-29 11:22:00,United Kingdom,175.29833333333332,80.5,354,5,5,4,14,554,Champions
14420,99,1,387.52,334,29,1,1,2011-09-01 18:07:00,2011-09-01 18:07:00,United Kingdom,387.52,334.0,0,2,1,2,5,212,Regular Customers
14421,57,2,813.11,365,25,2,2,2011-05-12 10:49:00,2011-10-13 13:24:00,United Kingdom,406.555,182.5,154,3,1,3,7,313,Regular Customers
14422,1,6,4263.64,2906,189,6,6,2011-03-17 17:26:00,2011-12-09 11:26:00,United Kingdom,710.6066666666667,484.3333333333333,266,5,5,5,15,555,Champions
14423,218,1,265.2,120,3,1,1,2011-05-05 15:12:00,2011-05-05 15:12:00,United Kingdom,265.2,120.0,0,1,1,2,4,112,Regular Customers
14424,18,1,322.08,48,1,1,1,2011-11-22 11:48:00,2011-11-22 11:48:00,United Kingdom,322.08,48.0,0,4,1,2,7,412,Recent Customers
14426,24,10,4481.67,2699,183,10,7,2011-01-31 09:51:00,2011-11-16 12:25:00,United Kingdom,448.16700000000003,269.9,289,4,5,5,14,455,Champions
14427,50,2,363.34000000000003,228,16,2,2,2011-10-07 09:10:00,2011-10-20 14:23:00,United Kingdom,181.67000000000002,114.0,13,3,1,2,6,312,Regular Customers
14428,7,5,1224.06,428,108,5,5,2011-01-18 16:39:00,2011-12-02 13:17:00,United Kingdom,244.81199999999998,85.6,317,5,4,4,13,544,Champions
14431,303,1,470.36,130,17,1,1,2011-02-10 10:40:00,2011-02-10 10:40:00,United Kingdom,470.36,130.0,0,1,1,2,4,112,Regular Customers
14432,10,6,2248.5,2013,256,6,6,2011-09-11 14:09:00,2011-11-30 08:04:00,United Kingdom,374.75,335.5,79,5,5,5,15,555,Champions
14434,22,6,1372.8,368,3,6,6,2011-09-28 15:31:00,2011-11-18 08:56:00,United Kingdom,228.79999999999998,61.333333333333336,50,4,5,4,13,454,Champions
14436,99,1,89.06,129,9,1,1,2011-09-02 10:13:00,2011-09-02 10:13:00,United Kingdom,89.06,129.0,0,2,1,1,4,211,Regular Customers
14437,366,1,63.0,60,5,1,1,2010-12-09 09:27:00,2010-12-09 09:27:00,United Kingdom,63.0,60.0,0,1,1,1,3,111,Regular Customers
14438,306,1,131.9,82,9,1,1,2011-02-06 14:56:00,2011-02-06 14:56:00,United Kingdom,131.9,82.0,0,1,1,1,3,111,Regular Customers
14439,320,1,2661.24,526,32,1,1,2011-01-24 11:39:00,2011-01-24 11:39:00,Greece,2661.24,526.0,0,1,1,5,7,115,Big Spenders
14440,8,5,2357.68,588,33,5,5,2010-12-09 12:49:00,2011-12-01 15:42:00,United Kingdom,471.53599999999994,117.6,357,5,4,5,14,545,Champions
14441,1,4,1712.89,446,43,4,4,2011-03-29 12:01:00,2011-12-09 09:07:00,United Kingdom,428.2225,111.5,254,5,4,4,13,544,Champions
14442,205,2,1589.82,482,58,2,2,2011-01-27 09:33:00,2011-05-19 11:36:00,Channel Islands,794.91,241.0,112,1,1,4,6,114,Big Spenders
14443,54,4,1420.2,938,84,4,4,2010-12-06 11:03:00,2011-10-17 10:10:00,United Kingdom,355.05,234.5,314,3,4,4,11,344,Loyal Customers
14446,1,4,1005.55,856,232,4,4,2011-04-07 12:10:00,2011-12-09 11:34:00,United Kingdom,251.3875,214.0,245,5,4,4,13,544,Champions
14447,19,5,1163.23,571,54,5,4,2011-03-04 10:49:00,2011-11-21 08:28:00,United Kingdom,232.64600000000002,114.2,261,4,4,4,12,444,Champions
14448,9,2,375.35,104,20,2,2,2010-12-10 17:26:00,2011-11-30 13:50:00,United Kingdom,187.675,52.0,354,5,1,2,8,512,Recent Customers
14449,19,4,885.8,741,201,4,4,2010-12-02 14:09:00,2011-11-21 12:06:00,United Kingdom,221.45,185.25,353,4,4,3,11,443,Loyal Customers
14450,181,3,483.25,241,32,3,3,2011-01-23 11:53:00,2011-06-12 10:46:00,United Kingdom,161.08333333333334,80.33333333333333,139,1,2,3,6,123,At Risk
14451,60,2,643.9,378,86,2,2,2011-05-29 12:35:00,2011-10-10 13:38:00,United Kingdom,321.95,189.0,134,3,1,3,7,313,Regular Customers
14452,11,2,259.05,116,55,2,2,2011-09-07 11:32:00,2011-11-29 12:06:00,United Kingdom,129.525,58.0,83,5,1,2,8,512,Recent Customers
14453,190,1,119.93,49,22,1,1,2011-06-02 14:15:00,2011-06-02 14:15:00,United Kingdom,119.93,49.0,0,1,1,1,3,111,Regular Customers
14456,5,9,3014.32,2848,579,9,8,2011-07-20 13:06:00,2011-12-04 13:59:00,United Kingdom,334.9244444444445,316.44444444444446,137,5,5,5,15,555,Champions
14457,311,1,113.64,88,4,1,1,2011-02-02 09:39:00,2011-02-02 09:39:00,United Kingdom,113.64,88.0,0,1,1,1,3,111,Regular Customers
14459,155,1,1837.92,760,37,1,1,2011-07-07 13:35:00,2011-07-07 13:35:00,United Kingdom,1837.92,760.0,0,2,1,4,7,214,Big Spenders
14460,110,3,434.34,881,14,3,3,2011-02-02 11:55:00,2011-08-21 14:19:00,United Kingdom,144.78,293.6666666666667,200,2,2,2,6,222,At Risk
14461,148,3,2102.67,765,172,3,3,2011-03-23 12:15:00,2011-07-14 17:11:00,United Kingdom,700.89,255.0,113,2,2,5,9,225,Big Spenders
14462,66,11,1975.57,954,149,11,9,2011-01-04 12:45:00,2011-10-04 15:55:00,United Kingdom,179.59727272727272,86.72727272727273,273,3,5,4,12,354,Loyal Customers
14463,98,3,529.62,179,6,3,3,2011-05-18 14:42:00,2011-09-02 15:20:00,United Kingdom,176.54,59.666666666666664,107,2,2,3,7,223,At Risk
14465,247,3,1038.44,398,107,3,2,2011-02-10 12:13:00,2011-04-07 12:38:00,United Kingdom,346.1466666666667,132.66666666666666,56,1,2,4,7,124,Big Spenders
14466,29,7,2272.4,1006,35,7,7,2010-12-02 13:36:00,2011-11-10 14:07:00,United Kingdom,324.62857142857143,143.71428571428572,343,4,5,5,14,455,Champions
14467,18,4,596.26,276,67,4,4,2011-01-31 12:35:00,2011-11-22 12:48:00,United Kingdom,149.065,69.0,295,4,4,3,11,443,Loyal Customers
14470,12,2,461.19,193,43,2,2,2011-02-25 11:56:00,2011-11-28 10:31:00,United Kingdom,230.595,96.5,275,5,1,2,8,512,Recent Customers
14472,104,8,1852.67,1135,153,8,8,2010-12-19 14:03:00,2011-08-28 11:01:00,United Kingdom,231.58375,141.875,251,2,5,4,11,254,Loyal Customers
14473,74,2,234.34,88,7,2,2,2011-03-02 13:56:00,2011-09-26 15:10:00,United Kingdom,117.17,44.0,208,2,1,1,4,211,Regular Customers
14474,46,1,547.66,140,29,1,1,2011-10-24 13:26:00,2011-10-24 13:26:00,United Kingdom,547.66,140.0,0,3,1,3,7,313,Regular Customers
14475,72,3,925.85,447,35,3,3,2011-02-08 10:12:00,2011-09-29 10:46:00,United Kingdom,308.6166666666667,149.0,233,3,2,4,9,324,Big Spenders
14476,257,1,193.0,110,17,1,1,2011-03-27 15:39:00,2011-03-27 15:39:00,United Kingdom,193.0,110.0,0,1,1,1,3,111,Regular Customers
14477,20,4,1309.6,720,7,4,4,2011-02-15 15:44:00,2011-11-20 11:11:00,United Kingdom,327.4,180.0,277,4,4,4,12,444,Champions
14479,254,2,316.25,117,18,2,2,2010-12-09 12:59:00,2011-03-31 09:07:00,United Kingdom,158.125,58.5,111,1,1,2,4,112,Regular Customers
14480,11,1,279.05,143,13,1,1,2011-11-28 16:35:00,2011-11-28 16:35:00,United Kingdom,279.05,143.0,0,5,1,2,8,512,Recent Customers
14481,165,2,636.51,489,25,2,2,2011-02-25 13:53:00,2011-06-28 10:38:00,United Kingdom,318.255,244.5,122,2,1,3,6,213,Regular Customers
14482,18,6,2022.81,1627,110,6,6,2011-04-14 16:41:00,2011-11-21 13:14:00,United Kingdom,337.135,271.1666666666667,220,4,5,4,13,454,Champions
14483,282,1,137.1,97,9,1,1,2011-03-03 10:26:00,2011-03-03 10:26:00,United Kingdom,137.1,97.0,0,1,1,1,3,111,Regular Customers
14484,50,1,321.92,210,14,1,1,2011-10-20 14:11:00,2011-10-20 14:11:00,United Kingdom,321.92,210.0,0,3,1,2,6,312,Regular Customers
14485,39,1,162.8,70,44,1,1,2011-11-01 12:25:00,2011-11-01 12:25:00,United Kingdom,162.8,70.0,0,3,1,1,5,311,Regular Customers
14487,27,6,1165.48,712,112,6,5,2010-12-06 13:22:00,2011-11-13 12:17:00,United Kingdom,194.24666666666667,118.66666666666667,341,4,5,4,13,454,Champions
14488,68,1,1064.28,799,46,1,1,2011-10-03 09:30:00,2011-10-03 09:30:00,United Kingdom,1064.28,799.0,0,3,1,4,8,314,Big Spenders
14489,207,1,463.38,299,30,1,1,2011-05-16 14:51:00,2011-05-16 14:51:00,United Kingdom,463.38,299.0,0,1,1,2,4,112,Regular Customers
14491,175,2,340.93,139,17,2,2,2010-12-02 12:10:00,2011-06-17 15:22:00,United Kingdom,170.465,69.5,197,2,1,2,5,212,Regular Customers
14493,7,5,2383.2400000000002,1285,95,5,5,2011-07-07 16:59:00,2011-12-02 16:14:00,United Kingdom,476.648,257.0,147,5,4,5,14,545,Champions
14494,26,1,139.56,92,7,1,1,2011-11-14 09:21:00,2011-11-14 09:21:00,United Kingdom,139.56,92.0,0,4,1,1,6,411,Recent Customers
14495,51,2,123.80000000000001,62,6,2,2,2011-08-10 14:13:00,2011-10-20 12:28:00,United Kingdom,61.900000000000006,31.0,70,3,1,1,5,311,Regular Customers
14496,312,2,538.8100000000001,159,16,2,2,2010-12-01 15:35:00,2011-02-01 09:01:00,United Kingdom,269.40500000000003,79.5,61,1,1,3,5,113,Regular Customers
14497,309,1,475.37,235,29,1,1,2011-02-03 17:01:00,2011-02-03 17:01:00,United Kingdom,475.37,235.0,0,1,1,2,4,112,Regular Customers
14498,43,5,1957.32,1098,162,5,5,2010-12-13 11:29:00,2011-10-28 12:09:00,United Kingdom,391.464,219.6,319,3,4,4,11,344,Loyal Customers
14499,26,3,808.44,496,146,3,3,2011-03-06 11:55:00,2011-11-13 13:01:00,United Kingdom,269.48,165.33333333333334,252,4,2,3,9,423,Recent Customers
14500,88,3,356.85,117,6,3,3,2011-06-03 10:08:00,2011-09-12 16:45:00,United Kingdom,118.95,39.0,101,2,2,2,6,222,At Risk
14501,184,2,251.21,161,9,2,2,2011-01-24 10:43:00,2011-06-09 12:02:00,United Kingdom,125.605,80.5,136,1,1,2,4,112,Regular Customers
14502,20,11,2426.79,1464,367,11,9,2011-01-30 15:52:00,2011-11-20 11:50:00,United Kingdom,220.61727272727273,133.0909090909091,293,4,5,5,14,455,Champions
14503,3,6,3543.26,2004,113,6,6,2011-06-14 10:00:00,2011-12-06 13:30:00,United Kingdom,590.5433333333334,334.0,175,5,5,5,15,555,Champions
14504,47,4,673.26,308,85,4,4,2011-03-06 14:38:00,2011-10-23 16:00:00,United Kingdom,168.315,77.0,231,3,4,3,10,343,Loyal Customers
14505,17,8,5859.43,2739,540,8,8,2010-12-12 16:14:00,2011-11-22 15:45:00,United Kingdom,732.42875,342.375,344,4,5,5,14,455,Champions
14506,17,5,1960.65,704,204,5,5,2010-12-05 14:25:00,2011-11-22 13:02:00,United Kingdom,392.13,140.8,351,4,4,4,12,444,Champions
14507,24,6,1367.88,594,79,6,5,2011-03-08 17:23:00,2011-11-16 12:21:00,United Kingdom,227.98000000000002,99.0,252,4,5,4,13,454,Champions
14508,22,2,268.05,129,52,2,2,2011-09-11 11:29:00,2011-11-17 19:48:00,United Kingdom,134.025,64.5,67,4,1,2,7,412,Recent Customers
14511,11,5,1314.81,784,53,5,5,2011-07-29 12:13:00,2011-11-28 17:05:00,United Kingdom,262.962,156.8,122,5,4,4,13,544,Champions
14512,188,2,275.28,122,19,2,2,2011-04-21 19:05:00,2011-06-05 12:39:00,United Kingdom,137.64,61.0,44,1,1,2,4,112,Regular Customers
14513,101,3,455.59000000000003,361,11,3,3,2011-02-24 09:36:00,2011-08-31 11:25:00,United Kingdom,151.86333333333334,120.33333333333333,188,2,2,2,6,222,At Risk
14514,61,3,990.2,564,65,3,3,2011-01-12 15:22:00,2011-10-09 16:05:00,United Kingdom,330.06666666666666,188.0,270,3,2,4,9,324,Big Spenders
14515,18,6,2076.89,1110,68,6,5,2011-05-05 12:13:00,2011-11-22 11:37:00,United Kingdom,346.1483333333333,185.0,200,4,5,5,14,455,Champions
14517,33,2,330.45,91,17,2,2,2011-07-21 11:42:00,2011-11-06 14:20:00,United Kingdom,165.225,45.5,108,4,1,2,7,412,Recent Customers
14518,64,1,174.37,278,16,1,1,2011-10-06 14:43:00,2011-10-06 14:43:00,United Kingdom,174.37,278.0,0,3,1,1,5,311,Regular Customers
14520,2,2,270.6,146,3,2,2,2011-02-22 09:15:00,2011-12-08 09:46:00,United Kingdom,135.3,73.0,289,5,1,2,8,512,Recent Customers
14522,24,4,974.54,525,15,4,4,2011-05-25 16:01:00,2011-11-15 13:24:00,United Kingdom,243.635,131.25,173,4,4,4,12,444,Champions
14523,108,1,241.09,251,12,1,1,2011-08-23 13:13:00,2011-08-23 13:13:00,United Kingdom,241.09,251.0,0,2,1,1,4,211,Regular Customers
14524,32,9,1843.83,669,161,9,6,2010-12-14 11:01:00,2011-11-08 12:29:00,United Kingdom,204.87,74.33333333333333,329,4,5,4,13,454,Champions
14525,20,9,4215.9,2637,217,9,9,2010-12-13 17:40:00,2011-11-20 11:37:00,United Kingdom,468.4333333333333,293.0,341,4,5,5,14,455,Champions
14527,3,55,8506.13,2086,329,55,54,2010-12-05 13:17:00,2011-12-07 12:19:00,United Kingdom,154.65690909090907,37.92727272727273,366,5,5,5,15,555,Champions
14528,37,1,364.21999999999997,278,18,1,1,2011-11-02 17:09:00,2011-11-02 17:09:00,United Kingdom,364.21999999999997,278.0,0,3,1,2,6,312,Regular Customers
14529,60,3,578.61,325,177,3,3,2011-08-21 14:10:00,2011-10-10 15:27:00,United Kingdom,192.87,108.33333333333333,50,3,2,3,8,323,Regular Customers
14530,26,6,2862.11,1395,140,6,6,2011-02-16 10:47:00,2011-11-14 10:38:00,United Kingdom,477.0183333333334,232.5,270,4,5,5,14,455,Champions
14532,236,4,932.85,284,45,4,4,2010-12-22 13:48:00,2011-04-17 13:05:00,United Kingdom,233.2125,71.0,115,1,4,4,9,144,Loyal Customers
14533,25,7,1949.72,4019,53,7,7,2010-12-22 11:07:00,2011-11-15 12:05:00,United Kingdom,278.5314285714286,574.1428571428571,328,4,5,4,13,454,Champions
14534,3,18,4395.65,2026,330,18,18,2011-01-25 12:33:00,2011-12-07 12:19:00,United Kingdom,244.20277777777775,112.55555555555556,315,5,5,5,15,555,Champions
14535,60,3,2854.84,1824,280,3,3,2011-04-05 12:50:00,2011-10-10 15:39:00,United Kingdom,951.6133333333333,608.0,188,3,2,5,10,325,Big Spenders
14536,260,1,170.95,39,18,1,1,2011-03-25 12:21:00,2011-03-25 12:21:00,United Kingdom,170.95,39.0,0,1,1,1,3,111,Regular Customers
14537,58,1,355.56,120,10,1,1,2011-10-13 10:54:00,2011-10-13 10:54:00,United Kingdom,355.56,120.0,0,3,1,2,6,312,Regular Customers
14538,65,2,388.25,155,19,2,2,2011-03-28 14:57:00,2011-10-06 10:31:00,United Kingdom,194.125,77.5,191,3,1,2,6,312,Regular Customers
14539,16,2,537.48,428,31,2,2,2011-10-26 12:03:00,2011-11-24 09:50:00,United Kingdom,268.74,214.0,28,4,1,3,8,413,Recent Customers
14540,10,3,952.66,411,64,3,3,2011-02-03 15:02:00,2011-11-30 10:15:00,United Kingdom,317.55333333333334,137.0,299,5,2,4,11,524,Big Spenders
14541,59,8,1453.35,641,71,8,7,2011-01-24 14:16:00,2011-10-12 10:08:00,United Kingdom,181.66875,80.125,260,3,5,4,12,354,Loyal Customers
14542,186,1,103.25,19,5,1,1,2011-06-07 08:19:00,2011-06-07 08:19:00,United Kingdom,103.25,19.0,0,1,1,1,3,111,Regular Customers
14543,29,16,3560.08,671,41,16,15,2010-12-10 11:51:00,2011-11-11 12:45:00,United Kingdom,222.505,41.9375,336,4,5,5,14,455,Champions
14544,24,2,2004.3,1536,97,2,2,2010-12-13 12:50:00,2011-11-15 15:06:00,United Kingdom,1002.15,768.0,337,4,1,4,9,414,Big Spenders
14546,5,5,2573.93,1313,250,5,5,2011-04-05 12:37:00,2011-12-04 13:00:00,United Kingdom,514.786,262.6,243,5,4,5,14,545,Champions
14547,4,8,3974.75,2639,198,8,8,2011-10-16 14:35:00,2011-12-06 11:06:00,United Kingdom,496.84375,329.875,50,5,5,5,15,555,Champions
14548,151,2,652.8,256,2,2,2,2011-01-26 08:38:00,2011-07-12 12:19:00,United Kingdom,326.4,128.0,167,2,1,3,6,213,Regular Customers
14549,311,1,289.24,136,56,1,1,2011-02-01 13:47:00,2011-02-01 13:47:00,United Kingdom,289.24,136.0,0,1,1,2,4,112,Regular Customers
14550,11,2,757.37,389,38,2,2,2011-10-26 12:14:00,2011-11-29 12:12:00,United Kingdom,378.685,194.5,33,5,1,3,9,513,Recent Customers
14551,18,2,186.23,106,9,2,2,2011-05-19 18:21:00,2011-11-21 13:36:00,United Kingdom,93.115,53.0,185,4,1,1,6,411,Recent Customers
14552,152,1,164.22,90,57,1,1,2011-07-11 12:49:00,2011-07-11 12:49:00,United Kingdom,164.22,90.0,0,2,1,1,4,211,Regular Customers
14553,19,5,859.27,493,103,5,4,2011-01-04 15:40:00,2011-11-20 13:20:00,United Kingdom,171.85399999999998,98.6,319,4,4,3,11,443,Loyal Customers
14554,10,4,2279.4900000000002,1443,147,4,4,2011-10-18 13:04:00,2011-11-29 16:44:00,United Kingdom,569.8725000000001,360.75,42,5,4,5,14,545,Champions
14555,57,2,312.54,122,18,2,2,2011-02-10 17:19:00,2011-10-13 16:24:00,United Kingdom,156.27,61.0,244,3,1,2,6,312,Regular Customers
14557,85,1,788.38,510,16,1,1,2011-09-15 15:48:00,2011-09-15 15:48:00,United Kingdom,788.38,510.0,0,2,1,3,6,213,Regular Customers
14560,7,22,2237.77,1260,39,22,20,2010-12-17 09:22:00,2011-12-02 15:22:00,United Kingdom,101.71681818181818,57.27272727272727,350,5,5,5,15,555,Champions
14561,76,3,1080.76,1014,67,3,3,2011-06-08 13:26:00,2011-09-25 12:39:00,United Kingdom,360.25333333333333,338.0,108,2,2,4,8,224,Big Spenders
14562,4,18,5006.77,1815,187,18,17,2011-02-08 14:45:00,2011-12-06 11:05:00,United Kingdom,278.1538888888889,100.83333333333333,300,5,5,5,15,555,Champions
14565,96,4,2949.12,1537,110,4,4,2010-12-13 13:25:00,2011-09-05 09:07:00,United Kingdom,737.28,384.25,265,2,4,5,11,245,Loyal Customers
14566,111,1,1432.0,800,4,1,1,2011-08-21 11:05:00,2011-08-21 11:05:00,Channel Islands,1432.0,800.0,0,2,1,4,7,214,Big Spenders
14567,57,2,1530.3600000000001,412,33,2,2,2011-08-01 13:48:00,2011-10-14 10:21:00,United Kingdom,765.1800000000001,206.0,73,3,1,4,8,314,Big Spenders
14569,1,1,227.39,79,10,1,1,2011-12-08 14:58:00,2011-12-08 14:58:00,United Kingdom,227.39,79.0,0,5,1,1,7,511,Recent Customers
14570,281,2,217.21,94,28,2,1,2011-03-04 10:39:00,2011-03-04 10:58:00,United Kingdom,108.605,47.0,0,1,1,1,3,111,Regular Customers
14572,3,7,2804.54,1420,190,7,7,2011-01-19 17:23:00,2011-12-06 14:40:00,United Kingdom,400.6485714285714,202.85714285714286,320,5,5,5,15,555,Champions
14573,180,9,1639.82,534,127,9,8,2010-12-02 19:59:00,2011-06-13 11:15:00,United Kingdom,182.20222222222222,59.333333333333336,192,1,5,4,10,154,Loyal Customers
14576,372,1,35.400000000000006,12,1,1,1,2010-12-02 17:51:00,2010-12-02 17:51:00,United Kingdom,35.400000000000006,12.0,0,1,1,1,3,111,Regular Customers
14577,13,4,859.71,353,86,4,4,2010-12-12 11:26:00,2011-11-27 12:47:00,United Kingdom,214.9275,88.25,350,5,4,3,12,543,Loyal Customers
14578,3,1,168.63,240,24,1,1,2011-12-06 17:18:00,2011-12-06 17:18:00,United Kingdom,168.63,240.0,0,5,1,1,7,511,Recent Customers
14581,17,1,138.6,217,16,1,1,2011-11-23 12:39:00,2011-11-23 12:39:00,United Kingdom,138.6,217.0,0,4,1,1,6,411,Recent Customers
14582,41,1,114.11,73,6,1,1,2011-10-30 11:56:00,2011-10-30 11:56:00,United Kingdom,114.11,73.0,0,3,1,1,5,311,Regular Customers
14583,6,5,986.96,751,243,5,5,2011-05-18 11:28:00,2011-12-04 12:32:00,United Kingdom,197.392,150.2,200,5,4,4,13,544,Champions
14584,169,4,1033.06,381,68,4,4,2011-05-25 17:31:00,2011-06-23 18:33:00,United Kingdom,258.265,95.25,29,2,4,4,10,244,Loyal Customers
14585,50,1,157.05,91,29,1,1,2011-10-20 14:33:00,2011-10-20 14:33:00,United Kingdom,157.05,91.0,0,3,1,1,5,311,Regular Customers
14586,277,1,237.35999999999999,444,19,1,1,2011-03-08 10:04:00,2011-03-08 10:04:00,United Kingdom,237.35999999999999,444.0,0,1,1,1,3,111,Regular Customers
14587,19,9,1580.29,749,170,9,9,2011-01-12 13:16:00,2011-11-21 11:34:00,United Kingdom,175.58777777777777,83.22222222222223,312,4,5,4,13,454,Champions
14589,372,1,39.75,5,3,1,1,2010-12-03 11:42:00,2010-12-03 11:42:00,United Kingdom,39.75,5.0,0,1,1,1,3,111,Regular Customers
14591,15,4,1320.21,1228,138,4,2,2011-05-10 14:09:00,2011-11-24 13:57:00,United Kingdom,330.0525,307.0,197,4,4,4,12,444,Champions
14592,35,3,557.94,407,132,3,3,2011-10-06 18:08:00,2011-11-04 16:35:00,United Kingdom,185.98000000000002,135.66666666666666,28,3,2,3,8,323,Regular Customers
14593,22,3,617.15,330,127,3,2,2011-05-25 11:14:00,2011-11-18 12:48:00,United Kingdom,205.71666666666667,110.0,177,4,2,3,9,423,Recent Customers
14594,7,2,363.33,183,48,2,2,2010-12-01 13:54:00,2011-12-02 13:28:00,United Kingdom,181.665,91.5,365,5,1,2,8,512,Recent Customers
14595,20,6,1740.6000000000001,978,94,6,6,2011-01-30 13:36:00,2011-11-20 12:12:00,United Kingdom,290.1,163.0,293,4,5,4,13,454,Champions
14597,11,2,866.24,566,45,2,2,2011-06-01 12:33:00,2011-11-28 13:13:00,United Kingdom,433.12,283.0,180,5,1,3,9,513,Recent Customers
14598,44,1,221.97,189,49,1,1,2011-10-26 13:19:00,2011-10-26 13:19:00,United Kingdom,221.97,189.0,0,3,1,1,5,311,Regular Customers
14600,306,1,393.33000000000004,125,25,1,1,2011-02-07 09:48:00,2011-02-07 09:48:00,United Kingdom,393.33000000000004,125.0,0,1,1,2,4,112,Regular Customers
14601,11,1,213.96,168,7,1,1,2011-11-29 09:48:00,2011-11-29 09:48:00,United Kingdom,213.96,168.0,0,5,1,1,7,511,Recent Customers
14603,275,1,660.0,400,2,1,1,2011-03-10 10:27:00,2011-03-10 10:27:00,United Kingdom,660.0,400.0,0,1,1,3,5,113,Regular Customers
14606,1,90,11926.15,6177,816,90,88,2010-12-01 16:57:00,2011-12-08 19:28:00,United Kingdom,132.51277777777779,68.63333333333334,372,5,5,5,15,555,Champions
14607,16,12,15021.5,10734,37,12,6,2011-03-23 15:22:00,2011-11-24 10:35:00,United Kingdom,1251.7916666666667,894.5,245,4,5,5,14,455,Champions
14608,4,4,1785.15,437,8,4,4,2010-12-12 14:49:00,2011-12-05 16:52:00,United Kingdom,446.2875,109.25,358,5,4,4,13,544,Champions
14609,72,4,601.56,7026,2,4,4,2011-02-16 12:10:00,2011-09-28 12:54:00,United Kingdom,150.39,1756.5,224,3,4,3,10,343,Loyal Customers
14616,243,3,406.08000000000004,104,2,3,3,2011-01-26 12:42:00,2011-04-11 09:54:00,United Kingdom,135.36,34.666666666666664,74,1,2,2,5,122,At Risk
14618,9,3,553.44,264,10,3,3,2011-01-06 11:59:00,2011-11-30 13:45:00,United Kingdom,184.48000000000002,88.0,328,5,2,3,10,523,Recent Customers
14619,246,1,394.44,152,20,1,1,2011-04-08 07:37:00,2011-04-08 07:37:00,United Kingdom,394.44,152.0,0,1,1,2,4,112,Regular Customers
14620,206,2,412.78000000000003,214,26,2,2,2011-03-01 08:30:00,2011-05-18 11:58:00,United Kingdom,206.39000000000001,107.0,78,1,1,2,4,112,Regular Customers
14621,1,5,1788.3600000000001,993,80,5,5,2010-12-16 13:00:00,2011-12-08 16:22:00,United Kingdom,357.672,198.6,357,5,4,4,13,544,Champions
14622,185,1,320.58000000000004,146,21,1,1,2011-06-08 12:42:00,2011-06-08 12:42:00,United Kingdom,320.58000000000004,146.0,0,1,1,2,4,112,Regular Customers
14623,32,5,882.02,406,107,5,5,2011-04-18 13:54:00,2011-11-07 13:56:00,United Kingdom,176.404,81.2,203,4,4,3,11,443,Loyal Customers
14624,57,2,225.85,162,13,2,2,2011-10-11 14:39:00,2011-10-13 13:44:00,United Kingdom,112.925,81.0,1,3,1,1,5,311,Regular Customers
14625,196,2,899.63,335,51,2,2,2010-12-13 15:36:00,2011-05-27 15:32:00,United Kingdom,449.815,167.5,164,1,1,3,5,113,Regular Customers
14626,24,4,2791.27,1403,108,4,4,2011-04-20 13:18:00,2011-11-16 10:37:00,United Kingdom,697.8175,350.75,209,4,4,5,13,445,Champions
14628,91,2,671.96,272,22,2,2,2011-04-11 14:43:00,2011-09-09 14:58:00,United Kingdom,335.98,136.0,151,2,1,3,6,213,Regular Customers
14629,4,2,955.26,378,133,2,2,2011-10-23 16:13:00,2011-12-05 16:55:00,United Kingdom,477.63,189.0,43,5,1,4,10,514,Big Spenders
14631,51,3,1006.98,622,38,3,3,2011-02-14 09:31:00,2011-10-20 11:17:00,United Kingdom,335.66,207.33333333333334,248,3,2,4,9,324,Big Spenders
14632,263,1,114.56,96,8,1,1,2011-03-22 08:49:00,2011-03-22 08:49:00,United Kingdom,114.56,96.0,0,1,1,1,3,111,Regular Customers
14633,266,1,344.90000000000003,96,20,1,1,2011-03-18 17:07:00,2011-03-18 17:07:00,United Kingdom,344.90000000000003,96.0,0,1,1,2,4,112,Regular Customers
14636,36,2,609.85,241,27,2,2,2011-03-16 09:52:00,2011-11-03 16:12:00,United Kingdom,304.925,120.5,232,3,1,3,7,313,Regular Customers
14638,51,1,443.6,166,16,1,1,2011-10-20 10:10:00,2011-10-20 10:10:00,United Kingdom,443.6,166.0,0,3,1,2,6,312,Regular Customers
14639,52,6,2984.4900000000002,1431,138,6,4,2010-12-13 13:50:00,2011-10-18 15:06:00,United Kingdom,497.415,238.5,309,3,5,5,13,355,Loyal Customers
14640,24,6,2107.38,880,87,6,6,2011-04-26 12:31:00,2011-11-15 13:07:00,United Kingdom,351.23,146.66666666666666,203,4,5,5,14,455,Champions
14641,22,1,110.46000000000001,90,7,1,1,2011-11-18 10:42:00,2011-11-18 10:42:00,United Kingdom,110.46000000000001,90.0,0,4,1,1,6,411,Recent Customers
14642,59,1,96.12,76,2,1,1,2011-10-12 11:08:00,2011-10-12 11:08:00,United Kingdom,96.12,76.0,0,3,1,1,5,311,Regular Customers
14643,170,2,693.8100000000001,815,30,2,2,2010-12-16 17:53:00,2011-06-22 14:41:00,United Kingdom,346.90500000000003,407.5,187,2,1,3,6,213,Regular Customers
14644,68,2,830.76,258,26,2,2,2011-02-14 14:14:00,2011-10-03 08:30:00,United Kingdom,415.38,129.0,230,3,1,3,7,313,Regular Customers
14645,157,2,597.09,381,28,2,2,2011-03-09 09:52:00,2011-07-06 09:15:00,United Kingdom,298.545,190.5,118,2,1,3,6,213,Regular Customers
14646,2,72,279138.02,196844,699,72,45,2010-12-20 10:09:00,2011-12-08 12:12:00,Netherlands,3876.9169444444447,2733.9444444444443,353,5,5,5,15,555,Champions
14647,201,1,236.04000000000002,91,24,1,1,2011-05-22 13:40:00,2011-05-22 13:40:00,United Kingdom,236.04000000000002,91.0,0,1,1,1,3,111,Regular Customers
14649,5,4,1402.59,1004,148,4,3,2011-05-11 14:37:00,2011-12-05 12:30:00,United Kingdom,350.6475,251.0,207,5,4,4,13,544,Champions
14651,67,2,653.75,343,95,2,2,2011-05-12 16:29:00,2011-10-03 15:52:00,United Kingdom,326.875,171.5,143,3,1,3,7,313,Regular Customers
14652,77,1,114.18,53,29,1,1,2011-09-23 14:21:00,2011-09-23 14:21:00,United Kingdom,114.18,53.0,0,2,1,1,4,211,Regular Customers
14653,1,7,1916.7,944,153,7,6,2011-01-05 13:40:00,2011-12-08 13:45:00,United Kingdom,273.81428571428575,134.85714285714286,337,5,5,4,14,554,Champions
14655,8,4,1932.23,1089,35,4,4,2011-05-01 14:59:00,2011-12-01 16:28:00,United Kingdom,483.0575,272.25,214,5,4,4,13,544,Champions
14656,169,2,291.05,120,73,2,2,2011-03-01 13:19:00,2011-06-23 13:51:00,United Kingdom,145.525,60.0,114,2,1,2,5,212,Regular Customers
14657,18,4,848.22,466,103,4,4,2011-01-17 15:19:00,2011-11-22 12:47:00,United Kingdom,212.055,116.5,308,4,4,3,11,443,Loyal Customers
14658,5,2,247.15,47,27,2,2,2011-08-14 15:42:00,2011-12-04 15:35:00,United Kingdom,123.575,23.5,111,5,1,2,8,512,Recent Customers
14659,9,9,2529.93,1195,147,9,9,2011-01-28 12:43:00,2011-12-01 12:17:00,United Kingdom,281.1033333333333,132.77777777777777,306,5,5,5,15,555,Champions
14660,87,2,285.74,228,24,2,2,2011-08-31 10:40:00,2011-09-14 11:34:00,United Kingdom,142.87,114.0,14,2,1,2,5,212,Regular Customers
14661,27,1,107.95,35,4,1,1,2011-11-13 11:51:00,2011-11-13 11:51:00,United Kingdom,107.95,35.0,0,4,1,1,6,411,Recent Customers
14662,29,4,741.37,578,143,4,4,2011-01-27 17:41:00,2011-11-11 12:13:00,United Kingdom,185.3425,144.5,287,4,4,3,11,443,Loyal Customers
14664,20,2,636.24,465,78,2,2,2011-11-06 14:56:00,2011-11-20 10:59:00,United Kingdom,318.12,232.5,13,4,1,3,8,413,Recent Customers
14665,61,5,1835.7,740,63,5,4,2011-02-02 09:08:00,2011-10-10 09:14:00,United Kingdom,367.14,148.0,250,3,4,4,11,344,Loyal Customers
14666,24,1,179.95,155,13,1,1,2011-11-15 12:57:00,2011-11-15 12:57:00,United Kingdom,179.95,155.0,0,4,1,1,6,411,Recent Customers
14667,11,25,9170.79,5318,353,25,23,2010-12-06 13:13:00,2011-11-29 11:30:00,United Kingdom,366.83160000000004,212.72,357,5,5,5,15,555,Champions
14669,242,3,1259.24,770,158,3,2,2011-01-11 12:30:00,2011-04-12 11:43:00,United Kingdom,419.74666666666667,256.6666666666667,90,1,2,4,7,124,Big Spenders
14670,280,2,392.86,326,107,2,1,2011-03-04 13:58:00,2011-03-04 14:13:00,United Kingdom,196.43,163.0,0,1,1,2,4,112,Regular Customers
14672,235,2,765.5500000000001,454,58,2,2,2011-01-07 15:48:00,2011-04-19 10:19:00,United Kingdom,382.77500000000003,227.0,101,1,1,3,5,113,Regular Customers
14673,3,5,1736.4,1004,39,5,5,2010-12-07 12:49:00,2011-12-06 14:31:00,United Kingdom,347.28000000000003,200.8,364,5,4,4,13,544,Champions
14675,16,1,596.36,336,93,1,1,2011-11-23 12:58:00,2011-11-23 12:58:00,United Kingdom,596.36,336.0,0,4,1,3,8,413,Recent Customers
14676,31,6,2548.2400000000002,2500,29,6,6,2011-03-01 14:26:00,2011-11-08 13:29:00,United Kingdom,424.7066666666667,416.6666666666667,251,4,5,5,14,455,Champions
14680,25,16,28754.11,13476,73,16,16,2010-12-03 12:05:00,2011-11-14 16:59:00,United Kingdom,1797.131875,842.25,346,4,5,5,14,455,Champions
14681,71,3,498.95,76,6,3,2,2011-05-12 10:45:00,2011-09-29 15:52:00,United Kingdom,166.31666666666666,25.333333333333332,140,3,2,3,8,323,Regular Customers
14682,188,2,52.0,80,1,2,2,2011-05-22 12:51:00,2011-06-05 12:12:00,United Kingdom,26.0,40.0,13,1,1,1,3,111,Regular Customers
14684,26,5,1201.51,821,231,5,5,2010-12-12 12:44:00,2011-11-14 11:33:00,United Kingdom,240.302,164.2,336,4,4,4,12,444,Champions
14687,107,1,628.38,470,15,1,1,2011-08-25 11:59:00,2011-08-25 11:59:00,United Kingdom,628.38,470.0,0,2,1,3,6,213,Regular Customers
14688,8,21,5579.1,3584,148,21,20,2010-12-01 09:37:00,2011-12-02 12:26:00,United Kingdom,265.6714285714286,170.66666666666666,366,5,5,5,15,555,Champions
14689,209,1,112.80000000000001,76,13,1,1,2011-05-15 11:22:00,2011-05-15 11:22:00,United Kingdom,112.80000000000001,76.0,0,1,1,1,3,111,Regular Customers
14690,44,2,355.05,167,40,2,2,2011-07-11 11:58:00,2011-10-26 15:39:00,United Kingdom,177.525,83.5,107,3,1,2,6,312,Regular Customers
14691,31,5,2114.33,707,50,5,4,2011-05-11 09:55:00,2011-11-09 12:30:00,United Kingdom,422.866,141.4,182,4,4,5,13,445,Champions
14692,137,4,591.55,265,53,4,4,2011-01-21 13:47:00,2011-07-25 15:08:00,United Kingdom,147.8875,66.25,185,2,4,3,9,243,Loyal Customers
14693,265,1,172.9,34,8,1,1,2011-03-20 12:50:00,2011-03-20 12:50:00,United Kingdom,172.9,34.0,0,1,1,1,3,111,Regular Customers
14696,4,7,2078.95,1630,117,7,7,2010-12-01 15:37:00,2011-12-05 13:43:00,United Kingdom,296.99285714285713,232.85714285714286,368,5,5,5,15,555,Champions
14697,218,2,188.61,181,22,2,1,2011-05-05 15:29:00,2011-05-05 15:39:00,United Kingdom,94.305,90.5,0,1,1,1,3,111,Regular Customers
14698,2,5,1217.27,602,148,5,5,2011-10-19 12:54:00,2011-12-08 12:26:00,United Kingdom,243.454,120.4,49,5,4,4,13,544,Champions
14699,214,1,109.13000000000001,77,8,1,1,2011-05-09 14:54:00,2011-05-09 14:54:00,United Kingdom,109.13000000000001,77.0,0,1,1,1,3,111,Regular Customers
14700,32,3,2195.1,1314,80,3,3,2011-04-15 13:16:00,2011-11-07 14:40:00,United Kingdom,731.6999999999999,438.0,206,4,2,5,11,425,Big Spenders
14701,11,9,2526.09,921,268,9,7,2011-01-27 12:40:00,2011-11-29 12:38:00,United Kingdom,280.6766666666667,102.33333333333333,305,5,5,5,15,555,Champions
14702,1,17,3251.79,1439,196,17,17,2010-12-09 19:23:00,2011-12-08 19:29:00,United Kingdom,191.28176470588235,84.6470588235294,364,5,5,5,15,555,Champions
14703,15,1,318.17,183,22,1,1,2011-11-25 09:23:00,2011-11-25 09:23:00,United Kingdom,318.17,183.0,0,4,1,2,7,412,Recent Customers
14704,20,7,1461.6200000000001,1035,286,7,7,2011-06-12 13:59:00,2011-11-20 12:20:00,United Kingdom,208.80285714285716,147.85714285714286,160,4,5,4,13,454,Champions
14705,199,1,179.0,100,1,1,1,2011-05-25 12:39:00,2011-05-25 12:39:00,United Kingdom,179.0,100.0,0,1,1,1,3,111,Regular Customers
14708,3,3,1126.3700000000001,621,25,3,3,2010-12-06 12:23:00,2011-12-07 08:21:00,United Kingdom,375.4566666666667,207.0,365,5,2,4,11,524,Big Spenders
14709,15,13,4921.04,2484,71,13,12,2010-12-16 13:43:00,2011-11-24 15:41:00,United Kingdom,378.54153846153844,191.07692307692307,343,4,5,5,14,455,Champions
14710,14,4,599.48,375,124,4,4,2011-10-11 13:49:00,2011-11-25 14:53:00,United Kingdom,149.87,93.75,45,5,4,3,12,543,Loyal Customers
14711,10,11,2839.62,966,221,11,11,2011-03-22 13:32:00,2011-11-29 14:58:00,United Kingdom,258.1472727272727,87.81818181818181,252,5,5,5,15,555,Champions
14712,29,3,917.07,315,21,3,3,2011-08-19 13:33:00,2011-11-10 12:59:00,United Kingdom,305.69,105.0,82,4,2,3,9,423,Recent Customers
14713,9,11,2662.2,1613,146,11,11,2010-12-09 18:58:00,2011-11-30 16:26:00,United Kingdom,242.0181818181818,146.63636363636363,355,5,5,5,15,555,Champions
14714,24,1,160.19,229,10,1,1,2011-11-15 13:07:00,2011-11-15 13:07:00,United Kingdom,160.19,229.0,0,4,1,1,6,411,Recent Customers
14715,25,4,867.38,521,60,4,4,2011-01-12 13:27:00,2011-11-15 12:10:00,United Kingdom,216.845,130.25,306,4,4,3,11,443,Loyal Customers
14716,43,2,307.51,495,46,2,2,2011-07-14 12:42:00,2011-10-27 17:29:00,United Kingdom,153.755,247.5,105,3,1,2,6,312,Regular Customers
14719,2,5,1581.84,1025,177,5,5,2011-04-04 14:17:00,2011-12-08 12:43:00,United Kingdom,316.368,205.0,247,5,4,4,13,544,Champions
14720,6,3,663.81,219,34,3,3,2011-08-05 12:06:00,2011-12-04 12:02:00,United Kingdom,221.26999999999998,73.0,120,5,2,3,10,523,Recent Customers
14722,147,1,180.42,118,28,1,1,2011-07-15 14:58:00,2011-07-15 14:58:00,United Kingdom,180.42,118.0,0,2,1,1,4,211,Regular Customers
14723,10,6,1120.66,671,192,6,5,2010-12-03 14:18:00,2011-11-29 15:23:00,United Kingdom,186.77666666666667,111.83333333333333,361,5,5,4,14,554,Champions
14725,25,1,655.58,588,45,1,1,2011-11-15 12:42:00,2011-11-15 12:42:00,United Kingdom,655.58,588.0,0,4,1,3,8,413,Recent Customers
14727,274,1,268.58,62,10,1,1,2011-03-10 14:45:00,2011-03-10 14:45:00,United Kingdom,268.58,62.0,0,1,1,2,4,112,Regular Customers
14729,374,1,313.49,197,69,1,1,2010-12-01 12:43:00,2010-12-01 12:43:00,United Kingdom,313.49,197.0,0,1,1,2,4,112,Regular Customers
14730,1,8,1897.57,1078,317,8,7,2011-03-08 12:49:00,2011-12-08 14:39:00,United Kingdom,237.19625,134.75,275,5,5,4,14,554,Champions
14731,47,3,380.02,256,38,3,3,2011-05-11 13:06:00,2011-10-23 15:54:00,United Kingdom,126.67333333333333,85.33333333333333,165,3,2,2,7,322,Regular Customers
14732,8,8,2702.4900000000002,1405,105,8,8,2011-01-04 14:40:00,2011-12-01 14:34:00,United Kingdom,337.81125000000003,175.625,330,5,5,5,15,555,Champions
14733,16,12,9585.91,3764,102,12,12,2010-12-07 11:30:00,2011-11-23 15:39:00,United Kingdom,798.8258333333333,313.6666666666667,351,4,5,5,14,455,Champions
14735,4,31,6050.6900000000005,2263,98,31,19,2010-12-16 16:05:00,2011-12-06 12:09:00,United Kingdom,195.18354838709678,73.0,354,5,5,5,15,555,Champions
14737,4,3,1164.55,345,15,3,3,2010-12-21 13:49:00,2011-12-06 10:16:00,United Kingdom,388.18333333333334,115.0,349,5,2,4,11,524,Big Spenders
14738,43,7,1314.45,601,39,7,7,2011-01-27 14:10:00,2011-10-28 08:56:00,United Kingdom,187.77857142857144,85.85714285714286,273,3,5,4,12,354,Loyal Customers
14739,4,7,3902.28,3820,47,7,7,2010-12-07 14:58:00,2011-12-05 16:54:00,United Kingdom,557.4685714285714,545.7142857142857,363,5,5,5,15,555,Champions
14740,197,3,1448.21,735,85,3,3,2011-03-01 08:35:00,2011-05-26 18:17:00,United Kingdom,482.7366666666667,245.0,86,1,2,4,7,124,Big Spenders
14741,12,6,1400.3400000000001,841,35,6,6,2010-12-02 08:43:00,2011-11-28 08:48:00,United Kingdom,233.39000000000001,140.16666666666666,361,5,5,4,14,554,Champions
14744,16,7,1099.98,627,21,7,6,2010-12-08 10:21:00,2011-11-23 12:51:00,United Kingdom,157.14000000000001,89.57142857142857,350,4,5,4,13,454,Champions
14745,113,5,1220.26,1038,46,5,4,2011-02-27 15:25:00,2011-08-19 10:05:00,United Kingdom,244.052,207.6,172,2,4,4,10,244,Loyal Customers
14747,249,1,328.2,84,18,1,1,2011-04-04 14:09:00,2011-04-04 14:09:00,United Kingdom,328.2,84.0,0,1,1,2,4,112,Regular Customers
14748,29,5,1415.75,1223,87,5,4,2010-12-06 10:19:00,2011-11-10 18:33:00,United Kingdom,283.15,244.6,339,4,4,4,12,444,Champions
14752,44,1,389.64000000000004,260,5,1,1,2011-10-27 11:55:00,2011-10-27 11:55:00,United Kingdom,389.64000000000004,260.0,0,3,1,2,6,312,Regular Customers
14753,87,1,563.15,211,30,1,1,2011-09-13 14:50:00,2011-09-13 14:50:00,United Kingdom,563.15,211.0,0,2,1,3,6,213,Regular Customers
14754,45,2,638.05,486,38,2,2,2011-02-17 12:21:00,2011-10-26 12:01:00,United Kingdom,319.025,243.0,250,3,1,3,7,313,Regular Customers
14755,10,11,5010.28,2219,128,11,11,2011-01-09 14:02:00,2011-11-30 11:24:00,United Kingdom,455.47999999999996,201.72727272727272,324,5,5,5,15,555,Champions
14756,15,1,738.96,416,38,1,1,2011-11-24 18:13:00,2011-11-24 18:13:00,United Kingdom,738.96,416.0,0,4,1,3,8,413,Recent Customers
14757,75,1,420.5,160,19,1,1,2011-09-25 14:36:00,2011-09-25 14:36:00,United Kingdom,420.5,160.0,0,2,1,2,5,212,Regular Customers
14758,145,4,1484.06,419,54,4,4,2011-03-25 12:10:00,2011-07-18 08:21:00,United Kingdom,371.015,104.75,114,2,4,4,10,244,Loyal Customers
14759,5,3,1625.97,569,92,3,3,2011-04-21 10:55:00,2011-12-05 12:03:00,United Kingdom,541.99,189.66666666666666,228,5,2,4,11,524,Big Spenders
14760,297,1,89.2,40,5,1,1,2011-02-15 16:27:00,2011-02-15 16:27:00,United Kingdom,89.2,40.0,0,1,1,1,3,111,Regular Customers
14761,59,2,255.9,118,11,2,2,2011-01-09 12:03:00,2011-10-12 12:10:00,United Kingdom,127.95,59.0,276,3,1,2,6,312,Regular Customers
14762,264,1,300.52,341,21,1,1,2011-03-21 08:20:00,2011-03-21 08:20:00,United Kingdom,300.52,341.0,0,1,1,2,4,112,Regular Customers
14764,47,1,278.3,190,6,1,1,2011-10-24 11:54:00,2011-10-24 11:54:00,United Kingdom,278.3,190.0,0,3,1,2,6,312,Regular Customers
14765,29,3,254.11,135,38,3,3,2011-06-16 19:49:00,2011-11-10 19:53:00,United Kingdom,84.70333333333333,45.0,147,4,2,2,8,422,Recent Customers
14766,8,6,2473.37,1349,111,6,6,2010-12-08 15:33:00,2011-12-01 16:05:00,United Kingdom,412.2283333333333,224.83333333333334,358,5,5,5,15,555,Champions
14768,17,2,192.60000000000002,52,4,2,2,2011-08-04 13:25:00,2011-11-22 12:54:00,United Kingdom,96.30000000000001,26.0,109,4,1,1,6,411,Recent Customers
14769,3,8,10415.33,7238,717,8,8,2010-12-17 11:40:00,2011-12-07 10:24:00,United Kingdom,1301.91625,904.75,354,5,5,5,15,555,Champions
14770,232,2,876.4200000000001,490,49,2,2,2011-01-20 15:00:00,2011-04-21 14:21:00,United Kingdom,438.21000000000004,245.0,90,1,1,3,5,113,Regular Customers
14772,112,1,139.26,82,9,1,1,2011-08-19 15:04:00,2011-08-19 15:04:00,United Kingdom,139.26,82.0,0,2,1,1,4,211,Regular Customers
14775,58,3,1011.9,1174,57,3,3,2010-12-02 16:38:00,2011-10-12 15:27:00,United Kingdom,337.3,391.3333333333333,313,3,2,4,9,324,Big Spenders
14776,51,11,2538.2999999999997,3134,44,11,9,2011-01-31 13:17:00,2011-10-19 15:34:00,United Kingdom,230.75454545454542,284.90909090909093,261,3,5,5,13,355,Loyal Customers
14778,127,2,730.86,306,34,2,2,2011-02-04 11:43:00,2011-08-04 15:23:00,United Kingdom,365.43,153.0,181,2,1,3,6,213,Regular Customers
14779,281,3,386.15,84,40,3,3,2011-01-20 12:04:00,2011-03-04 12:42:00,United Kingdom,128.71666666666667,28.0,43,1,2,2,5,122,At Risk
14780,55,2,447.68,310,26,2,2,2011-09-21 15:15:00,2011-10-16 12:46:00,United Kingdom,223.84,155.0,24,3,1,2,6,312,Regular Customers
14782,320,1,200.10000000000002,114,6,1,1,2011-01-24 11:12:00,2011-01-24 11:12:00,United Kingdom,200.10000000000002,114.0,0,1,1,1,3,111,Regular Customers
14784,26,2,289.99,237,15,2,2,2011-01-20 09:25:00,2011-11-13 13:30:00,United Kingdom,144.995,118.5,297,4,1,2,7,412,Recent Customers
14785,10,2,77.4,84,2,2,2,2011-11-24 13:40:00,2011-11-29 13:21:00,United Kingdom,38.7,42.0,4,5,1,1,7,511,Recent Customers
14788,7,2,679.44,421,26,2,2,2011-11-13 15:52:00,2011-12-02 17:06:00,United Kingdom,339.72,210.5,19,5,1,3,9,513,Recent Customers
14789,29,1,197.64,116,6,1,1,2011-11-11 08:59:00,2011-11-11 08:59:00,United Kingdom,197.64,116.0,0,4,1,1,6,411,Recent Customers
14790,17,4,745.06,699,30,4,4,2011-03-31 11:49:00,2011-11-23 09:28:00,United Kingdom,186.265,174.75,236,4,4,3,11,443,Loyal Customers
14792,64,1,6.2,2,2,1,1,2011-10-07 09:19:00,2011-10-07 09:19:00,United Kingdom,6.2,2.0,0,3,1,1,5,311,Regular Customers
14793,21,1,228.99,91,14,1,1,2011-11-18 14:50:00,2011-11-18 14:50:00,United Kingdom,228.99,91.0,0,4,1,1,6,411,Recent Customers
14794,3,7,1319.91,673,68,7,7,2011-01-09 16:11:00,2011-12-07 10:11:00,United Kingdom,188.55857142857144,96.14285714285714,331,5,5,4,14,554,Champions
14795,166,1,131.45000000000002,17,6,1,1,2011-06-26 13:04:00,2011-06-26 13:04:00,United Kingdom,131.45000000000002,17.0,0,2,1,1,4,211,Regular Customers
14796,1,17,7973.93,5991,402,17,17,2010-12-08 10:40:00,2011-12-08 15:31:00,United Kingdom,469.05470588235295,352.4117647058824,365,5,5,5,15,555,Champions
14798,53,3,173.74,150,11,3,3,2011-02-02 15:26:00,2011-10-18 10:58:00,United Kingdom,57.913333333333334,50.0,257,3,2,1,6,321,Regular Customers
14799,51,1,157.7,146,13,1,1,2011-10-19 16:16:00,2011-10-19 16:16:00,United Kingdom,157.7,146.0,0,3,1,1,5,311,Regular Customers
14800,48,12,4331.79,3644,246,12,12,2010-12-05 11:10:00,2011-10-23 12:46:00,United Kingdom,360.9825,303.6666666666667,322,3,5,5,13,355,Loyal Customers
14801,61,1,189.34,173,56,1,1,2011-10-09 15:24:00,2011-10-09 15:24:00,United Kingdom,189.34,173.0,0,3,1,1,5,311,Regular Customers
14803,162,3,845.5500000000001,370,35,3,3,2011-02-20 13:21:00,2011-06-30 13:58:00,United Kingdom,281.85,123.33333333333333,130,2,2,3,7,223,At Risk
14804,9,1,353.27,121,12,1,1,2011-12-01 11:20:00,2011-12-01 11:20:00,United Kingdom,353.27,121.0,0,5,1,2,8,512,Recent Customers
14805,15,4,546.4,114,30,4,4,2011-01-30 10:43:00,2011-11-24 16:20:00,United Kingdom,136.6,28.5,298,4,4,3,11,443,Loyal Customers
14806,75,1,193.39000000000001,330,11,1,1,2011-09-25 15:32:00,2011-09-25 15:32:00,United Kingdom,193.39000000000001,330.0,0,2,1,1,4,211,Regular Customers
14808,40,8,2718.6,2120,176,8,6,2011-06-20 12:53:00,2011-10-31 12:21:00,United Kingdom,339.825,265.0,132,3,5,5,13,355,Loyal Customers
14810,41,11,2085.33,1015,106,11,11,2010-12-05 12:08:00,2011-10-30 11:19:00,United Kingdom,189.57545454545453,92.27272727272727,328,3,5,5,13,355,Loyal Customers
14813,370,2,152.88,66,25,2,1,2010-12-05 11:54:00,2010-12-05 11:57:00,United Kingdom,76.44,33.0,0,1,1,1,3,111,Regular Customers
14815,37,2,778.5,744,53,2,2,2011-10-03 11:36:00,2011-11-03 11:36:00,United Kingdom,389.25,372.0,31,3,1,3,7,313,Regular Customers
14816,197,1,271.85,5,4,1,1,2011-05-26 13:16:00,2011-05-26 13:16:00,United Kingdom,271.85,5.0,0,1,1,2,4,112,Regular Customers
14817,200,2,1010.34,653,51,2,2,2011-03-07 13:51:00,2011-05-23 13:35:00,United Kingdom,505.17,326.5,76,1,1,4,6,114,Big Spenders
14818,74,3,657.8,324,41,3,3,2011-03-31 12:28:00,2011-09-27 11:01:00,United Kingdom,219.26666666666665,108.0,179,2,2,3,7,223,At Risk
14819,64,2,272.07,109,13,2,2,2011-05-31 13:50:00,2011-10-06 13:41:00,United Kingdom,136.035,54.5,127,3,1,2,6,312,Regular Customers
14820,21,4,507.29,253,24,4,4,2011-06-19 14:56:00,2011-11-18 15:41:00,United Kingdom,126.8225,63.25,152,4,4,3,11,443,Loyal Customers
14821,367,1,48.800000000000004,20,2,1,1,2010-12-08 08:43:00,2010-12-08 08:43:00,United Kingdom,48.800000000000004,20.0,0,1,1,1,3,111,Regular Customers
14823,180,3,321.43,88,56,3,2,2011-05-29 12:48:00,2011-06-12 13:12:00,United Kingdom,107.14333333333333,29.333333333333332,14,1,2,2,5,122,At Risk
14824,10,4,1127.71,525,19,4,4,2011-09-09 14:12:00,2011-11-29 14:20:00,United Kingdom,281.9275,131.25,81,5,4,4,13,544,Champions
14825,4,12,2221.01,989,82,12,12,2010-12-06 12:30:00,2011-12-06 11:38:00,United Kingdom,185.08416666666668,82.41666666666667,364,5,5,5,15,555,Champions
14828,197,3,2139.76,2172,17,3,3,2011-01-07 09:50:00,2011-05-27 10:16:00,United Kingdom,713.2533333333334,724.0,140,1,2,5,8,125,Big Spenders
14829,29,4,697.55,452,39,4,4,2010-12-02 16:12:00,2011-11-10 16:16:00,United Kingdom,174.3875,113.0,343,4,4,3,11,443,Loyal Customers
14830,53,1,188.03,163,38,1,1,2011-10-17 14:29:00,2011-10-17 14:29:00,United Kingdom,188.03,163.0,0,3,1,1,5,311,Regular Customers
14834,18,6,1720.3,734,43,6,6,2011-04-13 15:00:00,2011-11-22 10:30:00,United Kingdom,286.71666666666664,122.33333333333333,222,4,5,4,13,454,Champions
14836,10,3,102.45,45,5,3,3,2011-11-09 13:26:00,2011-11-29 16:45:00,United Kingdom,34.15,15.0,20,5,2,1,8,521,Recent Customers
14837,90,4,1649.5,1436,96,4,4,2011-05-22 12:49:00,2011-09-11 10:58:00,United Kingdom,412.375,359.0,111,2,4,4,10,244,Loyal Customers
14840,268,1,62.85,31,4,1,1,2011-03-17 12:00:00,2011-03-17 12:00:00,United Kingdom,62.85,31.0,0,1,1,1,3,111,Regular Customers
14841,53,6,3295.76,1778,103,6,6,2010-12-16 10:28:00,2011-10-17 15:03:00,United Kingdom,549.2933333333334,296.3333333333333,305,3,5,5,13,355,Loyal Customers
14842,44,4,2824.69,1166,128,4,4,2011-02-04 15:32:00,2011-10-27 12:37:00,United Kingdom,706.1725,291.5,264,3,4,5,12,345,Loyal Customers
14844,64,4,3189.81,1833,87,4,4,2011-04-12 13:10:00,2011-10-07 10:41:00,United Kingdom,797.4525,458.25,177,3,4,5,12,345,Loyal Customers
14847,149,1,309.40000000000003,120,13,1,1,2011-07-14 10:52:00,2011-07-14 10:52:00,United Kingdom,309.40000000000003,120.0,0,2,1,2,5,212,Regular Customers
14849,22,25,7930.54,5694,159,25,13,2010-12-01 12:22:00,2011-11-18 10:58:00,United Kingdom,317.2216,227.76,351,4,5,5,14,455,Champions
14850,312,1,325.75,293,21,1,1,2011-02-01 11:21:00,2011-02-01 11:21:00,United Kingdom,325.75,293.0,0,1,1,2,4,112,Regular Customers
14851,23,2,511.35,325,28,2,2,2011-03-28 14:59:00,2011-11-16 14:20:00,United Kingdom,255.675,162.5,232,4,1,3,8,413,Recent Customers
14852,58,6,2836.69,1747,96,6,5,2011-04-01 13:22:00,2011-10-12 13:20:00,United Kingdom,472.7816666666667,291.1666666666667,193,3,5,5,13,355,Loyal Customers
14853,24,2,475.8,82,8,2,2,2011-05-12 15:17:00,2011-11-15 16:56:00,United Kingdom,237.9,41.0,187,4,1,2,7,412,Recent Customers
14854,78,7,2740.03,1820,110,7,7,2011-03-10 12:22:00,2011-09-22 17:00:00,United Kingdom,391.4328571428572,260.0,196,2,5,5,12,255,Loyal Customers
14855,119,2,645.65,267,13,2,2,2011-07-28 12:06:00,2011-08-12 14:02:00,United Kingdom,322.825,133.5,15,2,1,3,6,213,Regular Customers
14856,36,3,1290.53,711,65,3,2,2011-10-14 09:35:00,2011-11-03 14:53:00,United Kingdom,430.1766666666667,237.0,20,3,2,4,9,324,Big Spenders
14857,60,2,1173.1200000000001,464,58,2,2,2011-07-14 15:03:00,2011-10-11 09:23:00,United Kingdom,586.5600000000001,232.0,88,3,1,4,8,314,Big Spenders
14859,13,4,1353.74,671,47,4,3,2011-05-19 14:42:00,2011-11-27 11:18:00,United Kingdom,338.435,167.75,191,5,4,4,13,544,Champions
14860,19,1,170.32,232,11,1,1,2011-11-20 14:17:00,2011-11-20 14:17:00,United Kingdom,170.32,232.0,0,4,1,1,6,411,Recent Customers
14861,52,1,125.79,117,6,1,1,2011-10-18 12:54:00,2011-10-18 12:54:00,United Kingdom,125.79,117.0,0,3,1,1,5,311,Regular Customers
14862,26,2,841.2,772,47,2,2,2011-07-14 11:20:00,2011-11-14 10:01:00,United Kingdom,420.6,386.0,122,4,1,3,8,413,Recent Customers
14863,29,1,266.76,132,11,1,1,2011-11-10 15:04:00,2011-11-10 15:04:00,United Kingdom,266.76,132.0,0,4,1,2,7,412,Recent Customers
14865,7,2,52.2,108,4,2,2,2010-12-02 18:23:00,2011-12-02 16:25:00,United Kingdom,26.1,54.0,364,5,1,1,7,511,Recent Customers
14866,11,11,14353.4,6751,29,11,10,2010-12-08 14:58:00,2011-11-29 11:45:00,United Kingdom,1304.8545454545454,613.7272727272727,355,5,5,5,15,555,Champions
14867,186,3,710.28,328,31,3,3,2011-01-07 16:34:00,2011-06-07 11:39:00,United Kingdom,236.76,109.33333333333333,150,1,2,3,6,123,At Risk
14868,3,8,2953.59,1405,96,8,7,2011-04-20 13:36:00,2011-12-06 14:49:00,United Kingdom,369.19875,175.625,230,5,5,5,15,555,Champions
14869,9,2,721.45,549,66,2,2,2011-08-28 16:09:00,2011-12-01 12:36:00,United Kingdom,360.725,274.5,94,5,1,3,9,513,Recent Customers
14870,262,1,327.25,119,13,1,1,2011-03-23 10:51:00,2011-03-23 10:51:00,United Kingdom,327.25,119.0,0,1,1,2,4,112,Regular Customers
14871,3,4,501.28000000000003,179,68,4,4,2010-12-14 12:18:00,2011-12-06 13:42:00,United Kingdom,125.32000000000001,44.75,357,5,4,3,12,543,Loyal Customers
14873,210,1,519.68,168,28,1,1,2011-05-13 13:52:00,2011-05-13 13:52:00,United Kingdom,519.68,168.0,0,1,1,3,5,113,Regular Customers
14875,108,2,1465.32,558,46,2,2,2011-03-22 11:53:00,2011-08-24 12:20:00,United Kingdom,732.66,279.0,155,2,1,4,7,214,Big Spenders
14878,13,9,1476.09,799,62,9,9,2010-12-16 12:11:00,2011-11-27 11:15:00,United Kingdom,164.01,88.77777777777777,345,5,5,4,14,554,Champions
14880,77,3,690.59,365,45,3,3,2011-02-24 12:27:00,2011-09-23 13:42:00,United Kingdom,230.1966666666667,121.66666666666667,211,2,2,3,7,223,At Risk
14881,20,1,255.4,316,17,1,1,2011-11-20 11:06:00,2011-11-20 11:06:00,United Kingdom,255.4,316.0,0,4,1,2,7,412,Recent Customers
14882,27,2,589.7,158,6,2,2,2011-11-06 10:15:00,2011-11-13 12:47:00,United Kingdom,294.85,79.0,7,4,1,3,8,413,Recent Customers
14883,19,6,761.59,790,39,6,5,2011-05-12 09:49:00,2011-11-21 10:23:00,United Kingdom,126.93166666666667,131.66666666666666,193,4,5,3,12,453,Loyal Customers
14885,132,1,765.3199999999999,724,15,1,1,2011-07-31 12:05:00,2011-07-31 12:05:00,United Kingdom,765.3199999999999,724.0,0,2,1,3,6,213,Regular Customers
14886,253,1,364.8,160,18,1,1,2011-04-01 08:56:00,2011-04-01 08:56:00,United Kingdom,364.8,160.0,0,1,1,2,4,112,Regular Customers
14887,79,1,1862.0,1100,6,1,1,2011-09-21 15:32:00,2011-09-21 15:32:00,United Kingdom,1862.0,1100.0,0,2,1,4,7,214,Big Spenders
14888,207,1,369.2,184,20,1,1,2011-05-16 14:58:00,2011-05-16 14:58:00,United Kingdom,369.2,184.0,0,1,1,2,4,112,Regular Customers
14889,336,1,135.9,90,10,1,1,2011-01-07 15:19:00,2011-01-07 15:19:00,United Kingdom,135.9,90.0,0,1,1,1,3,111,Regular Customers
14890,254,1,125.65,51,7,1,1,2011-03-31 11:57:00,2011-03-31 11:57:00,United Kingdom,125.65,51.0,0,1,1,1,3,111,Regular Customers
14891,148,2,554.38,505,30,2,2,2011-06-05 10:58:00,2011-07-14 18:08:00,United Kingdom,277.19,252.5,39,2,1,3,6,213,Regular Customers
14893,10,2,1237.8500000000001,799,72,2,2,2011-11-28 10:49:00,2011-11-30 12:31:00,United Kingdom,618.9250000000001,399.5,2,5,1,4,10,514,Big Spenders
14894,85,1,655.75,265,23,1,1,2011-09-15 13:51:00,2011-09-15 13:51:00,United Kingdom,655.75,265.0,0,2,1,3,6,213,Regular Customers
14895,8,20,11138.710000000001,4851,273,20,11,2011-02-22 13:08:00,2011-12-02 09:23:00,United Kingdom,556.9355,242.55,282,5,5,5,15,555,Champions
14896,205,2,468.77000000000004,279,43,2,2,2010-12-09 12:24:00,2011-05-19 10:20:00,United Kingdom,234.38500000000002,139.5,160,1,1,2,4,112,Regular Customers
14897,8,4,1366.38,468,43,4,4,2011-02-16 08:37:00,2011-12-02 10:32:00,United Kingdom,341.595,117.0,289,5,4,4,13,544,Champions
14898,23,6,1269.31,1001,86,6,6,2010-12-03 15:25:00,2011-11-16 14:54:00,United Kingdom,211.55166666666665,166.83333333333334,347,4,5,4,13,454,Champions
14901,11,9,1421.29,661,73,9,9,2010-12-02 11:20:00,2011-11-28 17:09:00,United Kingdom,157.92111111111112,73.44444444444444,361,5,5,4,14,554,Champions
14902,26,1,332.66,218,20,1,1,2011-11-14 10:34:00,2011-11-14 10:34:00,United Kingdom,332.66,218.0,0,4,1,2,7,412,Recent Customers
14903,21,5,2795.33,1531,227,5,5,2011-03-06 11:50:00,2011-11-18 16:07:00,United Kingdom,559.066,306.2,257,4,4,5,13,445,Champions
14904,2,2,1025.44,1985,66,2,2,2011-11-14 09:13:00,2011-12-07 12:55:00,United Kingdom,512.72,992.5,23,5,1,4,10,514,Big Spenders
14905,158,2,616.15,287,14,2,2,2011-04-20 10:48:00,2011-07-05 12:41:00,United Kingdom,308.075,143.5,76,2,1,3,6,213,Regular Customers
14907,3,7,3501.1,1691,125,7,6,2010-12-07 10:14:00,2011-12-06 14:14:00,United Kingdom,500.15714285714284,241.57142857142858,364,5,5,5,15,555,Champions
14908,74,1,277.8,132,9,1,1,2011-09-26 12:56:00,2011-09-26 12:56:00,United Kingdom,277.8,132.0,0,2,1,2,5,212,Regular Customers
14910,3,4,434.35,238,25,4,4,2011-10-16 11:06:00,2011-12-07 10:06:00,United Kingdom,108.5875,59.5,51,5,4,2,11,542,Regular Customers
14911,1,198,136161.83,80154,1785,198,130,2010-12-01 14:05:00,2011-12-08 15:54:00,EIRE,687.6860101010101,404.8181818181818,372,5,5,5,15,555,Champions
14912,17,2,867.85,971,21,2,2,2011-04-07 11:06:00,2011-11-23 09:20:00,Italy,433.925,485.5,229,4,1,3,8,413,Recent Customers
14913,36,4,1227.43,1743,76,4,4,2010-12-15 14:35:00,2011-11-04 08:29:00,United Kingdom,306.8575,435.75,323,3,4,4,11,344,Loyal Customers
14915,91,2,307.48,112,12,2,2,2011-03-07 09:39:00,2011-09-09 13:34:00,United Kingdom,153.74,56.0,186,2,1,2,5,212,Regular Customers
14916,71,4,1268.98,1136,72,4,4,2011-01-19 15:30:00,2011-09-30 09:20:00,United Kingdom,317.245,284.0,253,3,4,4,11,344,Loyal Customers
14918,116,2,1610.15,675,39,2,2,2011-07-08 12:50:00,2011-08-16 11:50:00,United Kingdom,805.075,337.5,38,2,1,4,7,214,Big Spenders
14920,213,2,977.77,509,57,2,1,2011-05-11 10:31:00,2011-05-11 10:32:00,United Kingdom,488.885,254.5,0,1,1,4,6,114,Big Spenders
14921,30,2,1316.07,953,78,2,2,2011-05-22 12:51:00,2011-11-09 13:17:00,United Kingdom,658.035,476.5,171,4,1,4,9,414,Big Spenders
14923,51,1,749.1,418,44,1,1,2011-10-20 11:51:00,2011-10-20 11:51:00,United Kingdom,749.1,418.0,0,3,1,3,7,313,Regular Customers
14924,246,1,310.05,64,10,1,1,2011-04-08 09:25:00,2011-04-08 09:25:00,United Kingdom,310.05,64.0,0,1,1,2,4,112,Regular Customers
14929,32,1,223.88,136,11,1,1,2011-11-07 17:21:00,2011-11-07 17:21:00,United Kingdom,223.88,136.0,0,4,1,1,6,411,Recent Customers
14930,109,3,2362.96,1160,116,3,2,2011-03-10 14:42:00,2011-08-23 10:31:00,Channel Islands,787.6533333333333,386.6666666666667,165,2,2,5,9,225,Big Spenders
14931,5,4,864.6800000000001,414,28,4,4,2011-04-13 09:32:00,2011-12-05 10:19:00,Channel Islands,216.17000000000002,103.5,236,5,4,3,12,543,Loyal Customers
14932,366,1,313.53,79,16,1,1,2010-12-09 11:48:00,2010-12-09 11:48:00,Channel Islands,313.53,79.0,0,1,1,2,4,112,Regular Customers
14934,82,2,1890.94,1042,68,2,2,2011-03-02 11:48:00,2011-09-19 10:10:00,Channel Islands,945.47,521.0,200,2,1,4,7,214,Big Spenders
14935,297,1,1784.71,935,10,1,1,2011-02-15 14:44:00,2011-02-15 14:44:00,Channel Islands,1784.71,935.0,0,1,1,4,6,114,Big Spenders
14936,34,8,8137.02,4085,210,8,5,2011-03-09 11:53:00,2011-11-06 10:30:00,Channel Islands,1017.1275,510.625,241,3,5,5,13,355,Loyal Customers
14937,57,3,1621.88,484,33,3,2,2011-08-01 14:16:00,2011-10-14 12:29:00,Channel Islands,540.6266666666667,161.33333333333334,73,3,2,4,9,324,Big Spenders
14944,30,12,5900.25,2815,101,12,7,2011-02-16 12:47:00,2011-11-10 09:10:00,United Kingdom,491.6875,234.58333333333334,266,4,5,5,14,455,Champions
14946,14,1,100.9,22,3,1,1,2011-11-25 13:33:00,2011-11-25 13:33:00,United Kingdom,100.9,22.0,0,5,1,1,7,511,Recent Customers
14947,72,2,290.82,179,14,2,2,2011-08-01 09:31:00,2011-09-28 15:48:00,United Kingdom,145.41,89.5,58,3,1,2,6,312,Regular Customers
14948,23,6,1101.97,673,56,6,6,2011-05-04 14:52:00,2011-11-16 17:16:00,United Kingdom,183.66166666666666,112.16666666666667,196,4,5,4,13,454,Champions
14950,19,1,371.2,136,19,1,1,2011-11-20 13:48:00,2011-11-20 13:48:00,United Kingdom,371.2,136.0,0,4,1,2,7,412,Recent Customers
14951,79,1,311.69,311,20,1,1,2011-09-21 15:15:00,2011-09-21 15:15:00,United Kingdom,311.69,311.0,0,2,1,2,5,212,Regular Customers
14952,60,11,8099.49,3355,117,11,8,2010-12-10 12:48:00,2011-10-11 10:33:00,United Kingdom,736.3172727272727,305.0,304,3,5,5,13,355,Loyal Customers
14953,25,1,285.67,224,54,1,1,2011-11-14 14:59:00,2011-11-14 14:59:00,United Kingdom,285.67,224.0,0,4,1,2,7,412,Recent Customers
14954,12,1,294.85,117,75,1,1,2011-11-27 14:30:00,2011-11-27 14:30:00,United Kingdom,294.85,117.0,0,5,1,2,8,512,Recent Customers
14957,253,1,58.49,34,12,1,1,2011-03-31 17:59:00,2011-03-31 17:59:00,United Kingdom,58.49,34.0,0,1,1,1,3,111,Regular Customers
14958,147,3,483.73,128,33,3,3,2011-04-08 11:28:00,2011-07-15 14:20:00,United Kingdom,161.24333333333334,42.666666666666664,98,2,2,3,7,223,At Risk
14959,64,4,695.42,494,37,4,4,2011-02-16 13:00:00,2011-10-06 18:23:00,United Kingdom,173.855,123.5,232,3,4,3,10,343,Loyal Customers
14960,8,2,221.27,221,23,2,2,2011-06-21 13:38:00,2011-12-01 12:54:00,United Kingdom,110.635,110.5,162,5,1,1,7,511,Recent Customers
14961,11,9,7044.68,3708,193,9,8,2010-12-14 11:38:00,2011-11-29 09:42:00,United Kingdom,782.7422222222223,412.0,349,5,5,5,15,555,Champions
14962,271,1,126.7,44,5,1,1,2011-03-14 09:42:00,2011-03-14 09:42:00,United Kingdom,126.7,44.0,0,1,1,1,3,111,Regular Customers
14963,10,5,1472.34,1159,149,5,5,2011-06-09 12:30:00,2011-11-30 12:16:00,United Kingdom,294.46799999999996,231.8,173,5,4,4,13,544,Champions
14964,247,1,206.21,143,13,1,1,2011-04-06 14:13:00,2011-04-06 14:13:00,United Kingdom,206.21,143.0,0,1,1,1,3,111,Regular Customers
14965,96,2,596.09,363,80,2,1,2011-09-04 13:15:00,2011-09-04 13:20:00,United Kingdom,298.045,181.5,0,2,1,3,6,213,Regular Customers
14966,15,1,183.02,179,35,1,1,2011-11-25 12:20:00,2011-11-25 12:20:00,United Kingdom,183.02,179.0,0,4,1,1,6,411,Recent Customers
14967,50,1,463.8,140,6,1,1,2011-10-21 11:06:00,2011-10-21 11:06:00,United Kingdom,463.8,140.0,0,3,1,2,6,312,Regular Customers
14968,30,1,147.59,127,37,1,1,2011-11-09 13:58:00,2011-11-09 13:58:00,United Kingdom,147.59,127.0,0,4,1,1,6,411,Recent Customers
14970,68,4,1592.06,250,24,4,4,2011-01-27 12:23:00,2011-10-02 13:44:00,United Kingdom,398.015,62.5,248,3,4,4,11,344,Loyal Customers
14971,35,3,1097.98,639,144,3,2,2011-10-27 13:33:00,2011-11-04 17:07:00,United Kingdom,365.99333333333334,213.0,8,3,2,4,9,324,Big Spenders
14972,128,1,114.77,28,18,1,1,2011-08-03 14:54:00,2011-08-03 14:54:00,United Kingdom,114.77,28.0,0,2,1,1,4,211,Regular Customers
14973,107,3,1314.45,369,29,3,3,2011-04-28 12:22:00,2011-08-24 15:51:00,United Kingdom,438.15000000000003,123.0,118,2,2,4,8,224,Big Spenders
14974,37,1,89.94,37,17,1,1,2011-11-02 13:01:00,2011-11-02 13:01:00,United Kingdom,89.94,37.0,0,3,1,1,5,311,Regular Customers
14975,57,1,279.94,380,11,1,1,2011-10-13 14:08:00,2011-10-13 14:08:00,United Kingdom,279.94,380.0,0,3,1,2,6,312,Regular Customers
14976,57,6,774.86,232,45,6,5,2011-01-17 11:09:00,2011-10-13 16:33:00,United Kingdom,129.14333333333335,38.666666666666664,269,3,5,3,11,353,Loyal Customers
14978,72,5,1921.3700000000001,523,136,5,5,2011-01-13 12:03:00,2011-09-28 13:07:00,United Kingdom,384.274,104.6,258,3,4,4,11,344,Loyal Customers
14981,246,1,102.12,97,8,1,1,2011-04-07 13:45:00,2011-04-07 13:45:00,United Kingdom,102.12,97.0,0,1,1,1,3,111,Regular Customers
14984,19,2,202.37,58,37,2,2,2011-06-12 11:04:00,2011-11-20 14:28:00,United Kingdom,101.185,29.0,161,4,1,1,6,411,Recent Customers
14985,198,2,292.01,256,78,2,2,2010-12-16 19:51:00,2011-05-25 14:29:00,United Kingdom,146.005,128.0,159,1,1,2,4,112,Regular Customers
14987,16,2,326.4,128,2,2,2,2010-12-09 12:13:00,2011-11-24 09:59:00,United Kingdom,163.2,64.0,349,4,1,2,7,412,Recent Customers
14988,212,1,334.54,141,40,1,1,2011-05-12 12:05:00,2011-05-12 12:05:00,United Kingdom,334.54,141.0,0,1,1,2,4,112,Regular Customers
14995,39,2,231.98000000000002,102,53,2,2,2011-03-04 13:14:00,2011-11-01 11:39:00,United Kingdom,115.99000000000001,51.0,241,3,1,1,5,311,Regular Customers
14997,46,3,546.1999999999999,1120,25,3,3,2011-06-14 16:52:00,2011-10-24 13:28:00,United Kingdom,182.06666666666663,373.3333333333333,131,3,2,3,8,323,Regular Customers
14998,170,2,414.87,258,70,2,2,2011-04-12 16:28:00,2011-06-22 17:30:00,United Kingdom,207.435,129.0,71,2,1,2,5,212,Regular Customers
15000,48,1,490.52,218,76,1,1,2011-10-23 11:42:00,2011-10-23 11:42:00,United Kingdom,490.52,218.0,0,3,1,3,7,313,Regular Customers
15002,116,4,1641.76,862,93,4,4,2010-12-07 13:16:00,2011-08-16 10:44:00,United Kingdom,410.44,215.5,251,2,4,4,10,244,Loyal Customers
15004,147,1,1220.38,622,153,1,1,2011-07-15 14:05:00,2011-07-15 14:05:00,United Kingdom,1220.38,622.0,0,2,1,4,7,214,Big Spenders
15005,16,28,6293.67,4228,359,28,28,2010-12-08 14:36:00,2011-11-24 12:25:00,United Kingdom,224.77392857142857,151.0,350,4,5,5,14,455,Champions
15006,51,1,475.43,285,120,1,1,2011-10-19 15:08:00,2011-10-19 15:08:00,United Kingdom,475.43,285.0,0,3,1,2,6,312,Regular Customers
15007,159,1,156.91,69,12,1,1,2011-07-03 16:00:00,2011-07-03 16:00:00,United Kingdom,156.91,69.0,0,2,1,1,4,211,Regular Customers
15009,12,3,1259.43,639,148,3,3,2011-11-14 17:40:00,2011-11-27 13:35:00,United Kingdom,419.81,213.0,12,5,2,4,11,524,Big Spenders
15010,36,1,308.94,184,20,1,1,2011-11-04 12:42:00,2011-11-04 12:42:00,United Kingdom,308.94,184.0,0,3,1,2,6,312,Regular Customers
15012,54,2,405.04,225,110,2,2,2010-12-01 12:49:00,2011-10-17 12:22:00,United Kingdom,202.52,112.5,319,3,1,2,6,312,Regular Customers
15014,43,2,257.67,149,29,2,2,2011-06-16 19:40:00,2011-10-27 20:07:00,United Kingdom,128.835,74.5,133,3,1,2,6,312,Regular Customers
15016,173,1,170.04,76,20,1,1,2011-06-20 12:06:00,2011-06-20 12:06:00,United Kingdom,170.04,76.0,0,2,1,1,4,211,Regular Customers
15017,34,1,125.58,63,20,1,1,2011-11-06 10:33:00,2011-11-06 10:33:00,United Kingdom,125.58,63.0,0,3,1,1,5,311,Regular Customers
15018,39,3,496.21,189,30,3,3,2010-12-07 10:47:00,2011-11-01 12:47:00,United Kingdom,165.40333333333334,63.0,329,3,2,3,8,323,Regular Customers
15019,267,1,252.81,150,64,1,1,2011-03-18 12:35:00,2011-03-18 12:35:00,United Kingdom,252.81,150.0,0,1,1,2,4,112,Regular Customers
15021,9,9,1871.77,819,287,9,8,2010-12-08 12:17:00,2011-12-01 11:53:00,United Kingdom,207.97444444444443,91.0,357,5,5,4,14,554,Champions
15022,12,4,852.39,527,96,4,3,2011-10-23 15:47:00,2011-11-28 12:35:00,United Kingdom,213.0975,131.75,35,5,4,3,12,543,Loyal Customers
15023,3,11,6701.51,2818,346,11,11,2010-12-05 13:49:00,2011-12-06 17:23:00,United Kingdom,609.2281818181818,256.1818181818182,366,5,5,5,15,555,Champions
15024,10,10,1636.43,902,105,10,7,2010-12-07 13:20:00,2011-11-30 12:06:00,United Kingdom,163.643,90.2,357,5,5,4,14,554,Champions
15025,33,1,361.96,184,66,1,1,2011-11-06 15:20:00,2011-11-06 15:20:00,United Kingdom,361.96,184.0,0,4,1,2,7,412,Recent Customers
15026,80,3,464.2,225,56,3,3,2011-03-07 13:45:00,2011-09-20 13:52:00,United Kingdom,154.73333333333332,75.0,197,2,2,2,6,222,At Risk
15027,31,4,1066.15,565,30,4,4,2011-04-15 14:14:00,2011-11-09 10:16:00,United Kingdom,266.5375,141.25,207,4,4,4,12,444,Champions
15028,8,4,627.13,459,35,4,3,2010-12-06 12:47:00,2011-12-01 14:06:00,United Kingdom,156.7825,114.75,360,5,4,3,12,543,Loyal Customers
15030,72,2,518.28,372,7,2,2,2011-03-16 15:34:00,2011-09-29 10:50:00,United Kingdom,259.14,186.0,196,3,1,3,7,313,Regular Customers
15031,4,4,653.19,400,74,4,4,2011-03-02 14:46:00,2011-12-05 14:19:00,United Kingdom,163.2975,100.0,277,5,4,3,12,543,Loyal Customers
15032,256,3,4959.1,2968,29,3,2,2010-12-08 12:57:00,2011-03-28 15:03:00,United Kingdom,1653.0333333333335,989.3333333333334,110,1,2,5,8,125,Big Spenders
15033,5,10,2553.88,1670,314,10,10,2011-01-14 13:28:00,2011-12-05 12:40:00,United Kingdom,255.388,167.0,324,5,5,5,15,555,Champions
15034,16,8,4274.16,2413,299,8,7,2010-12-21 09:47:00,2011-11-24 12:11:00,United Kingdom,534.27,301.625,338,4,5,5,14,455,Champions
15035,90,1,252.73000000000002,245,26,1,1,2011-09-11 11:08:00,2011-09-11 11:08:00,United Kingdom,252.73000000000002,245.0,0,2,1,2,5,212,Regular Customers
15036,72,3,429.56,316,107,3,3,2011-06-13 12:19:00,2011-09-28 15:42:00,United Kingdom,143.18666666666667,105.33333333333333,107,3,2,2,7,322,Regular Customers
15038,59,6,685.74,212,105,6,6,2010-12-05 10:54:00,2011-10-12 11:33:00,United Kingdom,114.29,35.333333333333336,311,3,5,3,11,353,Loyal Customers
15039,10,47,19766.59,9131,408,47,42,2010-12-06 11:26:00,2011-11-30 11:31:00,United Kingdom,420.5657446808511,194.27659574468086,359,5,5,5,15,555,Champions
15041,170,1,179.93,103,66,1,1,2011-06-22 16:16:00,2011-06-22 16:16:00,United Kingdom,179.93,103.0,0,2,1,1,4,211,Regular Customers
15042,199,1,135.93,30,5,1,1,2011-05-24 16:25:00,2011-05-24 16:25:00,United Kingdom,135.93,30.0,0,1,1,1,3,111,Regular Customers
15043,31,1,537.0,300,3,1,1,2011-11-08 14:26:00,2011-11-08 14:26:00,United Kingdom,537.0,300.0,0,4,1,3,8,413,Recent Customers
15044,19,17,7634.7300000000005,2785,233,17,15,2010-12-12 14:27:00,2011-11-20 13:20:00,United Kingdom,449.1017647058824,163.8235294117647,342,4,5,5,14,455,Champions
15045,152,2,735.66,114,11,2,2,2011-03-27 11:44:00,2011-07-11 11:33:00,United Kingdom,367.83,57.0,105,2,1,3,6,213,Regular Customers
15046,9,15,5071.47,3371,146,15,15,2011-01-05 15:30:00,2011-11-30 15:50:00,United Kingdom,338.098,224.73333333333332,329,5,5,5,15,555,Champions
15047,270,1,343.62,222,22,1,1,2011-03-15 10:49:00,2011-03-15 10:49:00,United Kingdom,343.62,222.0,0,1,1,2,4,112,Regular Customers
15048,65,4,381.0,192,86,4,4,2010-12-06 12:15:00,2011-10-05 14:55:00,United Kingdom,95.25,48.0,303,3,4,2,9,342,Regular Customers
15049,274,1,121.17000000000002,63,3,1,1,2011-03-11 12:13:00,2011-03-11 12:13:00,United Kingdom,121.17000000000002,63.0,0,1,1,1,3,111,Regular Customers
15050,25,3,1737.69,1216,68,3,2,2011-09-29 13:22:00,2011-11-14 16:17:00,United Kingdom,579.23,405.3333333333333,46,4,2,4,10,424,Big Spenders
15051,23,3,1383.36,1010,130,3,3,2011-07-12 15:29:00,2011-11-16 15:38:00,United Kingdom,461.11999999999995,336.6666666666667,127,4,2,4,10,424,Big Spenders
15052,319,1,207.73000000000002,79,27,1,1,2011-01-24 15:52:00,2011-01-24 15:52:00,United Kingdom,207.73000000000002,79.0,0,1,1,1,3,111,Regular Customers
15053,5,3,693.95,984,49,3,3,2011-03-03 12:06:00,2011-12-05 12:08:00,United Kingdom,231.3166666666667,328.0,277,5,2,3,10,523,Recent Customers
15054,12,2,302.1,198,105,2,2,2011-10-30 14:33:00,2011-11-27 15:02:00,United Kingdom,151.05,99.0,28,5,1,2,8,512,Recent Customers
15057,275,2,1489.5,668,25,2,2,2011-01-28 09:09:00,2011-03-09 15:17:00,United Kingdom,744.75,334.0,40,1,1,4,6,114,Big Spenders
15058,25,11,2102.54,1054,199,11,8,2011-01-31 15:35:00,2011-11-14 14:57:00,United Kingdom,191.14,95.81818181818181,286,4,5,5,14,455,Champions
15059,41,9,1337.72,604,161,9,7,2011-01-09 11:54:00,2011-10-30 11:35:00,United Kingdom,148.63555555555556,67.11111111111111,293,3,5,4,12,354,Loyal Customers
15060,8,4,293.0,256,80,4,2,2011-11-30 14:03:00,2011-12-01 13:47:00,United Kingdom,73.25,64.0,0,5,4,2,11,542,Regular Customers
15061,4,48,54534.14,28920,70,48,29,2010-12-02 15:19:00,2011-12-06 12:06:00,United Kingdom,1136.1279166666666,602.5,368,5,5,5,15,555,Champions
15062,71,4,987.86,763,47,4,4,2010-12-15 15:37:00,2011-09-29 16:51:00,United Kingdom,246.965,190.75,288,3,4,4,11,344,Loyal Customers
15063,213,1,370.79999999999995,56,5,1,1,2011-05-10 13:25:00,2011-05-10 13:25:00,United Kingdom,370.79999999999995,56.0,0,1,1,2,4,112,Regular Customers
15065,38,4,3158.13,1383,148,4,4,2011-02-21 12:54:00,2011-11-02 09:45:00,United Kingdom,789.5325,345.75,253,3,4,5,12,345,Loyal Customers
15066,53,1,893.59,317,42,1,1,2011-10-17 13:25:00,2011-10-17 13:25:00,United Kingdom,893.59,317.0,0,3,1,3,7,313,Regular Customers
15067,78,3,1744.76,954,82,3,2,2011-03-02 12:10:00,2011-09-22 13:20:00,United Kingdom,581.5866666666667,318.0,204,2,2,4,8,224,Big Spenders
15068,46,2,553.36,364,96,2,2,2011-03-28 14:27:00,2011-10-24 14:47:00,United Kingdom,276.68,182.0,210,3,1,3,7,313,Regular Customers
15069,179,1,1109.53,520,70,1,1,2011-06-13 14:16:00,2011-06-13 14:16:00,United Kingdom,1109.53,520.0,0,2,1,4,7,214,Big Spenders
15070,373,1,106.2,36,1,1,1,2010-12-02 11:23:00,2010-12-02 11:23:00,United Kingdom,106.2,36.0,0,1,1,1,3,111,Regular Customers
15071,94,2,982.07,269,25,2,2,2011-03-09 10:19:00,2011-09-07 11:43:00,United Kingdom,491.035,134.5,182,2,1,4,7,214,Big Spenders
15073,10,3,1043.41,491,31,3,3,2011-06-06 09:59:00,2011-11-30 10:44:00,United Kingdom,347.80333333333334,163.66666666666666,177,5,2,4,11,524,Big Spenders
15074,105,1,735.67,431,41,1,1,2011-08-26 14:45:00,2011-08-26 14:45:00,United Kingdom,735.67,431.0,0,2,1,3,6,213,Regular Customers
15075,78,1,773.03,447,27,1,1,2011-09-23 12:27:00,2011-09-23 12:27:00,United Kingdom,773.03,447.0,0,2,1,3,6,213,Regular Customers
15076,173,1,880.85,571,49,1,1,2011-06-20 08:23:00,2011-06-20 08:23:00,United Kingdom,880.85,571.0,0,2,1,3,6,213,Regular Customers
15078,7,32,9743.11,5105,97,32,20,2010-12-06 12:38:00,2011-12-02 15:41:00,United Kingdom,304.4721875,159.53125,361,5,5,5,15,555,Champions
15079,213,4,895.61,389,46,4,3,2010-12-09 09:25:00,2011-05-11 12:45:00,United Kingdom,223.9025,97.25,153,1,4,3,8,143,Loyal Customers
15081,22,5,504.8,190,26,5,5,2010-12-07 16:20:00,2011-11-17 17:08:00,United Kingdom,100.96000000000001,38.0,345,4,4,3,11,443,Loyal Customers
15083,257,1,88.2,38,5,1,1,2011-03-28 12:18:00,2011-03-28 12:18:00,United Kingdom,88.2,38.0,0,1,1,1,3,111,Regular Customers
15087,282,1,306.94,470,15,1,1,2011-03-03 10:34:00,2011-03-03 10:34:00,United Kingdom,306.94,470.0,0,1,1,2,4,112,Regular Customers
15088,21,2,1160.07,460,53,2,2,2011-10-03 14:05:00,2011-11-18 13:14:00,United Kingdom,580.035,230.0,45,4,1,4,9,414,Big Spenders
15089,10,6,2420.84,1359,139,6,6,2011-08-03 14:14:00,2011-11-29 16:31:00,United Kingdom,403.47333333333336,226.5,118,5,5,5,15,555,Champions
15090,308,1,381.32,208,23,1,1,2011-02-04 14:03:00,2011-02-04 14:03:00,United Kingdom,381.32,208.0,0,1,1,2,4,112,Regular Customers
15091,68,1,480.71,346,30,1,1,2011-10-03 12:47:00,2011-10-03 12:47:00,United Kingdom,480.71,346.0,0,3,1,2,6,312,Regular Customers
15092,215,2,457.81,135,23,2,2,2011-03-01 12:24:00,2011-05-08 14:10:00,United Kingdom,228.905,67.5,68,1,1,2,4,112,Regular Customers
15093,18,6,4597.02,3760,52,6,6,2010-12-02 18:25:00,2011-11-21 13:09:00,United Kingdom,766.1700000000001,626.6666666666666,353,4,5,5,14,455,Champions
15095,104,4,1370.6000000000001,1079,30,4,3,2011-05-20 14:27:00,2011-08-28 12:01:00,United Kingdom,342.65000000000003,269.75,99,2,4,4,10,244,Loyal Customers
15096,43,1,219.39000000000001,120,11,1,1,2011-10-28 10:27:00,2011-10-28 10:27:00,United Kingdom,219.39000000000001,120.0,0,3,1,1,5,311,Regular Customers
15097,4,1,248.08,170,25,1,1,2011-12-05 14:03:00,2011-12-05 14:03:00,United Kingdom,248.08,170.0,0,5,1,2,8,512,Recent Customers
15098,182,3,39916.5,121,1,3,1,2011-06-10 15:22:00,2011-06-10 15:33:00,United Kingdom,13305.5,40.333333333333336,0,1,2,5,8,125,Big Spenders
15099,84,1,410.48,343,23,1,1,2011-09-16 13:13:00,2011-09-16 13:13:00,United Kingdom,410.48,343.0,0,2,1,2,5,212,Regular Customers
15100,334,3,876.0,80,1,3,3,2010-12-01 09:09:00,2011-01-10 10:35:00,United Kingdom,292.0,26.666666666666668,40,1,2,3,6,123,At Risk
15101,9,2,317.53000000000003,241,8,2,2,2010-12-15 12:54:00,2011-12-01 10:18:00,United Kingdom,158.76500000000001,120.5,350,5,1,2,8,512,Recent Customers
15103,31,2,703.36,329,35,2,2,2011-09-14 13:54:00,2011-11-08 14:53:00,United Kingdom,351.68,164.5,55,4,1,3,8,413,Recent Customers
15104,197,2,993.54,635,66,2,2,2011-03-02 14:16:00,2011-05-27 12:29:00,United Kingdom,496.77,317.5,85,1,1,4,6,114,Big Spenders
15105,18,7,2298.93,1211,90,7,5,2011-07-28 10:09:00,2011-11-21 16:54:00,United Kingdom,328.4185714285714,173.0,116,4,5,5,14,455,Champions
15106,18,5,1422.52,1181,90,5,5,2011-03-15 12:52:00,2011-11-22 09:16:00,United Kingdom,284.504,236.2,251,4,4,4,12,444,Champions
15107,311,6,319.5,169,12,6,6,2010-12-02 13:45:00,2011-02-01 14:46:00,United Kingdom,53.25,28.166666666666668,61,1,5,2,8,152,At Risk
15108,142,3,1159.25,490,49,3,3,2011-04-26 10:54:00,2011-07-21 10:24:00,European Community,386.4166666666667,163.33333333333334,85,2,2,4,8,224,Big Spenders
15109,246,1,484.95,131,28,1,1,2011-04-08 09:58:00,2011-04-08 09:58:00,United Kingdom,484.95,131.0,0,1,1,3,5,113,Regular Customers
15110,24,4,996.1,246,17,4,4,2011-01-25 11:41:00,2011-11-16 11:16:00,United Kingdom,249.025,61.5,294,4,4,4,12,444,Champions
15111,29,3,1567.48,710,70,3,3,2010-12-02 11:45:00,2011-11-10 16:58:00,United Kingdom,522.4933333333333,236.66666666666666,343,4,2,4,10,424,Big Spenders
15113,10,3,3509.04,2343,76,3,3,2011-10-16 15:27:00,2011-11-30 08:23:00,United Kingdom,1169.68,781.0,44,5,2,5,12,525,Big Spenders
15114,30,10,2760.56,3096,136,10,10,2011-02-11 08:45:00,2011-11-09 15:05:00,United Kingdom,276.056,309.6,271,4,5,5,14,455,Champions
15115,18,1,340.11,157,21,1,1,2011-11-21 14:59:00,2011-11-21 14:59:00,United Kingdom,340.11,157.0,0,4,1,2,7,412,Recent Customers
15116,18,4,1352.75,648,37,4,4,2011-05-19 08:50:00,2011-11-22 12:25:00,United Kingdom,338.1875,162.0,187,4,4,4,12,444,Champions
15117,15,5,1551.78,1948,63,5,5,2011-05-08 12:38:00,2011-11-25 08:12:00,United Kingdom,310.356,389.6,200,4,4,4,12,444,Champions
15118,134,1,244.8,1440,1,1,1,2011-07-28 14:54:00,2011-07-28 14:54:00,United Kingdom,244.8,1440.0,0,2,1,1,4,211,Regular Customers
15119,246,1,266.4,88,14,1,1,2011-04-08 09:08:00,2011-04-08 09:08:00,United Kingdom,266.4,88.0,0,1,1,2,4,112,Regular Customers
15120,134,1,358.82,296,21,1,1,2011-07-29 09:48:00,2011-07-29 09:48:00,United Kingdom,358.82,296.0,0,2,1,2,5,212,Regular Customers
15121,50,2,457.72,199,28,2,2,2011-02-24 12:41:00,2011-10-20 14:51:00,United Kingdom,228.86,99.5,238,3,1,2,6,312,Regular Customers
15122,114,3,1633.78,800,65,3,3,2011-02-15 09:59:00,2011-08-17 16:48:00,United Kingdom,544.5933333333334,266.6666666666667,183,2,2,4,8,224,Big Spenders
15123,7,2,2199.31,1195,93,2,2,2011-05-17 14:57:00,2011-12-02 13:12:00,United Kingdom,1099.655,597.5,198,5,1,5,11,515,Big Spenders
15124,23,2,184.19,233,14,2,2,2011-06-01 09:06:00,2011-11-17 10:09:00,United Kingdom,92.095,116.5,169,4,1,1,6,411,Recent Customers
15125,25,15,11528.48,6193,102,15,10,2011-03-14 09:59:00,2011-11-14 13:57:00,United Kingdom,768.5653333333333,412.8666666666667,245,4,5,5,14,455,Champions
15127,66,1,406.53000000000003,251,16,1,1,2011-10-05 10:30:00,2011-10-05 10:30:00,United Kingdom,406.53000000000003,251.0,0,3,1,2,6,312,Regular Customers
15128,60,4,1471.0,1343,74,4,4,2011-05-04 12:32:00,2011-10-10 13:54:00,United Kingdom,367.75,335.75,159,3,4,4,11,344,Loyal Customers
15129,50,11,3447.4,1794,54,11,10,2011-02-21 09:09:00,2011-10-20 14:40:00,United Kingdom,313.40000000000003,163.0909090909091,241,3,5,5,13,355,Loyal Customers
15130,170,1,330.11,197,22,1,1,2011-06-23 10:15:00,2011-06-23 10:15:00,United Kingdom,330.11,197.0,0,2,1,2,5,212,Regular Customers
15132,18,5,977.9300000000001,679,49,5,5,2011-03-22 12:02:00,2011-11-21 17:10:00,United Kingdom,195.586,135.8,244,4,4,4,12,444,Champions
15133,128,3,982.42,680,27,3,3,2011-02-11 10:38:00,2011-08-04 10:44:00,United Kingdom,327.4733333333333,226.66666666666666,174,2,2,4,8,224,Big Spenders
15134,15,8,1387.99,887,44,8,8,2011-04-13 11:05:00,2011-11-25 08:55:00,United Kingdom,173.49875,110.875,225,4,5,4,13,454,Champions
15135,239,1,139.05,43,9,1,1,2011-04-14 19:16:00,2011-04-14 19:16:00,United Kingdom,139.05,43.0,0,1,1,1,3,111,Regular Customers
15136,3,4,1286.7,776,61,4,3,2011-09-04 16:05:00,2011-12-07 12:26:00,United Kingdom,321.675,194.0,93,5,4,4,13,544,Champions
15139,240,2,178.96,208,13,2,2,2011-01-07 12:44:00,2011-04-14 11:39:00,United Kingdom,89.48,104.0,96,1,1,1,3,111,Regular Customers
15140,52,7,2354.25,1572,74,7,6,2011-03-20 14:37:00,2011-10-18 14:07:00,United Kingdom,336.32142857142856,224.57142857142858,211,3,5,5,13,355,Loyal Customers
15142,46,1,498.74,365,26,1,1,2011-10-24 12:51:00,2011-10-24 12:51:00,United Kingdom,498.74,365.0,0,3,1,3,7,313,Regular Customers
15143,226,1,259.45,150,14,1,1,2011-04-28 12:03:00,2011-04-28 12:03:00,United Kingdom,259.45,150.0,0,1,1,2,4,112,Regular Customers
15144,8,17,6580.4400000000005,3050,132,17,14,2011-01-31 13:17:00,2011-12-01 15:12:00,United Kingdom,387.084705882353,179.41176470588235,304,5,5,5,15,555,Champions
15145,4,4,1194.73,756,54,4,4,2011-04-05 15:20:00,2011-12-05 17:21:00,United Kingdom,298.6825,189.0,244,5,4,4,13,544,Champions
15146,165,2,1327.16,1473,90,2,2,2011-02-21 13:07:00,2011-06-28 12:09:00,United Kingdom,663.58,736.5,126,2,1,4,7,214,Big Spenders
15147,240,1,623.5,366,28,1,1,2011-04-13 15:57:00,2011-04-13 15:57:00,United Kingdom,623.5,366.0,0,1,1,3,5,113,Regular Customers
15148,11,1,301.29,187,20,1,1,2011-11-29 08:21:00,2011-11-29 08:21:00,United Kingdom,301.29,187.0,0,5,1,2,8,512,Recent Customers
15149,134,1,520.8000000000001,128,23,1,1,2011-07-29 10:58:00,2011-07-29 10:58:00,United Kingdom,520.8000000000001,128.0,0,2,1,3,6,213,Regular Customers
15150,17,10,5291.33,3642,282,10,10,2011-03-15 14:21:00,2011-11-22 12:52:00,United Kingdom,529.133,364.2,251,4,5,5,14,455,Champions
15152,10,13,4745.69,2704,196,13,13,2011-06-05 15:36:00,2011-11-30 12:32:00,United Kingdom,365.0530769230769,208.0,177,5,5,5,15,555,Champions
15153,31,1,329.25,198,22,1,1,2011-11-08 17:09:00,2011-11-08 17:09:00,United Kingdom,329.25,198.0,0,4,1,2,7,412,Recent Customers
15154,75,1,254.28,89,66,1,1,2011-09-25 16:05:00,2011-09-25 16:05:00,United Kingdom,254.28,89.0,0,2,1,2,5,212,Regular Customers
15156,1,3,961.49,597,51,3,3,2011-11-06 12:41:00,2011-12-08 18:22:00,United Kingdom,320.49666666666667,199.0,32,5,2,4,11,524,Big Spenders
15157,4,3,1936.07,2392,125,3,3,2010-12-16 13:44:00,2011-12-06 11:28:00,United Kingdom,645.3566666666667,797.3333333333334,354,5,2,4,11,524,Big Spenders
15158,45,1,401.40000000000003,198,7,1,1,2011-10-25 13:53:00,2011-10-25 13:53:00,United Kingdom,401.40000000000003,198.0,0,3,1,2,6,312,Regular Customers
15159,2,30,18641.010000000002,11441,363,30,19,2010-12-13 15:44:00,2011-12-08 12:05:00,United Kingdom,621.3670000000001,381.3666666666667,359,5,5,5,15,555,Champions
15160,357,1,158.16,84,4,1,1,2010-12-17 14:15:00,2010-12-17 14:15:00,United Kingdom,158.16,84.0,0,1,1,1,3,111,Regular Customers
15163,18,2,304.47,186,29,2,2,2011-05-31 15:22:00,2011-11-21 13:10:00,United Kingdom,152.235,93.0,173,4,1,2,7,412,Recent Customers
15164,69,3,824.58,351,79,3,3,2011-01-04 14:21:00,2011-10-02 12:05:00,United Kingdom,274.86,117.0,270,3,2,3,8,323,Regular Customers
15165,373,1,487.75,160,27,1,1,2010-12-01 14:03:00,2010-12-01 14:03:00,United Kingdom,487.75,160.0,0,1,1,3,5,113,Regular Customers
15167,321,1,158.8,65,39,1,1,2011-01-23 12:41:00,2011-01-23 12:41:00,United Kingdom,158.8,65.0,0,1,1,1,3,111,Regular Customers
15168,26,1,106.56,52,5,1,1,2011-11-14 11:26:00,2011-11-14 11:26:00,United Kingdom,106.56,52.0,0,4,1,1,6,411,Recent Customers
15171,331,1,1289.5,290,5,1,1,2011-01-12 15:36:00,2011-01-12 15:36:00,United Kingdom,1289.5,290.0,0,1,1,4,6,114,Big Spenders
15172,9,5,1624.05,1611,106,5,5,2011-04-17 11:56:00,2011-12-01 11:51:00,United Kingdom,324.81,322.2,227,5,4,4,13,544,Champions
15174,323,1,135.75,145,11,1,1,2011-01-21 09:06:00,2011-01-21 09:06:00,United Kingdom,135.75,145.0,0,1,1,1,3,111,Regular Customers
15175,72,1,224.14,454,23,1,1,2011-09-29 11:31:00,2011-09-29 11:31:00,United Kingdom,224.14,454.0,0,3,1,1,5,311,Regular Customers
15178,260,1,40.5,30,3,1,1,2011-03-24 15:12:00,2011-03-24 15:12:00,United Kingdom,40.5,30.0,0,1,1,1,3,111,Regular Customers
15179,18,5,2206.9500000000003,1938,91,5,5,2011-01-24 13:48:00,2011-11-21 12:53:00,United Kingdom,441.39000000000004,387.6,300,4,4,5,13,445,Champions
15180,367,1,87.5,36,6,1,1,2010-12-07 14:57:00,2010-12-07 14:57:00,United Kingdom,87.5,36.0,0,1,1,1,3,111,Regular Customers
15181,66,3,689.48,544,11,3,3,2011-03-15 12:03:00,2011-10-04 13:58:00,United Kingdom,229.82666666666668,181.33333333333334,203,3,2,3,8,323,Regular Customers
15182,154,2,622.85,253,24,2,2,2011-03-16 12:42:00,2011-07-08 13:37:00,United Kingdom,311.425,126.5,114,2,1,3,6,213,Regular Customers
15184,29,2,402.2,199,59,2,2,2011-06-02 12:06:00,2011-11-10 13:41:00,United Kingdom,201.1,99.5,161,4,1,2,7,412,Recent Customers
15185,70,1,310.62,666,21,1,1,2011-09-30 14:06:00,2011-09-30 14:06:00,United Kingdom,310.62,666.0,0,3,1,2,6,312,Regular Customers
15186,14,2,411.41,215,17,2,2,2011-06-24 14:54:00,2011-11-25 14:58:00,United Kingdom,205.705,107.5,154,5,1,2,8,512,Recent Customers
15187,2,15,4762.18,1886,60,15,13,2011-05-11 13:49:00,2011-12-08 11:56:00,United Kingdom,317.4786666666667,125.73333333333333,210,5,5,5,15,555,Champions
15189,1,41,16225.39,6149,80,41,38,2011-01-11 12:29:00,2011-12-08 13:22:00,United Kingdom,395.74121951219513,149.97560975609755,331,5,5,5,15,555,Champions
15192,120,3,1044.32,918,36,3,3,2010-12-09 14:56:00,2011-08-12 11:41:00,United Kingdom,348.1066666666666,306.0,245,2,2,4,8,224,Big Spenders
15193,61,1,499.32,144,19,1,1,2011-10-10 08:23:00,2011-10-10 08:23:00,United Kingdom,499.32,144.0,0,3,1,3,7,313,Regular Customers
15194,3,15,7616.53,5703,209,15,15,2010-12-06 15:00:00,2011-12-06 15:10:00,United Kingdom,507.76866666666666,380.2,365,5,5,5,15,555,Champions
15195,3,1,3861.0,1404,1,1,1,2011-12-07 12:20:00,2011-12-07 12:20:00,United Kingdom,3861.0,1404.0,0,5,1,5,11,515,Big Spenders
15197,11,3,1079.61,469,30,3,3,2010-12-16 18:01:00,2011-11-29 10:00:00,United Kingdom,359.86999999999995,156.33333333333334,347,5,2,4,11,524,Big Spenders
15198,92,2,193.64,120,10,2,2,2011-08-07 15:16:00,2011-09-08 14:42:00,United Kingdom,96.82,60.0,31,2,1,1,4,211,Regular Customers
15199,59,4,1268.7,396,5,4,4,2011-02-04 14:04:00,2011-10-11 15:12:00,United Kingdom,317.175,99.0,249,3,4,4,11,344,Loyal Customers
15201,87,5,1236.54,1210,35,5,4,2011-04-06 14:02:00,2011-09-13 14:53:00,United Kingdom,247.308,242.0,160,2,4,4,10,244,Loyal Customers
15203,26,6,1827.8,1753,82,6,6,2011-02-01 12:29:00,2011-11-14 08:16:00,United Kingdom,304.6333333333333,292.1666666666667,285,4,5,4,13,454,Champions
15204,357,1,316.58,258,9,1,1,2010-12-17 13:49:00,2010-12-17 13:49:00,United Kingdom,316.58,258.0,0,1,1,2,4,112,Regular Customers
15205,85,2,653.24,378,37,2,2,2011-08-04 16:07:00,2011-09-15 19:36:00,United Kingdom,326.62,189.0,42,2,1,3,6,213,Regular Customers
15206,10,4,420.3,162,3,4,4,2011-03-09 08:59:00,2011-11-29 13:41:00,United Kingdom,105.075,40.5,265,5,4,2,11,542,Regular Customers
15208,1,5,870.12,316,25,5,5,2010-12-21 13:03:00,2011-12-08 17:24:00,United Kingdom,174.024,63.2,352,5,4,3,12,543,Loyal Customers
15210,225,1,331.18,228,20,1,1,2011-04-28 16:11:00,2011-04-28 16:11:00,United Kingdom,331.18,228.0,0,1,1,2,4,112,Regular Customers
15211,60,2,894.4100000000001,240,52,2,2,2010-12-09 16:08:00,2011-10-10 13:31:00,United Kingdom,447.20500000000004,120.0,304,3,1,3,7,313,Regular Customers
15212,241,1,101.8,36,5,1,1,2011-04-12 13:45:00,2011-04-12 13:45:00,United Kingdom,101.8,36.0,0,1,1,1,3,111,Regular Customers
15213,319,2,328.35,272,22,2,2,2011-01-14 11:05:00,2011-01-25 12:21:00,United Kingdom,164.175,136.0,11,1,1,2,4,112,Regular Customers
15214,2,8,1661.44,1254,109,8,8,2011-04-11 09:46:00,2011-12-08 12:07:00,United Kingdom,207.68,156.75,241,5,5,4,14,554,Champions
15215,47,3,734.94,225,33,3,2,2011-09-04 12:24:00,2011-10-24 11:41:00,United Kingdom,244.98000000000002,75.0,49,3,2,3,8,323,Regular Customers
15216,88,1,96.6,28,2,1,1,2011-09-13 11:41:00,2011-09-13 11:41:00,United Kingdom,96.6,28.0,0,2,1,1,4,211,Regular Customers
15218,11,11,5756.89,3329,77,11,9,2011-01-25 11:20:00,2011-11-29 11:48:00,United Kingdom,523.3536363636364,302.6363636363636,308,5,5,5,15,555,Champions
15219,176,1,305.75,45,9,1,1,2011-06-16 16:57:00,2011-06-16 16:57:00,United Kingdom,305.75,45.0,0,2,1,2,5,212,Regular Customers
15220,52,6,1778.96,1393,110,6,6,2011-03-04 10:24:00,2011-10-19 12:39:00,United Kingdom,296.49333333333334,232.16666666666666,229,3,5,4,12,354,Loyal Customers
15221,366,1,403.25,43,5,1,1,2010-12-08 13:08:00,2010-12-08 13:08:00,United Kingdom,403.25,43.0,0,1,1,2,4,112,Regular Customers
15222,319,1,585.0,440,5,1,1,2011-01-25 08:03:00,2011-01-25 08:03:00,United Kingdom,585.0,440.0,0,1,1,3,5,113,Regular Customers
15223,226,2,755.75,213,14,2,2,2011-04-04 12:17:00,2011-04-28 11:31:00,United Kingdom,377.875,106.5,23,1,1,3,5,113,Regular Customers
15224,358,2,322.08,152,13,2,2,2010-12-12 12:34:00,2010-12-16 15:02:00,United Kingdom,161.04,76.0,4,1,1,2,4,112,Regular Customers
15225,234,1,409.40000000000003,226,23,1,1,2011-04-19 14:51:00,2011-04-19 14:51:00,United Kingdom,409.40000000000003,226.0,0,1,1,2,4,112,Regular Customers
15226,311,1,154.41,71,8,1,1,2011-02-02 11:41:00,2011-02-02 11:41:00,United Kingdom,154.41,71.0,0,1,1,1,3,111,Regular Customers
15227,37,5,1219.4,750,43,5,4,2011-01-26 15:31:00,2011-11-03 11:59:00,United Kingdom,243.88000000000002,150.0,280,3,4,4,11,344,Loyal Customers
15228,66,4,3386.71,2255,110,4,4,2011-02-18 09:04:00,2011-10-04 13:56:00,United Kingdom,846.6775,563.75,228,3,4,5,12,345,Loyal Customers
15230,239,2,429.6,351,23,2,2,2011-04-13 11:04:00,2011-04-14 14:39:00,United Kingdom,214.8,175.5,1,1,1,2,4,112,Regular Customers
15232,113,2,612.06,686,26,2,2,2011-07-22 12:21:00,2011-08-18 16:27:00,United Kingdom,306.03,343.0,27,2,1,3,6,213,Regular Customers
15234,277,1,197.0,196,14,1,1,2011-03-08 08:53:00,2011-03-08 08:53:00,United Kingdom,197.0,196.0,0,1,1,1,3,111,Regular Customers
15235,218,12,2247.51,1324,132,12,10,2010-12-01 17:22:00,2011-05-06 09:44:00,United Kingdom,187.29250000000002,110.33333333333333,155,1,5,5,11,155,Loyal Customers
15236,299,1,321.05,269,15,1,1,2011-02-14 10:52:00,2011-02-14 10:52:00,United Kingdom,321.05,269.0,0,1,1,2,4,112,Regular Customers
15237,2,4,1412.32,1071,94,4,4,2011-04-26 15:04:00,2011-12-08 09:46:00,United Kingdom,353.08,267.75,225,5,4,4,13,544,Champions
15238,29,3,1071.99,692,49,3,3,2011-06-08 16:00:00,2011-11-10 14:28:00,United Kingdom,357.33,230.66666666666666,154,4,2,4,10,424,Big Spenders
15239,10,2,780.59,594,48,2,2,2011-09-22 09:53:00,2011-11-29 14:14:00,United Kingdom,390.295,297.0,68,5,1,3,9,513,Recent Customers
15240,45,5,1706.57,1369,58,5,5,2011-02-01 08:23:00,2011-10-26 09:50:00,United Kingdom,341.31399999999996,273.8,267,3,4,4,11,344,Loyal Customers
15241,67,8,1756.44,1818,82,8,8,2011-03-01 11:02:00,2011-10-04 09:05:00,United Kingdom,219.555,227.25,216,3,5,4,12,354,Loyal Customers
15243,74,1,316.68,185,22,1,1,2011-09-26 14:12:00,2011-09-26 14:12:00,United Kingdom,316.68,185.0,0,2,1,2,5,212,Regular Customers
15244,65,2,631.57,405,31,2,2,2011-04-05 15:12:00,2011-10-05 13:19:00,United Kingdom,315.785,202.5,182,3,1,3,7,313,Regular Customers
15245,134,3,2515.84,1784,55,3,3,2011-03-23 13:42:00,2011-07-28 18:56:00,United Kingdom,838.6133333333333,594.6666666666666,127,2,2,5,9,225,Big Spenders
15246,238,2,514.15,247,32,2,2,2010-12-16 09:46:00,2011-04-15 14:45:00,United Kingdom,257.075,123.5,120,1,1,3,5,113,Regular Customers
15247,122,1,356.0,160,6,1,1,2011-08-09 12:52:00,2011-08-09 12:52:00,United Kingdom,356.0,160.0,0,2,1,2,5,212,Regular Customers
15249,32,13,6688.46,3577,211,13,12,2011-03-28 12:49:00,2011-11-08 11:45:00,United Kingdom,514.496923076923,275.15384615384613,224,4,5,5,14,455,Champions
15251,9,11,10484.99,6171,97,11,10,2011-04-12 10:38:00,2011-11-30 15:02:00,United Kingdom,953.180909090909,561.0,232,5,5,5,15,555,Champions
15252,36,2,740.78,522,44,2,2,2011-06-09 14:15:00,2011-11-03 13:30:00,United Kingdom,370.39,261.0,146,3,1,3,7,313,Regular Customers
15253,16,5,918.2,866,52,5,3,2011-06-23 12:19:00,2011-11-23 16:22:00,United Kingdom,183.64000000000001,173.2,153,4,4,3,11,443,Loyal Customers
15254,127,1,300.36,275,18,1,1,2011-08-04 15:04:00,2011-08-04 15:04:00,United Kingdom,300.36,275.0,0,2,1,2,5,212,Regular Customers
15255,67,1,890.85,489,47,1,1,2011-10-04 12:43:00,2011-10-04 12:43:00,United Kingdom,890.85,489.0,0,3,1,3,7,313,Regular Customers
15256,149,1,98.45,55,6,1,1,2011-07-14 11:47:00,2011-07-14 11:47:00,United Kingdom,98.45,55.0,0,2,1,1,4,211,Regular Customers
15257,283,1,317.15,46,7,1,1,2011-03-01 12:58:00,2011-03-01 12:58:00,United Kingdom,317.15,46.0,0,1,1,2,4,112,Regular Customers
15258,169,2,623.16,142,32,2,2,2011-05-06 14:16:00,2011-06-24 12:30:00,United Kingdom,311.58,71.0,48,2,1,3,6,213,Regular Customers
15260,100,7,1810.77,885,62,7,6,2010-12-02 12:09:00,2011-08-31 13:55:00,United Kingdom,258.68142857142857,126.42857142857143,272,2,5,4,11,254,Loyal Customers
15261,135,1,254.82,270,19,1,1,2011-07-27 15:20:00,2011-07-27 15:20:00,United Kingdom,254.82,270.0,0,2,1,2,5,212,Regular Customers
15262,324,1,178.95000000000002,73,10,1,1,2011-01-20 12:16:00,2011-01-20 12:16:00,United Kingdom,178.95000000000002,73.0,0,1,1,1,3,111,Regular Customers
15263,107,1,156.51,89,12,1,1,2011-08-25 10:26:00,2011-08-25 10:26:00,United Kingdom,156.51,89.0,0,2,1,1,4,211,Regular Customers
15264,64,1,393.74,265,23,1,1,2011-10-06 13:49:00,2011-10-06 13:49:00,United Kingdom,393.74,265.0,0,3,1,2,6,312,Regular Customers
15265,151,2,1506.1200000000001,612,76,2,2,2011-04-18 12:16:00,2011-07-11 14:46:00,United Kingdom,753.0600000000001,306.0,84,2,1,4,7,214,Big Spenders
15266,338,1,119.3,18,6,1,1,2011-01-05 13:40:00,2011-01-05 13:40:00,United Kingdom,119.3,18.0,0,1,1,1,3,111,Regular Customers
15267,22,5,1717.36,944,8,5,5,2011-06-10 10:24:00,2011-11-17 15:59:00,United Kingdom,343.472,188.8,160,4,4,4,12,444,Champions
15269,24,1,408.8,26,2,1,1,2011-11-16 09:32:00,2011-11-16 09:32:00,United Kingdom,408.8,26.0,0,4,1,2,7,412,Recent Customers
15270,16,7,2379.49,1521,22,7,5,2011-02-02 13:25:00,2011-11-24 09:24:00,United Kingdom,339.9271428571428,217.28571428571428,294,4,5,5,14,455,Champions
15271,7,15,2493.34,1251,184,15,15,2010-12-09 13:47:00,2011-12-02 14:11:00,United Kingdom,166.22266666666667,83.4,358,5,5,5,15,555,Champions
15272,57,2,721.94,310,63,2,2,2011-09-14 16:36:00,2011-10-13 12:59:00,United Kingdom,360.97,155.0,28,3,1,3,7,313,Regular Customers
15274,4,2,716.57,619,44,2,2,2011-11-21 14:17:00,2011-12-05 16:57:00,United Kingdom,358.285,309.5,14,5,1,3,9,513,Recent Customers
15275,38,1,615.14,498,41,1,1,2011-11-02 11:20:00,2011-11-02 11:20:00,United Kingdom,615.14,498.0,0,3,1,3,7,313,Regular Customers
15276,66,1,128.63,61,49,1,1,2011-10-04 16:39:00,2011-10-04 16:39:00,United Kingdom,128.63,61.0,0,3,1,1,5,311,Regular Customers
15277,47,1,255.89999999999998,205,12,1,1,2011-10-24 10:08:00,2011-10-24 10:08:00,United Kingdom,255.89999999999998,205.0,0,3,1,2,6,312,Regular Customers
15279,355,1,290.51,189,19,1,1,2010-12-20 10:48:00,2010-12-20 10:48:00,United Kingdom,290.51,189.0,0,1,1,2,4,112,Regular Customers
15280,172,1,113.12,154,16,1,1,2011-06-20 17:14:00,2011-06-20 17:14:00,United Kingdom,113.12,154.0,0,2,1,1,4,211,Regular Customers
15281,59,9,2332.15,1211,121,9,9,2011-01-10 15:51:00,2011-10-12 09:10:00,United Kingdom,259.1277777777778,134.55555555555554,274,3,5,5,13,355,Loyal Customers
15286,50,1,240.55,55,3,1,1,2011-10-21 11:08:00,2011-10-21 11:08:00,United Kingdom,240.55,55.0,0,3,1,1,5,311,Regular Customers
15287,22,2,486.69,433,17,2,2,2011-09-30 12:30:00,2011-11-17 15:34:00,United Kingdom,243.345,216.5,48,4,1,3,8,413,Recent Customers
15288,43,5,2306.52,775,80,5,5,2010-12-09 13:59:00,2011-10-27 16:58:00,United Kingdom,461.304,155.0,322,3,4,5,12,345,Loyal Customers
15289,29,3,939.78,1008,43,3,3,2011-04-04 12:44:00,2011-11-10 13:49:00,United Kingdom,313.26,336.0,220,4,2,4,10,424,Big Spenders
15290,5,18,7943.22,4501,93,18,17,2010-12-15 16:03:00,2011-12-05 11:39:00,United Kingdom,441.29,250.05555555555554,354,5,5,5,15,555,Champions
15291,26,14,4623.3,2102,61,14,14,2010-12-01 09:32:00,2011-11-14 11:02:00,United Kingdom,330.2357142857143,150.14285714285714,348,4,5,5,14,455,Champions
15292,201,1,178.39,55,24,1,1,2011-05-22 15:00:00,2011-05-22 15:00:00,United Kingdom,178.39,55.0,0,1,1,1,3,111,Regular Customers
15296,51,6,3672.86,1766,137,6,6,2011-01-17 11:57:00,2011-10-20 11:47:00,United Kingdom,612.1433333333333,294.3333333333333,275,3,5,5,13,355,Loyal Customers
15297,10,3,641.94,292,30,3,3,2011-10-07 09:42:00,2011-11-29 16:32:00,United Kingdom,213.98000000000002,97.33333333333333,53,5,2,3,10,523,Recent Customers
15298,2,12,4799.9,3116,115,12,11,2010-12-08 13:55:00,2011-12-07 17:17:00,United Kingdom,399.9916666666666,259.6666666666667,364,5,5,5,15,555,Champions
15299,67,6,3907.01,2947,6,6,3,2010-12-02 16:48:00,2011-10-03 14:19:00,United Kingdom,651.1683333333334,491.1666666666667,304,3,5,5,13,355,Loyal Customers
15300,64,1,496.44,292,28,1,1,2011-10-06 17:08:00,2011-10-06 17:08:00,United Kingdom,496.44,292.0,0,3,1,3,7,313,Regular Customers
15301,51,12,5049.95,2751,167,12,10,2010-12-06 12:21:00,2011-10-20 09:57:00,United Kingdom,420.82916666666665,229.25,317,3,5,5,13,355,Loyal Customers
15303,290,1,574.02,248,31,1,1,2011-02-22 13:59:00,2011-02-22 13:59:00,United Kingdom,574.02,248.0,0,1,1,3,5,113,Regular Customers
15304,61,8,694.4,104,8,8,8,2010-12-06 11:42:00,2011-10-10 10:23:00,United Kingdom,86.8,13.0,307,3,5,3,11,353,Loyal Customers
15306,64,3,1174.3500000000001,810,57,3,3,2011-07-14 15:22:00,2011-10-06 12:56:00,United Kingdom,391.45000000000005,270.0,83,3,2,4,9,324,Big Spenders
15307,96,1,205.3,37,12,1,1,2011-09-05 11:38:00,2011-09-05 11:38:00,United Kingdom,205.3,37.0,0,2,1,1,4,211,Regular Customers
15308,274,1,310.47,175,19,1,1,2011-03-10 13:08:00,2011-03-10 13:08:00,United Kingdom,310.47,175.0,0,1,1,2,4,112,Regular Customers
15311,1,91,60632.75,38147,567,91,90,2010-12-01 09:41:00,2011-12-09 12:00:00,United Kingdom,666.2939560439561,419.1978021978022,373,5,5,5,15,555,Champions
15312,75,4,924.85,516,42,4,4,2010-12-20 12:51:00,2011-09-25 13:10:00,United Kingdom,231.2125,129.0,279,2,4,4,10,244,Loyal Customers
15313,110,1,52.0,25,1,1,1,2011-08-21 16:02:00,2011-08-21 16:02:00,United Kingdom,52.0,25.0,0,2,1,1,4,211,Regular Customers
15314,199,1,327.97,313,24,1,1,2011-05-24 14:39:00,2011-05-24 14:39:00,United Kingdom,327.97,313.0,0,1,1,2,4,112,Regular Customers
15315,64,2,570.5,862,35,2,2,2011-08-15 15:17:00,2011-10-06 12:51:00,United Kingdom,285.25,431.0,51,3,1,3,7,313,Regular Customers
15316,327,1,165.0,100,1,1,1,2011-01-17 11:34:00,2011-01-17 11:34:00,United Kingdom,165.0,100.0,0,1,1,1,3,111,Regular Customers
15318,4,1,312.62,642,33,1,1,2011-12-06 11:30:00,2011-12-06 11:30:00,United Kingdom,312.62,642.0,0,5,1,2,8,512,Recent Customers
15319,284,1,204.5,175,16,1,1,2011-03-01 12:48:00,2011-03-01 12:48:00,United Kingdom,204.5,175.0,0,1,1,1,3,111,Regular Customers
15320,44,1,267.13,326,36,1,1,2011-10-26 13:27:00,2011-10-26 13:27:00,United Kingdom,267.13,326.0,0,3,1,2,6,312,Regular Customers
15321,71,3,2748.31,1181,83,3,2,2011-02-21 11:10:00,2011-09-30 09:40:00,United Kingdom,916.1033333333334,393.6666666666667,220,3,2,5,10,325,Big Spenders
15322,86,1,679.68,416,42,1,1,2011-09-15 09:34:00,2011-09-15 09:34:00,United Kingdom,679.68,416.0,0,2,1,3,6,213,Regular Customers
15325,104,1,161.74,231,47,1,1,2011-08-28 11:55:00,2011-08-28 11:55:00,United Kingdom,161.74,231.0,0,2,1,1,4,211,Regular Customers
15326,334,1,311.71,386,29,1,1,2011-01-10 11:38:00,2011-01-10 11:38:00,United Kingdom,311.71,386.0,0,1,1,2,4,112,Regular Customers
15327,53,1,208.75,116,10,1,1,2011-10-18 11:55:00,2011-10-18 11:55:00,United Kingdom,208.75,116.0,0,3,1,1,5,311,Regular Customers
15329,39,3,1049.7,486,51,3,3,2011-06-21 10:37:00,2011-10-31 15:36:00,United Kingdom,349.90000000000003,162.0,132,3,2,4,9,324,Big Spenders
15330,32,2,714.9599999999999,1312,10,2,2,2011-10-10 12:30:00,2011-11-07 17:50:00,United Kingdom,357.47999999999996,656.0,28,4,1,3,8,413,Recent Customers
15332,366,4,1661.06,652,29,4,2,2010-12-05 12:00:00,2010-12-08 14:43:00,Lithuania,415.265,163.0,3,1,4,4,9,144,Loyal Customers
15333,208,1,1028.56,344,16,1,1,2011-05-15 13:27:00,2011-05-15 13:27:00,United Kingdom,1028.56,344.0,0,1,1,4,6,114,Big Spenders
15334,157,3,347.87,272,66,3,3,2011-06-19 13:51:00,2011-07-06 11:22:00,United Kingdom,115.95666666666666,90.66666666666667,16,2,2,2,6,222,At Risk
15335,54,1,170.22,79,34,1,1,2011-10-17 12:50:00,2011-10-17 12:50:00,United Kingdom,170.22,79.0,0,3,1,1,5,311,Regular Customers
15339,66,2,574.07,416,77,2,2,2011-01-25 13:15:00,2011-10-04 12:51:00,United Kingdom,287.035,208.0,251,3,1,3,7,313,Regular Customers
15341,81,1,2020.52,812,17,1,1,2011-09-20 09:40:00,2011-09-20 09:40:00,United Kingdom,2020.52,812.0,0,2,1,4,7,214,Big Spenders
15342,130,1,406.09000000000003,283,24,1,1,2011-08-02 10:19:00,2011-08-02 10:19:00,United Kingdom,406.09000000000003,283.0,0,2,1,2,5,212,Regular Customers
15343,87,1,364.5,84,21,1,1,2011-09-13 13:55:00,2011-09-13 13:55:00,United Kingdom,364.5,84.0,0,2,1,2,5,212,Regular Customers
15344,1,3,563.94,116,21,3,3,2011-09-26 14:48:00,2011-12-09 10:45:00,United Kingdom,187.98000000000002,38.666666666666664,73,5,2,3,10,523,Recent Customers
15345,46,1,393.54,81,20,1,1,2011-10-25 11:28:00,2011-10-25 11:28:00,United Kingdom,393.54,81.0,0,3,1,2,6,312,Regular Customers
15346,333,1,252.42000000000002,144,17,1,1,2011-01-11 11:18:00,2011-01-11 11:18:00,United Kingdom,252.42000000000002,144.0,0,1,1,2,4,112,Regular Customers
15347,366,1,201.60000000000002,130,5,1,1,2010-12-08 15:25:00,2010-12-08 15:25:00,United Kingdom,201.60000000000002,130.0,0,1,1,1,3,111,Regular Customers
15348,72,1,158.04,84,9,1,1,2011-09-28 13:17:00,2011-09-28 13:17:00,United Kingdom,158.04,84.0,0,3,1,1,5,311,Regular Customers
15349,158,2,463.91,321,65,2,2,2011-06-05 15:46:00,2011-07-04 16:06:00,United Kingdom,231.955,160.5,29,2,1,2,5,212,Regular Customers
15350,373,1,115.65,51,5,1,1,2010-12-01 13:33:00,2010-12-01 13:33:00,United Kingdom,115.65,51.0,0,1,1,1,3,111,Regular Customers
15351,12,7,1934.66,742,157,7,7,2010-12-05 11:49:00,2011-11-27 12:52:00,United Kingdom,276.38,106.0,357,5,5,4,14,554,Champions
15353,255,2,770.12,341,59,2,2,2010-12-07 11:49:00,2011-03-30 12:15:00,United Kingdom,385.06,170.5,113,1,1,3,5,113,Regular Customers
15355,29,2,277.05,45,9,2,2,2011-10-17 15:22:00,2011-11-10 13:44:00,United Kingdom,138.525,22.5,23,4,1,2,7,412,Recent Customers
15356,31,10,2718.03,1643,215,10,10,2010-12-06 14:05:00,2011-11-08 13:11:00,United Kingdom,271.803,164.3,336,4,5,5,14,455,Champions
15358,5,22,8347.2,7050,292,22,15,2010-12-09 10:04:00,2011-12-05 09:04:00,United Kingdom,379.41818181818184,320.45454545454544,360,5,5,5,15,555,Champions
15360,40,1,427.93,223,13,1,1,2011-10-31 09:35:00,2011-10-31 09:35:00,United Kingdom,427.93,223.0,0,3,1,2,6,312,Regular Customers
15361,362,1,418.92,336,7,1,1,2010-12-13 09:52:00,2010-12-13 09:52:00,United Kingdom,418.92,336.0,0,1,1,2,4,112,Regular Customers
15363,373,1,326.0,144,16,1,1,2010-12-02 12:28:00,2010-12-02 12:28:00,United Kingdom,326.0,144.0,0,1,1,2,4,112,Regular Customers
15364,96,2,913.19,493,29,2,2,2011-03-30 13:39:00,2011-09-05 09:46:00,United Kingdom,456.595,246.5,158,2,1,3,6,213,Regular Customers
15365,26,7,2314.32,1084,65,7,4,2011-01-28 13:08:00,2011-11-14 08:29:00,United Kingdom,330.6171428571429,154.85714285714286,289,4,5,5,14,455,Champions
15366,75,2,602.51,621,37,2,2,2010-12-16 15:59:00,2011-09-25 15:01:00,United Kingdom,301.255,310.5,282,2,1,3,6,213,Regular Customers
15367,57,4,1877.5900000000001,1057,91,4,3,2011-03-09 13:53:00,2011-10-13 14:13:00,United Kingdom,469.39750000000004,264.25,218,3,4,4,11,344,Loyal Customers
15368,21,1,446.94000000000005,230,4,1,1,2011-11-18 14:42:00,2011-11-18 14:42:00,United Kingdom,446.94000000000005,230.0,0,4,1,2,7,412,Recent Customers
15370,41,7,2386.05,830,65,7,7,2011-01-11 11:32:00,2011-10-30 10:58:00,United Kingdom,340.86428571428576,118.57142857142857,291,3,5,5,13,355,Loyal Customers
15372,137,1,2007.4,2924,27,1,1,2011-07-25 16:39:00,2011-07-25 16:39:00,United Kingdom,2007.4,2924.0,0,2,1,4,7,214,Big Spenders
15373,8,12,2415.91,500,74,12,11,2010-12-03 14:40:00,2011-12-01 15:05:00,United Kingdom,201.32583333333332,41.666666666666664,363,5,5,5,15,555,Champions
15374,129,1,168.0,126,3,1,1,2011-08-03 09:59:00,2011-08-03 09:59:00,United Kingdom,168.0,126.0,0,2,1,1,4,211,Regular Customers
15376,40,3,1221.56,615,100,3,3,2011-05-01 13:45:00,2011-10-30 15:04:00,United Kingdom,407.18666666666667,205.0,182,3,2,4,9,324,Big Spenders
15379,169,7,3703.29,2305,145,7,7,2010-12-16 13:02:00,2011-06-23 13:13:00,United Kingdom,529.0414285714286,329.2857142857143,189,2,5,5,12,255,Loyal Customers
15380,9,5,1690.26,376,22,5,5,2010-12-09 15:01:00,2011-12-01 12:13:00,United Kingdom,338.052,75.2,356,5,4,4,13,544,Champions
15381,214,2,596.85,171,8,2,2,2011-03-16 13:44:00,2011-05-10 11:55:00,United Kingdom,298.425,85.5,54,1,1,3,5,113,Regular Customers
15382,15,6,5955.71,4012,193,6,5,2011-02-17 12:01:00,2011-11-25 10:58:00,United Kingdom,992.6183333333333,668.6666666666666,280,4,5,5,14,455,Champions
15384,170,2,642.41,596,34,2,2,2010-12-15 11:34:00,2011-06-23 10:57:00,United Kingdom,321.205,298.0,189,2,1,3,6,213,Regular Customers
15385,40,1,316.88,161,12,1,1,2011-10-30 15:11:00,2011-10-30 15:11:00,United Kingdom,316.88,161.0,0,3,1,2,6,312,Regular Customers
15386,186,1,394.14,446,31,1,1,2011-06-06 13:47:00,2011-06-06 13:47:00,United Kingdom,394.14,446.0,0,1,1,2,4,112,Regular Customers
15388,270,1,140.54,88,10,1,1,2011-03-14 13:53:00,2011-03-14 13:53:00,Canada,140.54,88.0,0,1,1,1,3,111,Regular Customers
15389,172,1,500.0,400,1,1,1,2011-06-20 16:18:00,2011-06-20 16:18:00,United Kingdom,500.0,400.0,0,2,1,3,6,213,Regular Customers
15392,5,4,1535.53,1277,74,4,4,2010-12-14 15:50:00,2011-12-05 11:01:00,United Kingdom,383.8825,319.25,355,5,4,4,13,544,Champions
15393,16,2,231.86,150,10,2,2,2011-03-03 16:58:00,2011-11-23 16:48:00,United Kingdom,115.93,75.0,264,4,1,1,6,411,Recent Customers
15394,10,4,2183.54,910,54,4,4,2010-12-16 12:46:00,2011-11-30 11:49:00,United Kingdom,545.885,227.5,348,5,4,5,14,545,Champions
15395,326,1,107.45,17,7,1,1,2011-01-18 12:40:00,2011-01-18 12:40:00,United Kingdom,107.45,17.0,0,1,1,1,3,111,Regular Customers
15396,113,1,288.18,122,14,1,1,2011-08-19 10:56:00,2011-08-19 10:56:00,United Kingdom,288.18,122.0,0,2,1,2,5,212,Regular Customers
15397,290,1,94.0,20,6,1,1,2011-02-23 09:25:00,2011-02-23 09:25:00,United Kingdom,94.0,20.0,0,1,1,1,3,111,Regular Customers
15398,16,2,1345.53,769,60,2,2,2011-09-22 14:56:00,2011-11-23 16:47:00,United Kingdom,672.765,384.5,62,4,1,4,9,414,Big Spenders
15399,1,3,815.77,611,45,3,3,2011-09-21 15:57:00,2011-12-08 13:04:00,United Kingdom,271.92333333333335,203.66666666666666,77,5,2,3,10,523,Recent Customers
15400,92,5,716.2,390,10,5,5,2011-03-06 11:27:00,2011-09-08 13:57:00,United Kingdom,143.24,78.0,186,2,4,3,9,243,Loyal Customers
15402,149,2,626.35,693,34,2,2,2011-05-27 13:32:00,2011-07-14 12:17:00,United Kingdom,313.175,346.5,47,2,1,3,6,213,Regular Customers
15405,189,1,349.1,193,8,1,1,2011-06-03 14:44:00,2011-06-03 14:44:00,United Kingdom,349.1,193.0,0,1,1,2,4,112,Regular Customers
15406,31,2,510.71000000000004,254,51,2,2,2011-02-11 16:19:00,2011-11-08 13:22:00,United Kingdom,255.35500000000002,127.0,269,4,1,3,8,413,Recent Customers
15407,34,4,1046.74,552,142,4,4,2011-02-07 13:18:00,2011-11-06 11:55:00,United Kingdom,261.685,138.0,271,3,4,4,11,344,Loyal Customers
15408,264,1,267.18,106,34,1,1,2011-03-20 15:02:00,2011-03-20 15:02:00,United Kingdom,267.18,106.0,0,1,1,2,4,112,Regular Customers
15410,84,8,3450.84,1200,48,8,8,2011-03-23 10:15:00,2011-09-16 14:47:00,United Kingdom,431.355,150.0,177,2,5,5,12,255,Loyal Customers
15411,26,4,1348.93,529,86,4,4,2011-06-10 12:30:00,2011-11-13 15:19:00,United Kingdom,337.2325,132.25,156,4,4,4,12,444,Champions
15412,171,1,190.53,108,10,1,1,2011-06-21 15:24:00,2011-06-21 15:24:00,United Kingdom,190.53,108.0,0,2,1,1,4,211,Regular Customers
15414,10,3,774.9000000000001,443,37,3,3,2011-04-11 13:45:00,2011-11-30 09:50:00,United Kingdom,258.3,147.66666666666666,232,5,2,3,10,523,Recent Customers
15415,313,1,559.61,551,46,1,1,2011-01-30 14:13:00,2011-01-30 14:13:00,United Kingdom,559.61,551.0,0,1,1,3,5,113,Regular Customers
15416,65,4,3984.32,2090,165,4,4,2011-03-02 08:41:00,2011-10-06 09:38:00,United Kingdom,996.08,522.5,218,3,4,5,12,345,Loyal Customers
15417,85,1,508.8,284,28,1,1,2011-09-15 15:26:00,2011-09-15 15:26:00,United Kingdom,508.8,284.0,0,2,1,3,6,213,Regular Customers
15419,25,1,135.86,230,8,1,1,2011-11-15 09:23:00,2011-11-15 09:23:00,United Kingdom,135.86,230.0,0,4,1,1,6,411,Recent Customers
15421,59,4,950.36,500,40,4,3,2011-02-02 14:36:00,2011-10-12 09:20:00,United Kingdom,237.59,125.0,251,3,4,4,11,344,Loyal Customers
15422,323,2,97.7,38,6,2,1,2011-01-20 14:17:00,2011-01-20 16:17:00,United Kingdom,48.85,19.0,0,1,1,1,3,111,Regular Customers
15423,38,1,43.5,101,2,1,1,2011-11-01 14:01:00,2011-11-01 14:01:00,United Kingdom,43.5,101.0,0,3,1,1,5,311,Regular Customers
15424,254,2,383.34,554,17,2,1,2011-03-30 13:00:00,2011-03-30 13:02:00,United Kingdom,191.67,277.0,0,1,1,2,4,112,Regular Customers
15426,19,5,1404.07,656,217,5,4,2010-12-05 13:55:00,2011-11-20 15:36:00,United Kingdom,280.81399999999996,131.2,350,4,4,4,12,444,Champions
15427,33,3,1430.54,967,233,3,2,2011-10-23 14:47:00,2011-11-06 14:29:00,United Kingdom,476.84666666666664,322.3333333333333,13,4,2,4,10,424,Big Spenders
15428,15,1,93.78,102,6,1,1,2011-11-24 16:54:00,2011-11-24 16:54:00,United Kingdom,93.78,102.0,0,4,1,1,6,411,Recent Customers
15429,27,2,397.35,380,77,2,2,2011-09-25 13:42:00,2011-11-13 12:28:00,United Kingdom,198.675,190.0,48,4,1,2,7,412,Recent Customers
15432,23,1,171.19000000000003,65,10,1,1,2011-11-16 16:30:00,2011-11-16 16:30:00,United Kingdom,171.19000000000003,65.0,0,4,1,1,6,411,Recent Customers
15433,214,2,533.3,534,40,2,2,2011-03-17 14:12:00,2011-05-10 10:45:00,United Kingdom,266.65,267.0,53,1,1,3,5,113,Regular Customers
15434,8,5,1041.48,647,40,5,4,2011-05-23 14:18:00,2011-12-01 13:33:00,United Kingdom,208.296,129.4,191,5,4,4,13,544,Champions
15435,22,1,149.29,54,29,1,1,2011-11-17 16:39:00,2011-11-17 16:39:00,United Kingdom,149.29,54.0,0,4,1,1,6,411,Recent Customers
15436,12,3,1067.75,574,243,3,3,2011-04-19 16:52:00,2011-11-27 16:05:00,United Kingdom,355.9166666666667,191.33333333333334,221,5,2,4,11,524,Big Spenders
15437,262,1,200.16,79,44,1,1,2011-03-22 13:11:00,2011-03-22 13:11:00,United Kingdom,200.16,79.0,0,1,1,1,3,111,Regular Customers
15438,131,1,156.57999999999998,59,25,1,1,2011-07-31 14:19:00,2011-07-31 14:19:00,United Kingdom,156.57999999999998,59.0,0,2,1,1,4,211,Regular Customers
15440,55,3,383.68,197,50,3,3,2011-05-15 11:30:00,2011-10-16 12:16:00,United Kingdom,127.89333333333333,65.66666666666667,154,3,2,2,7,322,Regular Customers
15442,249,1,594.0,120,2,1,1,2011-04-05 12:24:00,2011-04-05 12:24:00,United Kingdom,594.0,120.0,0,1,1,3,5,113,Regular Customers
15443,2,7,3213.59,1639,237,7,7,2011-01-23 13:25:00,2011-12-08 10:40:00,United Kingdom,459.0842857142857,234.14285714285714,318,5,5,5,15,555,Champions
15444,9,2,1411.21,759,191,2,2,2011-10-30 16:12:00,2011-11-30 17:37:00,United Kingdom,705.605,379.5,31,5,1,4,10,514,Big Spenders
15445,264,1,113.5,58,5,1,1,2011-03-20 15:06:00,2011-03-20 15:06:00,United Kingdom,113.5,58.0,0,1,1,1,3,111,Regular Customers
15447,331,1,155.17000000000002,85,9,1,1,2011-01-13 11:26:00,2011-01-13 11:26:00,United Kingdom,155.17000000000002,85.0,0,1,1,1,3,111,Regular Customers
15448,313,1,494.64,232,28,1,1,2011-01-31 10:42:00,2011-01-31 10:42:00,United Kingdom,494.64,232.0,0,1,1,3,5,113,Regular Customers
15449,26,3,974.52,812,47,3,3,2011-03-23 10:43:00,2011-11-13 15:02:00,United Kingdom,324.84,270.6666666666667,235,4,2,4,10,424,Big Spenders
15450,30,1,429.84,376,30,1,1,2011-11-09 17:11:00,2011-11-09 17:11:00,United Kingdom,429.84,376.0,0,4,1,2,7,412,Recent Customers
15452,30,3,528.48,280,47,3,3,2011-03-20 15:21:00,2011-11-10 12:13:00,United Kingdom,176.16,93.33333333333333,234,4,2,3,9,423,Recent Customers
15453,2,7,1371.77,837,169,7,7,2011-06-05 12:37:00,2011-12-08 10:59:00,United Kingdom,195.96714285714285,119.57142857142857,185,5,5,4,14,554,Champions
15454,362,1,179.1,86,23,1,1,2010-12-12 14:21:00,2010-12-12 14:21:00,United Kingdom,179.1,86.0,0,1,1,1,3,111,Regular Customers
15456,283,3,434.59,633,48,3,2,2010-12-15 15:34:00,2011-03-01 13:51:00,United Kingdom,144.86333333333332,211.0,75,1,2,2,5,122,At Risk
15457,262,1,237.07,132,56,1,1,2011-03-22 15:31:00,2011-03-22 15:31:00,United Kingdom,237.07,132.0,0,1,1,1,3,111,Regular Customers
15458,25,1,161.64,156,7,1,1,2011-11-14 13:08:00,2011-11-14 13:08:00,United Kingdom,161.64,156.0,0,4,1,1,6,411,Recent Customers
15460,354,1,214.26,107,53,1,1,2010-12-20 16:08:00,2010-12-20 16:08:00,United Kingdom,214.26,107.0,0,1,1,1,3,111,Regular Customers
15462,94,3,234.6,172,9,3,3,2011-06-05 15:36:00,2011-09-06 13:11:00,United Kingdom,78.2,57.333333333333336,92,2,2,1,5,221,At Risk
15463,29,1,126.14,106,7,1,1,2011-11-10 12:57:00,2011-11-10 12:57:00,United Kingdom,126.14,106.0,0,4,1,1,6,411,Recent Customers
15464,338,1,1044.65,348,155,1,1,2011-01-05 15:56:00,2011-01-05 15:56:00,United Kingdom,1044.65,348.0,0,1,1,4,6,114,Big Spenders
15465,20,18,7354.62,1257,43,18,18,2010-12-05 10:12:00,2011-11-20 10:11:00,United Kingdom,408.59,69.83333333333333,349,4,5,5,14,455,Champions
15466,85,1,334.53,246,56,1,1,2011-09-15 14:08:00,2011-09-15 14:08:00,United Kingdom,334.53,246.0,0,2,1,2,5,212,Regular Customers
15467,9,3,524.88,310,41,3,3,2011-07-10 14:42:00,2011-11-30 14:17:00,United Kingdom,174.96,103.33333333333333,142,5,2,3,10,523,Recent Customers
15468,51,2,467.51,155,24,2,1,2011-10-19 13:38:00,2011-10-19 13:49:00,United Kingdom,233.755,77.5,0,3,1,2,6,312,Regular Customers
15469,50,2,538.55,153,24,2,2,2011-08-11 16:54:00,2011-10-20 16:21:00,United Kingdom,269.275,76.5,69,3,1,3,7,313,Regular Customers
15471,2,1,454.48,256,67,1,1,2011-12-07 14:12:00,2011-12-07 14:12:00,United Kingdom,454.48,256.0,0,5,1,2,8,512,Recent Customers
15472,113,1,371.56,251,76,1,1,2011-08-18 15:17:00,2011-08-18 15:17:00,United Kingdom,371.56,251.0,0,2,1,2,5,212,Regular Customers
15473,14,7,1771.2,672,4,7,4,2011-10-10 11:12:00,2011-11-25 15:15:00,United Kingdom,253.02857142857144,96.0,46,5,5,4,14,554,Champions
15475,77,1,454.11,319,29,1,1,2011-09-23 15:20:00,2011-09-23 15:20:00,United Kingdom,454.11,319.0,0,2,1,2,5,212,Regular Customers
15478,40,2,1399.92,575,34,2,2,2011-10-14 11:09:00,2011-10-30 14:19:00,United Kingdom,699.96,287.5,16,3,1,4,8,314,Big Spenders
15480,116,1,905.5,303,45,1,1,2011-08-15 14:32:00,2011-08-15 14:32:00,Malta,905.5,303.0,0,2,1,3,6,213,Regular Customers
15482,16,11,10839.76,5003,45,11,8,2010-12-16 10:08:00,2011-11-24 10:46:00,United Kingdom,985.4327272727273,454.8181818181818,343,4,5,5,14,455,Champions
15483,161,4,225.26,291,74,4,2,2011-03-18 12:26:00,2011-07-01 13:07:00,United Kingdom,56.315,72.75,105,2,4,1,7,241,At Risk
15484,1,4,3590.41,3150,135,4,4,2011-09-22 13:31:00,2011-12-08 15:03:00,United Kingdom,897.6025,787.5,77,5,4,5,14,545,Champions
15485,30,3,2564.5,1281,59,3,3,2010-12-01 13:23:00,2011-11-09 14:31:00,United Kingdom,854.8333333333334,427.0,343,4,2,5,11,425,Big Spenders
15488,93,1,91.32000000000001,73,2,1,1,2011-09-08 10:11:00,2011-09-08 10:11:00,United Kingdom,91.32000000000001,73.0,0,2,1,1,4,211,Regular Customers
15489,23,3,1134.28,608,47,3,3,2011-05-12 12:54:00,2011-11-17 08:53:00,United Kingdom,378.0933333333333,202.66666666666666,188,4,2,4,10,424,Big Spenders
15491,95,6,3100.09,1646,108,6,5,2011-04-18 10:04:00,2011-09-05 15:56:00,United Kingdom,516.6816666666667,274.3333333333333,140,2,5,5,12,255,Loyal Customers
15492,28,2,659.46,483,32,2,2,2011-09-26 14:02:00,2011-11-11 14:53:00,United Kingdom,329.73,241.5,46,4,1,3,8,413,Recent Customers
15493,33,5,1953.41,551,177,5,4,2011-03-14 11:44:00,2011-11-07 12:04:00,United Kingdom,390.682,110.2,238,4,4,4,12,444,Champions
15494,21,2,1280.58,1139,120,2,2,2011-08-10 15:29:00,2011-11-18 14:51:00,United Kingdom,640.29,569.5,99,4,1,4,9,414,Big Spenders
15497,18,2,1262.2,624,13,2,2,2011-01-24 10:01:00,2011-11-22 11:51:00,United Kingdom,631.1,312.0,302,4,1,4,9,414,Big Spenders
15498,3,27,13316.4,6105,360,27,17,2010-12-08 12:29:00,2011-12-07 12:48:00,United Kingdom,493.2,226.11111111111111,364,5,5,5,15,555,Champions
15500,8,4,1131.56,572,64,4,4,2011-09-19 13:47:00,2011-12-01 13:47:00,United Kingdom,282.89,143.0,73,5,4,4,13,544,Champions
15502,16,10,6923.98,4232,163,10,7,2010-12-05 15:40:00,2011-11-24 12:48:00,United Kingdom,692.3979999999999,423.2,353,4,5,5,14,455,Champions
15503,363,1,141.04,70,66,1,1,2010-12-12 10:57:00,2010-12-12 10:57:00,United Kingdom,141.04,70.0,0,1,1,1,3,111,Regular Customers
15504,81,1,52.83,33,13,1,1,2011-09-19 13:45:00,2011-09-19 13:45:00,United Kingdom,52.83,33.0,0,2,1,1,4,211,Regular Customers
15505,53,5,3610.96,2390,90,5,5,2011-07-07 13:33:00,2011-10-18 07:56:00,United Kingdom,722.192,478.0,102,3,4,5,12,345,Loyal Customers
15506,23,3,972.08,842,121,3,3,2011-07-24 11:45:00,2011-11-17 12:11:00,United Kingdom,324.0266666666667,280.6666666666667,116,4,2,4,10,424,Big Spenders
15507,172,1,475.86,160,41,1,1,2011-06-21 11:19:00,2011-06-21 11:19:00,United Kingdom,475.86,160.0,0,2,1,2,5,212,Regular Customers
15508,189,6,1000.27,440,78,6,4,2011-04-18 15:31:00,2011-06-03 15:43:00,United Kingdom,166.71166666666667,73.33333333333333,46,1,5,4,10,154,Loyal Customers
15510,331,1,250.0,2,1,1,1,2011-01-13 12:10:00,2011-01-13 12:10:00,United Kingdom,250.0,2.0,0,1,1,2,4,112,Regular Customers
15511,12,5,900.53,269,117,5,5,2011-09-15 15:05:00,2011-11-28 09:43:00,United Kingdom,180.106,53.8,73,5,4,3,12,543,Loyal Customers
15512,156,2,121.0,68,7,2,2,2010-12-15 12:01:00,2011-07-07 10:20:00,United Kingdom,60.5,34.0,203,2,1,1,4,211,Regular Customers
15513,33,19,14758.22,5709,183,19,15,2010-12-01 11:22:00,2011-11-06 14:36:00,United Kingdom,776.7484210526316,300.4736842105263,340,4,5,5,14,455,Champions
15514,12,11,4023.7200000000003,2098,96,11,8,2010-12-10 13:50:00,2011-11-27 14:40:00,United Kingdom,365.7927272727273,190.72727272727272,352,5,5,5,15,555,Champions
15516,45,3,62.43,27,15,3,2,2011-10-24 11:33:00,2011-10-26 10:51:00,United Kingdom,20.81,9.0,1,3,2,1,6,321,Regular Customers
15517,233,1,267.03,293,27,1,1,2011-04-20 14:02:00,2011-04-20 14:02:00,United Kingdom,267.03,293.0,0,1,1,2,4,112,Regular Customers
15518,64,8,1921.55,1263,135,8,7,2011-01-11 12:55:00,2011-10-06 13:05:00,United Kingdom,240.19375,157.875,268,3,5,4,12,354,Loyal Customers
15520,2,1,343.5,314,18,1,1,2011-12-08 10:58:00,2011-12-08 10:58:00,United Kingdom,343.5,314.0,0,5,1,2,8,512,Recent Customers
15521,40,8,3000.2,1836,116,8,6,2011-03-30 09:15:00,2011-10-30 13:42:00,United Kingdom,375.025,229.5,214,3,5,5,13,355,Loyal Customers
15522,33,2,397.99,572,47,2,2,2011-09-13 12:26:00,2011-11-07 11:26:00,United Kingdom,198.995,286.0,54,4,1,2,7,412,Recent Customers
15523,84,1,412.01000000000005,132,10,1,1,2011-09-16 16:29:00,2011-09-16 16:29:00,United Kingdom,412.01000000000005,132.0,0,2,1,2,5,212,Regular Customers
15524,25,1,440.0,4,1,1,1,2011-11-15 12:09:00,2011-11-15 12:09:00,United Kingdom,440.0,4.0,0,4,1,2,7,412,Recent Customers
15525,2,3,731.87,385,132,3,3,2010-12-01 13:17:00,2011-12-07 14:43:00,United Kingdom,243.95666666666668,128.33333333333334,371,5,2,3,10,523,Recent Customers
15526,33,2,148.44,24,4,2,1,2011-11-06 15:01:00,2011-11-06 15:04:00,United Kingdom,74.22,12.0,0,4,1,1,6,411,Recent Customers
15527,19,8,2428.53,991,127,8,8,2010-12-20 14:15:00,2011-11-21 12:17:00,United Kingdom,303.56625,123.875,335,4,5,5,14,455,Champions
15528,254,1,229.33,123,26,1,1,2011-03-30 16:14:00,2011-03-30 16:14:00,United Kingdom,229.33,123.0,0,1,1,1,3,111,Regular Customers
15529,23,11,3960.05,3454,414,11,11,2010-12-08 12:24:00,2011-11-17 11:29:00,United Kingdom,360.00454545454545,314.0,343,4,5,5,14,455,Champions
15530,22,4,1497.31,938,90,4,4,2011-04-07 11:16:00,2011-11-18 12:25:00,United Kingdom,374.3275,234.5,225,4,4,4,12,444,Champions
15531,8,2,1972.39,1085,196,2,2,2011-11-09 17:47:00,2011-12-01 18:43:00,United Kingdom,986.195,542.5,22,5,1,4,10,514,Big Spenders
15532,25,4,1554.83,513,204,4,4,2010-12-16 16:45:00,2011-11-14 14:51:00,United Kingdom,388.7075,128.25,332,4,4,4,12,444,Champions
15533,19,3,807.57,289,73,3,3,2011-09-11 15:41:00,2011-11-20 15:35:00,United Kingdom,269.19,96.33333333333333,69,4,2,3,9,423,Recent Customers
15535,173,4,502.9,135,55,4,3,2011-01-16 12:35:00,2011-06-19 16:02:00,United Kingdom,125.725,33.75,154,2,4,3,9,243,Loyal Customers
15537,163,1,110.92,29,24,1,1,2011-06-29 13:10:00,2011-06-29 13:10:00,United Kingdom,110.92,29.0,0,2,1,1,4,211,Regular Customers
15539,7,1,538.46,410,41,1,1,2011-12-02 13:36:00,2011-12-02 13:36:00,United Kingdom,538.46,410.0,0,5,1,3,9,513,Recent Customers
15540,11,1,213.3,200,15,1,1,2011-11-28 13:51:00,2011-11-28 13:51:00,United Kingdom,213.3,200.0,0,5,1,1,7,511,Recent Customers
15541,114,1,85.13000000000001,49,29,1,1,2011-08-17 14:58:00,2011-08-17 14:58:00,United Kingdom,85.13000000000001,49.0,0,2,1,1,4,211,Regular Customers
15543,288,1,127.86,86,26,1,1,2011-02-24 15:26:00,2011-02-24 15:26:00,United Kingdom,127.86,86.0,0,1,1,1,3,111,Regular Customers
15544,9,9,3546.71,3109,122,9,9,2010-12-02 12:47:00,2011-11-30 16:43:00,United Kingdom,394.0788888888889,345.44444444444446,363,5,5,5,15,555,Champions
15545,54,2,288.96999999999997,162,78,2,2,2010-12-03 17:28:00,2011-10-16 13:24:00,United Kingdom,144.48499999999999,81.0,316,3,1,2,6,312,Regular Customers
15547,7,14,4910.6,3999,441,14,12,2010-12-12 13:26:00,2011-12-02 12:52:00,United Kingdom,350.75714285714287,285.64285714285717,354,5,5,5,15,555,Champions
15549,77,3,1677.71,691,103,3,3,2011-01-27 15:38:00,2011-09-23 16:22:00,United Kingdom,559.2366666666667,230.33333333333334,239,2,2,4,8,224,Big Spenders
15550,4,4,575.63,295,43,4,4,2011-02-11 12:49:00,2011-12-05 15:38:00,United Kingdom,143.9075,73.75,297,5,4,3,12,543,Loyal Customers
15551,37,1,436.06,218,29,1,1,2011-11-03 12:37:00,2011-11-03 12:37:00,United Kingdom,436.06,218.0,0,3,1,2,6,312,Regular Customers
15552,217,1,90.12,60,17,1,1,2011-05-06 14:47:00,2011-05-06 14:47:00,United Kingdom,90.12,60.0,0,1,1,1,3,111,Regular Customers
15553,60,1,428.93,449,51,1,1,2011-10-10 14:02:00,2011-10-10 14:02:00,United Kingdom,428.93,449.0,0,3,1,2,6,312,Regular Customers
15554,278,1,217.2,74,14,1,1,2011-03-07 09:00:00,2011-03-07 09:00:00,United Kingdom,217.2,74.0,0,1,1,1,3,111,Regular Customers
15555,12,16,4791.87,4397,400,16,16,2010-12-05 14:45:00,2011-11-27 16:19:00,United Kingdom,299.491875,274.8125,357,5,5,5,15,555,Champions
15556,24,1,279.77,236,31,1,1,2011-11-15 16:08:00,2011-11-15 16:08:00,United Kingdom,279.77,236.0,0,4,1,2,7,412,Recent Customers
15557,29,1,468.91,213,16,1,1,2011-11-11 12:46:00,2011-11-11 12:46:00,United Kingdom,468.91,213.0,0,4,1,2,7,412,Recent Customers
15561,12,4,800.5899999999999,267,27,4,3,2011-05-08 11:38:00,2011-11-28 11:07:00,United Kingdom,200.14749999999998,66.75,203,5,4,3,12,543,Loyal Customers
15562,352,1,134.55,39,1,1,1,2010-12-23 09:55:00,2010-12-23 09:55:00,United Kingdom,134.55,39.0,0,1,1,1,3,111,Regular Customers
15563,22,3,1361.44,1441,87,3,3,2010-12-16 11:27:00,2011-11-17 12:59:00,United Kingdom,453.81333333333333,480.3333333333333,336,4,2,4,10,424,Big Spenders
15565,50,2,173.16000000000003,60,8,2,2,2011-09-30 10:44:00,2011-10-20 14:33:00,United Kingdom,86.58000000000001,30.0,20,3,1,1,5,311,Regular Customers
15567,19,1,186.01,223,7,1,1,2011-11-21 10:48:00,2011-11-21 10:48:00,United Kingdom,186.01,223.0,0,4,1,1,6,411,Recent Customers
15568,3,3,758.29,461,27,3,3,2011-09-27 14:37:00,2011-12-07 11:27:00,United Kingdom,252.76333333333332,153.66666666666666,70,5,2,3,10,523,Recent Customers
15569,104,5,1375.71,666,27,5,4,2011-01-11 13:26:00,2011-08-28 10:15:00,United Kingdom,275.142,133.2,228,2,4,4,10,244,Loyal Customers
15570,7,12,4148.82,2063,231,12,12,2010-12-05 12:57:00,2011-12-02 14:47:00,United Kingdom,345.73499999999996,171.91666666666666,362,5,5,5,15,555,Champions
15571,12,4,650.4300000000001,264,47,4,4,2011-09-22 13:15:00,2011-11-28 10:02:00,United Kingdom,162.60750000000002,66.0,66,5,4,3,12,543,Loyal Customers
15572,5,7,2533.42,1213,166,7,5,2011-03-06 14:44:00,2011-12-05 10:09:00,United Kingdom,361.9171428571429,173.28571428571428,273,5,5,5,15,555,Champions
15573,32,2,583.24,354,87,2,2,2011-09-15 12:16:00,2011-11-08 11:38:00,United Kingdom,291.62,177.0,53,4,1,3,8,413,Recent Customers
15574,178,4,675.64,332,131,4,3,2010-12-02 15:46:00,2011-06-15 12:01:00,United Kingdom,168.91,83.0,194,2,4,3,9,243,Loyal Customers
15576,38,1,921.37,394,43,1,1,2011-11-02 12:03:00,2011-11-02 12:03:00,United Kingdom,921.37,394.0,0,3,1,3,7,313,Regular Customers
15577,151,3,258.88,89,39,3,2,2011-02-07 13:32:00,2011-07-11 17:03:00,United Kingdom,86.29333333333334,29.666666666666668,154,2,2,2,6,222,At Risk
15578,162,1,127.1,52,13,1,1,2011-06-30 13:03:00,2011-06-30 13:03:00,United Kingdom,127.1,52.0,0,2,1,1,4,211,Regular Customers
15579,69,2,327.6,117,45,2,2,2011-01-30 12:09:00,2011-10-02 12:45:00,United Kingdom,163.8,58.5,245,3,1,2,6,312,Regular Customers
15581,156,10,717.4300000000001,280,133,10,9,2010-12-08 14:38:00,2011-07-06 14:04:00,United Kingdom,71.74300000000001,28.0,209,2,5,3,10,253,Loyal Customers
15582,25,3,682.9100000000001,453,39,3,3,2011-05-03 13:36:00,2011-11-15 09:55:00,United Kingdom,227.63666666666668,151.0,195,4,2,3,9,423,Recent Customers
15584,24,4,720.86,313,89,4,4,2011-06-30 16:39:00,2011-11-16 10:55:00,United Kingdom,180.215,78.25,138,4,4,3,11,443,Loyal Customers
15585,177,1,455.3,320,31,1,1,2011-06-16 08:38:00,2011-06-16 08:38:00,United Kingdom,455.3,320.0,0,2,1,2,5,212,Regular Customers
15587,50,4,913.68,312,3,4,4,2010-12-23 09:59:00,2011-10-20 13:37:00,United Kingdom,228.42,78.0,301,3,4,3,10,343,Loyal Customers
15589,256,3,478.53,243,28,3,2,2011-02-02 10:46:00,2011-03-29 09:54:00,United Kingdom,159.51,81.0,54,1,2,2,5,122,At Risk
15592,47,1,388.58,354,24,1,1,2011-10-24 08:59:00,2011-10-24 08:59:00,United Kingdom,388.58,354.0,0,3,1,2,6,312,Regular Customers
15593,71,1,199.8,60,5,1,1,2011-09-30 11:46:00,2011-09-30 11:46:00,United Kingdom,199.8,60.0,0,3,1,1,5,311,Regular Customers
15594,16,5,1771.78,983,85,5,5,2011-04-19 10:08:00,2011-11-24 08:53:00,United Kingdom,354.356,196.6,218,4,4,4,12,444,Champions
15596,101,5,1406.59,561,51,5,5,2010-12-09 16:10:00,2011-08-31 10:55:00,United Kingdom,281.318,112.2,264,2,4,4,10,244,Loyal Customers
15597,35,1,324.57,279,22,1,1,2011-11-04 13:26:00,2011-11-04 13:26:00,United Kingdom,324.57,279.0,0,3,1,2,6,312,Regular Customers
15598,53,1,240.68,160,14,1,1,2011-10-17 16:04:00,2011-10-17 16:04:00,United Kingdom,240.68,160.0,0,3,1,1,5,311,Regular Customers
15599,27,2,761.74,718,50,2,2,2011-05-19 13:05:00,2011-11-13 11:44:00,United Kingdom,380.87,359.0,177,4,1,3,8,413,Recent Customers
15601,11,14,6776.56,4983,230,14,14,2010-12-02 10:39:00,2011-11-28 15:15:00,United Kingdom,484.04,355.92857142857144,361,5,5,5,15,555,Champions
15602,8,9,1297.8700000000001,1137,30,9,9,2010-12-06 15:35:00,2011-12-01 14:14:00,United Kingdom,144.20777777777778,126.33333333333333,359,5,5,4,14,554,Champions
15603,79,1,48.480000000000004,96,2,1,1,2011-09-22 10:04:00,2011-09-22 10:04:00,United Kingdom,48.480000000000004,96.0,0,2,1,1,4,211,Regular Customers
15604,52,1,216.39000000000001,159,17,1,1,2011-10-18 14:47:00,2011-10-18 14:47:00,United Kingdom,216.39000000000001,159.0,0,3,1,1,5,311,Regular Customers
15605,36,5,1198.23,441,61,5,5,2010-12-01 13:38:00,2011-11-03 14:17:00,United Kingdom,239.64600000000002,88.2,337,3,4,4,11,344,Loyal Customers
15606,61,9,2920.16,892,48,9,9,2011-01-19 12:07:00,2011-10-09 15:47:00,United Kingdom,324.4622222222222,99.11111111111111,263,3,5,5,13,355,Loyal Customers
15607,337,1,104.76,202,13,1,1,2011-01-07 12:44:00,2011-01-07 12:44:00,United Kingdom,104.76,202.0,0,1,1,1,3,111,Regular Customers
15608,28,4,1093.68,714,59,4,3,2011-08-11 09:56:00,2011-11-11 13:20:00,United Kingdom,273.42,178.5,92,4,4,4,12,444,Champions
15609,184,1,298.48,148,16,1,1,2011-06-08 13:00:00,2011-06-08 13:00:00,United Kingdom,298.48,148.0,0,1,1,2,4,112,Regular Customers
15610,52,1,112.46000000000001,66,6,1,1,2011-10-19 10:36:00,2011-10-19 10:36:00,United Kingdom,112.46000000000001,66.0,0,3,1,1,5,311,Regular Customers
15611,10,11,1570.45,502,22,11,11,2011-01-09 11:32:00,2011-11-30 12:36:00,United Kingdom,142.76818181818183,45.63636363636363,325,5,5,4,14,554,Champions
15612,36,2,195.15,52,4,2,2,2011-10-09 12:49:00,2011-11-03 14:52:00,United Kingdom,97.575,26.0,25,3,1,1,5,311,Regular Customers
15615,10,23,10399.74,5508,184,23,17,2010-12-15 16:21:00,2011-11-29 14:42:00,United Kingdom,452.1626086956522,239.47826086956522,348,5,5,5,15,555,Champions
15618,33,4,776.851,454,39,4,3,2011-07-26 10:13:00,2011-11-07 08:34:00,United Kingdom,194.21275,113.5,103,4,4,3,11,443,Loyal Customers
15619,11,1,336.4,136,3,1,1,2011-11-29 08:14:00,2011-11-29 08:14:00,United Kingdom,336.4,136.0,0,5,1,2,8,512,Recent Customers
15620,57,3,1553.18,915,92,3,3,2010-12-16 14:34:00,2011-10-14 12:41:00,United Kingdom,517.7266666666667,305.0,301,3,2,4,9,324,Big Spenders
15621,4,4,1293.03,501,11,4,3,2011-11-18 11:49:00,2011-12-05 14:01:00,United Kingdom,323.2575,125.25,17,5,4,4,13,544,Champions
15622,43,9,3709.56,1674,169,9,5,2011-03-02 13:42:00,2011-10-27 16:44:00,United Kingdom,412.17333333333335,186.0,239,3,5,5,13,355,Loyal Customers
15623,141,1,301.03000000000003,125,19,1,1,2011-07-21 17:26:00,2011-07-21 17:26:00,United Kingdom,301.03000000000003,125.0,0,2,1,2,5,212,Regular Customers
15624,117,4,588.13,357,26,4,4,2011-03-28 13:32:00,2011-08-15 11:38:00,United Kingdom,147.0325,89.25,139,2,4,3,9,243,Loyal Customers
15625,104,4,1534.26,1188,44,4,4,2011-04-18 14:01:00,2011-08-28 10:21:00,United Kingdom,383.565,297.0,131,2,4,4,10,244,Loyal Customers
15626,75,2,675.8,766,49,2,2,2011-01-14 10:10:00,2011-09-26 10:03:00,United Kingdom,337.9,383.0,254,2,1,3,6,213,Regular Customers
15628,5,9,2870.2400000000002,1894,85,9,9,2010-12-08 09:51:00,2011-12-05 10:24:00,United Kingdom,318.91555555555556,210.44444444444446,362,5,5,5,15,555,Champions
15630,45,2,1186.35,800,57,2,2,2011-05-19 10:16:00,2011-10-25 15:36:00,United Kingdom,593.175,400.0,159,3,1,4,8,314,Big Spenders
15632,16,8,3285.31,2109,107,8,8,2011-03-10 08:29:00,2011-11-24 09:51:00,United Kingdom,410.66375,263.625,259,4,5,5,14,455,Champions
15634,17,1,243.55,99,15,1,1,2011-11-22 16:28:00,2011-11-22 16:28:00,United Kingdom,243.55,99.0,0,4,1,1,6,411,Recent Customers
15636,90,2,724.76,284,20,2,2,2011-03-02 14:50:00,2011-09-11 11:17:00,United Kingdom,362.38,142.0,192,2,1,3,6,213,Regular Customers
15637,53,1,223.36,128,15,1,1,2011-10-18 08:28:00,2011-10-18 08:28:00,United Kingdom,223.36,128.0,0,3,1,1,5,311,Regular Customers
15639,134,1,425.32,323,25,1,1,2011-07-28 14:30:00,2011-07-28 14:30:00,United Kingdom,425.32,323.0,0,2,1,2,5,212,Regular Customers
15640,4,15,12416.11,6572,240,15,15,2010-12-02 15:40:00,2011-12-05 14:35:00,United Kingdom,827.7406666666667,438.1333333333333,367,5,5,5,15,555,Champions
15641,105,4,1887.2,1562,102,4,4,2010-12-15 14:45:00,2011-08-26 14:04:00,United Kingdom,471.8,390.5,253,2,4,4,10,244,Loyal Customers
15643,192,3,664.0,246,31,3,2,2011-03-02 14:34:00,2011-06-01 07:38:00,United Kingdom,221.33333333333334,82.0,90,1,2,3,6,123,At Risk
15644,166,4,803.54,550,166,4,3,2011-03-23 15:37:00,2011-06-26 14:54:00,United Kingdom,200.885,137.5,94,2,4,3,9,243,Loyal Customers
15645,19,1,611.59,255,49,1,1,2011-11-21 11:55:00,2011-11-21 11:55:00,United Kingdom,611.59,255.0,0,4,1,3,8,413,Recent Customers
15646,158,3,447.64000000000004,394,35,3,3,2010-12-02 16:59:00,2011-07-05 09:53:00,United Kingdom,149.21333333333334,131.33333333333334,214,2,2,2,6,222,At Risk
15648,204,2,639.5,218,23,2,2,2011-03-17 18:59:00,2011-05-19 15:53:00,United Kingdom,319.75,109.0,62,1,1,3,5,113,Regular Customers
15649,336,2,816.0,192,1,2,2,2010-12-07 10:06:00,2011-01-07 13:34:00,United Kingdom,408.0,96.0,31,1,1,3,5,113,Regular Customers
15651,37,3,646.3,479,27,3,2,2011-03-24 08:56:00,2011-11-03 08:41:00,United Kingdom,215.4333333333333,159.66666666666666,223,3,2,3,8,323,Regular Customers
15652,91,1,337.74,208,21,1,1,2011-09-09 14:22:00,2011-09-09 14:22:00,United Kingdom,337.74,208.0,0,2,1,2,5,212,Regular Customers
15653,93,2,877.44,1200,4,2,2,2011-08-16 09:50:00,2011-09-08 10:49:00,United Kingdom,438.72,600.0,23,2,1,3,6,213,Regular Customers
15654,9,2,922.53,475,15,2,2,2011-11-13 15:15:00,2011-11-30 13:08:00,United Kingdom,461.265,237.5,16,5,1,4,10,514,Big Spenders
15655,243,1,560.6700000000001,324,34,1,1,2011-04-10 15:25:00,2011-04-10 15:25:00,United Kingdom,560.6700000000001,324.0,0,1,1,3,5,113,Regular Customers
15656,45,4,748.5,343,46,4,4,2011-02-28 15:32:00,2011-10-25 14:56:00,United Kingdom,187.125,85.75,238,3,4,3,10,343,Loyal Customers
15657,23,1,30.0,24,1,1,1,2011-11-17 12:19:00,2011-11-17 12:19:00,United Kingdom,30.0,24.0,0,4,1,1,6,411,Recent Customers
15658,190,5,1024.1000000000001,242,40,5,5,2010-12-02 10:53:00,2011-06-02 15:22:00,United Kingdom,204.82000000000002,48.4,182,1,4,4,9,144,Loyal Customers
15659,44,1,306.45,111,11,1,1,2011-10-27 09:23:00,2011-10-27 09:23:00,United Kingdom,306.45,111.0,0,3,1,2,6,312,Regular Customers
15660,25,9,1600.86,1050,55,9,6,2010-12-09 09:49:00,2011-11-14 16:58:00,United Kingdom,177.87333333333333,116.66666666666667,340,4,5,4,13,454,Champions
15661,317,2,309.8,236,4,2,2,2011-01-05 12:32:00,2011-01-26 13:56:00,United Kingdom,154.9,118.0,21,1,1,2,4,112,Regular Customers
15663,106,1,138.14,106,9,1,1,2011-08-25 15:50:00,2011-08-25 15:50:00,United Kingdom,138.14,106.0,0,2,1,1,4,211,Regular Customers
15664,51,1,386.43,157,17,1,1,2011-10-20 10:57:00,2011-10-20 10:57:00,United Kingdom,386.43,157.0,0,3,1,2,6,312,Regular Customers
15665,168,2,2222.21,1654,92,2,2,2011-04-10 15:09:00,2011-06-24 14:57:00,United Kingdom,1111.105,827.0,74,2,1,5,8,215,Big Spenders
15667,40,1,301.32000000000005,240,13,1,1,2011-10-31 10:56:00,2011-10-31 10:56:00,United Kingdom,301.32000000000005,240.0,0,3,1,2,6,312,Regular Customers
15668,218,1,76.32000000000001,72,1,1,1,2011-05-06 10:39:00,2011-05-06 10:39:00,United Kingdom,76.32000000000001,72.0,0,1,1,1,3,111,Regular Customers
15669,40,4,684.34,342,31,4,4,2011-03-21 09:13:00,2011-10-30 16:03:00,United Kingdom,171.085,85.5,223,3,4,3,10,343,Loyal Customers
15670,297,1,173.05,91,12,1,1,2011-02-16 10:50:00,2011-02-16 10:50:00,United Kingdom,173.05,91.0,0,1,1,1,3,111,Regular Customers
15671,19,7,2657.13,1699,52,7,7,2011-03-14 09:37:00,2011-11-21 12:43:00,United Kingdom,379.59000000000003,242.71428571428572,252,4,5,5,14,455,Champions
15673,88,4,2726.23,1451,107,4,4,2011-01-16 16:25:00,2011-09-12 16:12:00,United Kingdom,681.5575,362.75,238,2,4,5,11,245,Loyal Customers
15674,73,4,2111.89,1274,87,4,4,2011-03-30 09:19:00,2011-09-27 15:17:00,United Kingdom,527.9725,318.5,181,2,4,5,11,245,Loyal Customers
15675,81,3,323.69,527,20,3,3,2011-03-04 14:21:00,2011-09-19 13:48:00,United Kingdom,107.89666666666666,175.66666666666666,198,2,2,2,6,222,At Risk
15676,19,3,3435.76,2252,191,3,3,2011-03-01 10:19:00,2011-11-21 12:40:00,United Kingdom,1145.2533333333333,750.6666666666666,265,4,2,5,11,425,Big Spenders
15677,49,1,657.23,319,33,1,1,2011-10-21 15:36:00,2011-10-21 15:36:00,United Kingdom,657.23,319.0,0,3,1,3,7,313,Regular Customers
15678,53,1,352.7,184,12,1,1,2011-10-18 09:25:00,2011-10-18 09:25:00,United Kingdom,352.7,184.0,0,3,1,2,6,312,Regular Customers
15679,24,4,781.28,1170,98,4,4,2011-06-10 08:24:00,2011-11-15 16:19:00,United Kingdom,195.32,292.5,158,4,4,3,11,443,Loyal Customers
15680,9,3,1333.68,952,61,3,3,2010-12-08 14:43:00,2011-11-30 13:46:00,United Kingdom,444.56,317.3333333333333,356,5,2,4,11,524,Big Spenders
15681,25,5,1426.16,816,32,5,4,2011-03-04 13:46:00,2011-11-14 16:30:00,United Kingdom,285.232,163.2,255,4,4,4,12,444,Champions
15683,117,1,193.75,131,10,1,1,2011-08-14 12:56:00,2011-08-14 12:56:00,United Kingdom,193.75,131.0,0,2,1,1,4,211,Regular Customers
15687,9,9,2993.1,1310,119,9,8,2011-01-13 15:13:00,2011-12-01 08:33:00,United Kingdom,332.56666666666666,145.55555555555554,321,5,5,5,15,555,Champions
15689,120,2,254.1,84,8,2,2,2010-12-13 09:57:00,2011-08-12 09:37:00,United Kingdom,127.05,42.0,241,2,1,2,5,212,Regular Customers
15690,4,2,239.76,408,19,2,2,2011-08-31 11:40:00,2011-12-05 15:59:00,United Kingdom,119.88,204.0,96,5,1,1,7,511,Recent Customers
15691,252,1,136.8,72,2,1,1,2011-04-01 15:13:00,2011-04-01 15:13:00,United Kingdom,136.8,72.0,0,1,1,1,3,111,Regular Customers
15692,28,1,191.04,138,12,1,1,2011-11-11 14:12:00,2011-11-11 14:12:00,United Kingdom,191.04,138.0,0,4,1,1,6,411,Recent Customers
15694,1,13,6464.4,1676,41,13,13,2010-12-02 07:49:00,2011-12-09 09:44:00,United Kingdom,497.2615384615384,128.92307692307693,372,5,5,5,15,555,Champions
15695,267,2,409.98,212,22,2,1,2011-03-18 08:31:00,2011-03-18 08:32:00,United Kingdom,204.99,106.0,0,1,1,2,4,112,Regular Customers
15696,33,8,2711.11,1015,140,8,8,2011-01-17 11:24:00,2011-11-06 14:02:00,United Kingdom,338.88875,126.875,293,4,5,5,14,455,Champions
15699,18,1,309.65,113,18,1,1,2011-11-22 08:26:00,2011-11-22 08:26:00,United Kingdom,309.65,113.0,0,4,1,2,7,412,Recent Customers
15700,172,2,696.68,357,85,2,2,2011-06-19 15:36:00,2011-06-20 16:53:00,United Kingdom,348.34,178.5,1,2,1,3,6,213,Regular Customers
15701,2,4,1529.0,912,193,4,4,2011-08-21 12:36:00,2011-12-07 14:39:00,United Kingdom,382.25,228.0,108,5,4,4,13,544,Champions
15703,265,1,211.5,66,5,1,1,2011-03-20 10:51:00,2011-03-20 10:51:00,United Kingdom,211.5,66.0,0,1,1,1,3,111,Regular Customers
15704,140,4,2293.62,1028,79,4,3,2011-05-08 12:42:00,2011-07-22 13:35:00,United Kingdom,573.405,257.0,75,2,4,5,11,245,Loyal Customers
15705,201,1,143.1,62,6,1,1,2011-05-22 15:37:00,2011-05-22 15:37:00,United Kingdom,143.1,62.0,0,1,1,1,3,111,Regular Customers
15706,64,4,1060.56,321,50,4,4,2011-08-15 14:32:00,2011-10-07 10:09:00,United Kingdom,265.14,80.25,52,3,4,4,11,344,Loyal Customers
15707,35,4,916.98,594,126,4,4,2011-09-14 14:19:00,2011-11-04 14:35:00,United Kingdom,229.245,148.5,51,3,4,3,10,343,Loyal Customers
15708,41,7,3235.25,1217,124,7,7,2010-12-05 11:12:00,2011-10-30 10:54:00,United Kingdom,462.17857142857144,173.85714285714286,328,3,5,5,13,355,Loyal Customers
15709,284,1,133.25,121,6,1,1,2011-03-01 10:38:00,2011-03-01 10:38:00,United Kingdom,133.25,121.0,0,1,1,1,3,111,Regular Customers
15712,9,5,1072.3600000000001,486,41,5,5,2011-02-25 11:32:00,2011-11-30 14:09:00,United Kingdom,214.47200000000004,97.2,278,5,4,4,13,544,Champions
15713,143,2,356.7,150,18,2,2,2010-12-08 15:16:00,2011-07-19 13:34:00,United Kingdom,178.35,75.0,222,2,1,2,5,212,Regular Customers
15714,12,2,330.03000000000003,186,34,2,2,2011-09-23 11:25:00,2011-11-28 11:26:00,United Kingdom,165.01500000000001,93.0,66,5,1,2,8,512,Recent Customers
15716,146,4,1101.11,738,101,4,4,2010-12-05 12:26:00,2011-07-17 11:59:00,United Kingdom,275.2775,184.5,223,2,4,4,10,244,Loyal Customers
15717,234,1,150.3,70,7,1,1,2011-04-19 13:21:00,2011-04-19 13:21:00,United Kingdom,150.3,70.0,0,1,1,1,3,111,Regular Customers
15719,33,13,5028.42,2717,298,13,13,2011-01-06 12:31:00,2011-11-07 12:29:00,United Kingdom,386.8015384615385,209.0,304,4,5,5,14,455,Champions
15720,24,1,598.73,281,128,1,1,2011-11-15 14:48:00,2011-11-15 14:48:00,United Kingdom,598.73,281.0,0,4,1,3,8,413,Recent Customers
15721,12,1,471.40000000000003,388,80,1,1,2011-11-28 12:14:00,2011-11-28 12:14:00,United Kingdom,471.40000000000003,388.0,0,5,1,2,8,512,Recent Customers
15722,36,5,2211.21,1023,45,5,4,2011-02-22 12:24:00,2011-11-04 11:43:00,United Kingdom,442.242,204.6,254,3,4,5,12,345,Loyal Customers
15723,365,1,190.70000000000002,73,37,1,1,2010-12-10 11:12:00,2010-12-10 11:12:00,United Kingdom,190.70000000000002,73.0,0,1,1,1,3,111,Regular Customers
15724,201,2,218.25,73,11,2,2,2011-02-28 10:40:00,2011-05-22 14:40:00,United Kingdom,109.125,36.5,83,1,1,1,3,111,Regular Customers
15725,15,1,415.25,221,32,1,1,2011-11-24 14:51:00,2011-11-24 14:51:00,United Kingdom,415.25,221.0,0,4,1,2,7,412,Recent Customers
15727,17,7,5159.06,3063,213,7,7,2010-12-15 15:47:00,2011-11-23 12:36:00,United Kingdom,737.0085714285715,437.57142857142856,342,4,5,5,14,455,Champions
15729,213,1,85.0,28,5,1,1,2011-05-11 12:36:00,2011-05-11 12:36:00,United Kingdom,85.0,28.0,0,1,1,1,3,111,Regular Customers
15730,66,3,1120.88,689,68,3,3,2011-05-17 12:43:00,2011-10-05 12:31:00,United Kingdom,373.6266666666667,229.66666666666666,140,3,2,4,9,324,Big Spenders
15732,212,2,294.12,215,13,2,2,2010-12-02 15:00:00,2011-05-11 14:24:00,United Kingdom,147.06,107.5,159,1,1,2,4,112,Regular Customers
15733,283,1,162.3,62,10,1,1,2011-03-02 09:05:00,2011-03-02 09:05:00,United Kingdom,162.3,62.0,0,1,1,1,3,111,Regular Customers
15734,115,2,1339.45,346,25,2,2,2011-05-23 14:59:00,2011-08-17 10:50:00,United Kingdom,669.725,173.0,85,2,1,4,7,214,Big Spenders
15737,15,8,1188.1200000000001,597,60,8,7,2011-04-11 10:01:00,2011-11-25 11:21:00,United Kingdom,148.51500000000001,74.625,228,4,5,4,13,454,Champions
15738,19,16,4812.42,2982,46,16,15,2010-12-02 12:50:00,2011-11-21 08:26:00,United Kingdom,300.77625,186.375,353,4,5,5,14,455,Champions
15739,66,1,449.12,472,8,1,1,2011-10-04 13:42:00,2011-10-04 13:42:00,United Kingdom,449.12,472.0,0,3,1,2,6,312,Regular Customers
15740,49,1,154.88,152,9,1,1,2011-10-21 14:29:00,2011-10-21 14:29:00,United Kingdom,154.88,152.0,0,3,1,1,5,311,Regular Customers
15743,16,4,775.96,214,59,4,4,2011-06-08 10:14:00,2011-11-23 17:19:00,United Kingdom,193.99,53.5,168,4,4,3,11,443,Loyal Customers
15744,78,1,34.8,120,3,1,1,2011-09-23 09:52:00,2011-09-23 09:52:00,United Kingdom,34.8,120.0,0,2,1,1,4,211,Regular Customers
15745,19,4,1094.5900000000001,421,57,4,4,2011-04-17 13:04:00,2011-11-20 13:45:00,United Kingdom,273.64750000000004,105.25,217,4,4,4,12,444,Champions
15746,134,1,196.88,178,28,1,1,2011-07-28 15:21:00,2011-07-28 15:21:00,United Kingdom,196.88,178.0,0,2,1,1,4,211,Regular Customers
15747,13,3,946.64,466,52,3,3,2011-06-20 11:30:00,2011-11-27 12:26:00,United Kingdom,315.5466666666667,155.33333333333334,160,5,2,4,11,524,Big Spenders
15748,40,1,144.36,50,19,1,1,2011-10-30 12:51:00,2011-10-30 12:51:00,United Kingdom,144.36,50.0,0,3,1,1,5,311,Regular Customers
15749,235,3,44534.3,18028,5,3,2,2011-01-11 12:55:00,2011-04-18 13:20:00,United Kingdom,14844.766666666668,6009.333333333333,97,1,2,5,8,125,Big Spenders
15750,3,8,2463.05,1783,214,8,7,2010-12-08 10:36:00,2011-12-07 12:34:00,United Kingdom,307.88125,222.875,364,5,5,5,15,555,Champions
15752,40,7,2626.6,1960,236,7,7,2010-12-02 09:43:00,2011-10-31 11:37:00,United Kingdom,375.2285714285714,280.0,333,3,5,5,13,355,Loyal Customers
15753,305,1,79.2,144,1,1,1,2011-02-08 12:41:00,2011-02-08 12:41:00,United Kingdom,79.2,144.0,0,1,1,1,3,111,Regular Customers
15754,51,3,458.57,199,24,3,3,2011-04-07 12:24:00,2011-10-19 14:40:00,United Kingdom,152.85666666666665,66.33333333333333,195,3,2,2,7,322,Regular Customers
15755,10,6,2364.25,1427,127,6,6,2011-02-18 11:53:00,2011-11-29 14:57:00,United Kingdom,394.0416666666667,237.83333333333334,284,5,5,5,15,555,Champions
15756,61,4,528.01,241,160,4,4,2011-04-04 14:00:00,2011-10-09 13:30:00,United Kingdom,132.0025,60.25,187,3,4,3,10,343,Loyal Customers
15757,66,2,714.42,491,43,2,2,2011-05-06 11:40:00,2011-10-05 12:14:00,United Kingdom,357.21,245.5,152,3,1,3,7,313,Regular Customers
15758,25,1,205.25,47,9,1,1,2011-11-15 10:48:00,2011-11-15 10:48:00,United Kingdom,205.25,47.0,0,4,1,1,6,411,Recent Customers
15759,218,3,253.04000000000002,60,5,3,3,2010-12-16 15:29:00,2011-05-05 15:13:00,United Kingdom,84.34666666666668,20.0,139,1,2,2,5,122,At Risk
15762,65,2,583.75,251,37,2,2,2011-09-23 15:17:00,2011-10-05 16:15:00,United Kingdom,291.875,125.5,12,3,1,3,7,313,Regular Customers
15763,32,2,1086.92,271,58,2,2,2011-09-23 12:10:00,2011-11-08 09:44:00,United Kingdom,543.46,135.5,45,4,1,4,9,414,Big Spenders
15764,88,6,3279.9700000000003,2050,150,6,4,2011-03-08 09:23:00,2011-09-12 17:58:00,United Kingdom,546.6616666666667,341.6666666666667,188,2,5,5,12,255,Loyal Customers
15766,64,1,315.06,170,11,1,1,2011-10-06 17:03:00,2011-10-06 17:03:00,United Kingdom,315.06,170.0,0,3,1,2,6,312,Regular Customers
15768,116,3,621.83,244,23,3,3,2011-04-28 09:20:00,2011-08-16 10:48:00,United Kingdom,207.27666666666667,81.33333333333333,110,2,2,3,7,223,At Risk
15769,7,26,56252.72,29672,26,26,22,2010-12-03 15:16:00,2011-12-02 13:52:00,United Kingdom,2163.566153846154,1141.2307692307693,363,5,5,5,15,555,Champions
15773,6,1,635.6800000000001,311,10,1,1,2011-12-04 12:48:00,2011-12-04 12:48:00,United Kingdom,635.6800000000001,311.0,0,5,1,3,9,513,Recent Customers
15774,69,1,270.8,87,25,1,1,2011-10-02 12:04:00,2011-10-02 12:04:00,United Kingdom,270.8,87.0,0,3,1,2,6,312,Regular Customers
15775,245,1,104.9,68,7,1,1,2011-04-08 12:56:00,2011-04-08 12:56:00,United Kingdom,104.9,68.0,0,1,1,1,3,111,Regular Customers
15776,133,1,241.62,138,18,1,1,2011-07-29 13:46:00,2011-07-29 13:46:00,United Kingdom,241.62,138.0,0,2,1,1,4,211,Regular Customers
15777,241,4,1047.1100000000001,378,18,4,3,2010-12-13 16:38:00,2011-04-12 16:43:00,United Kingdom,261.77750000000003,94.5,120,1,4,4,9,144,Loyal Customers
15780,184,3,475.28000000000003,220,26,3,3,2010-12-17 11:43:00,2011-06-09 12:01:00,United Kingdom,158.42666666666668,73.33333333333333,174,1,2,2,5,122,At Risk
15781,25,3,345.46000000000004,180,20,3,3,2011-02-07 09:15:00,2011-11-14 14:57:00,United Kingdom,115.15333333333335,60.0,280,4,2,2,8,422,Recent Customers
15782,10,3,2614.74,864,34,3,3,2011-09-11 14:29:00,2011-11-30 10:49:00,United Kingdom,871.5799999999999,288.0,79,5,2,5,12,525,Big Spenders
15783,11,1,246.3,212,14,1,1,2011-11-29 09:50:00,2011-11-29 09:50:00,United Kingdom,246.3,212.0,0,5,1,1,7,511,Recent Customers
15785,33,5,2328.9700000000003,1612,58,5,4,2011-02-17 14:17:00,2011-11-07 11:33:00,United Kingdom,465.79400000000004,322.4,262,4,4,5,13,445,Champions
15786,46,3,4919.0,3340,257,3,2,2011-08-17 13:33:00,2011-10-24 14:13:00,United Kingdom,1639.6666666666667,1113.3333333333333,68,3,2,5,10,325,Big Spenders
15787,26,3,933.26,534,156,3,2,2011-10-09 13:11:00,2011-11-13 14:55:00,United Kingdom,311.08666666666664,178.0,35,4,2,4,10,424,Big Spenders
15789,358,1,351.3,438,25,1,1,2010-12-16 14:35:00,2010-12-16 14:35:00,United Kingdom,351.3,438.0,0,1,1,2,4,112,Regular Customers
15790,10,1,218.75,113,34,1,1,2011-11-29 14:53:00,2011-11-29 14:53:00,United Kingdom,218.75,113.0,0,5,1,1,7,511,Recent Customers
15791,44,2,1612.69,731,66,2,2,2011-05-19 15:15:00,2011-10-27 10:14:00,United Kingdom,806.345,365.5,160,3,1,4,8,314,Big Spenders
15793,15,3,965.61,553,6,3,3,2011-03-16 10:45:00,2011-11-25 09:31:00,United Kingdom,321.87,184.33333333333334,253,4,2,4,10,424,Big Spenders
15795,150,1,610.01,581,42,1,1,2011-07-13 10:43:00,2011-07-13 10:43:00,United Kingdom,610.01,581.0,0,2,1,3,6,213,Regular Customers
15796,1,8,2707.61,859,69,8,8,2011-02-10 15:40:00,2011-12-08 19:55:00,United Kingdom,338.45125,107.375,301,5,5,5,15,555,Champions
15797,113,3,2192.4,872,7,3,3,2011-02-08 10:17:00,2011-08-18 17:04:00,United Kingdom,730.8000000000001,290.6666666666667,191,2,2,5,9,225,Big Spenders
15799,76,3,884.14,955,94,3,3,2011-01-09 15:13:00,2011-09-25 12:46:00,United Kingdom,294.7133333333333,318.3333333333333,258,2,2,3,7,223,At Risk
15800,107,2,696.89,332,116,2,2,2011-04-07 12:39:00,2011-08-24 14:23:00,United Kingdom,348.445,166.0,139,2,1,3,6,213,Regular Customers
15801,46,3,1063.95,570,61,3,3,2011-08-22 09:53:00,2011-10-24 13:52:00,United Kingdom,354.65000000000003,190.0,63,3,2,4,9,324,Big Spenders
15803,51,1,415.82000000000005,290,8,1,1,2011-10-19 14:56:00,2011-10-19 14:56:00,United Kingdom,415.82000000000005,290.0,0,3,1,2,6,312,Regular Customers
15804,1,13,4206.39,2565,170,13,13,2011-05-25 10:12:00,2011-12-09 12:31:00,United Kingdom,323.5684615384616,197.30769230769232,198,5,5,5,15,555,Champions
15805,23,17,5488.18,3367,220,17,13,2010-12-10 09:33:00,2011-11-16 16:32:00,United Kingdom,322.83411764705886,198.05882352941177,341,4,5,5,14,455,Champions
15806,46,3,784.58,602,24,3,3,2011-03-08 09:24:00,2011-10-24 14:35:00,United Kingdom,261.5266666666667,200.66666666666666,230,3,2,3,8,323,Regular Customers
15807,50,3,903.9,430,48,3,2,2011-09-23 14:43:00,2011-10-20 14:10:00,United Kingdom,301.3,143.33333333333334,26,3,2,3,8,323,Regular Customers
15808,306,4,3651.27,1305,142,4,4,2010-12-05 13:05:00,2011-02-06 14:33:00,United Kingdom,912.8175,326.25,63,1,4,5,10,145,Loyal Customers
15809,36,5,515.77,301,31,5,5,2011-02-10 11:16:00,2011-11-03 16:40:00,United Kingdom,103.154,60.2,266,3,4,3,10,343,Loyal Customers
15810,79,4,1391.98,861,66,4,4,2011-02-16 09:11:00,2011-09-22 09:38:00,United Kingdom,347.995,215.25,218,2,4,4,10,244,Loyal Customers
15811,22,6,2218.62,1071,117,6,6,2010-12-09 15:29:00,2011-11-17 15:31:00,United Kingdom,369.77,178.5,343,4,5,5,14,455,Champions
15812,107,5,1801.14,922,36,5,5,2011-01-26 12:12:00,2011-08-24 14:19:00,United Kingdom,360.228,184.4,210,2,4,4,10,244,Loyal Customers
15813,208,2,1303.9099999999999,603,40,2,2,2011-04-14 09:09:00,2011-05-16 08:13:00,United Kingdom,651.9549999999999,301.5,31,1,1,4,6,114,Big Spenders
15814,17,4,1945.3300000000002,1271,63,4,3,2011-10-20 09:04:00,2011-11-23 08:17:00,United Kingdom,486.33250000000004,317.75,33,4,4,4,12,444,Champions
15815,64,5,2100.6,1856,33,5,5,2011-03-25 08:43:00,2011-10-07 12:42:00,United Kingdom,420.12,371.2,196,3,4,5,12,345,Loyal Customers
15819,49,4,1905.45,1357,96,4,4,2011-03-08 09:45:00,2011-10-21 14:50:00,United Kingdom,476.3625,339.25,227,3,4,4,11,344,Loyal Customers
15820,320,1,206.98,128,17,1,1,2011-01-24 12:00:00,2011-01-24 12:00:00,United Kingdom,206.98,128.0,0,1,1,1,3,111,Regular Customers
15821,44,2,570.96,202,57,2,2,2011-10-09 13:28:00,2011-10-26 15:48:00,United Kingdom,285.48,101.0,17,3,1,3,7,313,Regular Customers
15822,3,2,885.47,375,28,2,2,2010-12-15 13:38:00,2011-12-06 14:50:00,United Kingdom,442.735,187.5,356,5,1,3,9,513,Recent Customers
15825,172,1,532.94,220,20,1,1,2011-06-20 13:27:00,2011-06-20 13:27:00,United Kingdom,532.94,220.0,0,2,1,3,6,213,Regular Customers
15826,56,3,1654.31,963,64,3,2,2011-05-13 10:44:00,2011-10-14 16:05:00,United Kingdom,551.4366666666666,321.0,154,3,2,4,9,324,Big Spenders
15827,73,14,1836.09,882,72,14,11,2010-12-02 13:06:00,2011-09-27 15:35:00,United Kingdom,131.1492857142857,63.0,299,2,5,4,11,254,Loyal Customers
15829,99,2,636.14,996,44,2,2,2011-07-22 10:23:00,2011-09-01 16:45:00,United Kingdom,318.07,498.0,41,2,1,3,6,213,Regular Customers
15830,38,1,576.0,415,39,1,1,2011-11-02 10:40:00,2011-11-02 10:40:00,United Kingdom,576.0,415.0,0,3,1,3,7,313,Regular Customers
15831,58,3,794.64,1092,63,3,3,2011-01-19 14:52:00,2011-10-12 13:14:00,United Kingdom,264.88,364.0,265,3,2,3,8,323,Regular Customers
15832,254,1,836.79,465,54,1,1,2011-03-30 15:29:00,2011-03-30 15:29:00,United Kingdom,836.79,465.0,0,1,1,3,5,113,Regular Customers
15834,70,4,2222.65,959,241,4,3,2011-03-07 17:52:00,2011-09-30 14:41:00,United Kingdom,555.6625,239.75,206,3,4,5,12,345,Loyal Customers
15835,44,4,954.09,439,47,4,4,2011-01-13 10:35:00,2011-10-26 15:47:00,United Kingdom,238.5225,109.75,286,3,4,4,11,344,Loyal Customers
15836,50,1,137.37,26,10,1,1,2011-10-20 17:13:00,2011-10-20 17:13:00,United Kingdom,137.37,26.0,0,3,1,1,5,311,Regular Customers
15837,65,1,391.98,189,24,1,1,2011-10-06 09:01:00,2011-10-06 09:01:00,United Kingdom,391.98,189.0,0,3,1,2,6,312,Regular Customers
15838,11,19,33643.08,18368,54,19,15,2010-12-07 11:26:00,2011-11-28 14:00:00,United Kingdom,1770.6884210526316,966.7368421052631,356,5,5,5,15,555,Champions
15839,33,3,1048.49,675,56,3,3,2011-07-14 16:35:00,2011-11-06 13:54:00,United Kingdom,349.49666666666667,225.0,114,4,2,4,10,424,Big Spenders
15840,59,2,355.56,396,26,2,2,2011-06-20 11:42:00,2011-10-12 09:08:00,United Kingdom,177.78,198.0,113,3,1,2,6,312,Regular Customers
15841,73,4,1224.06,942,36,4,4,2011-01-05 11:25:00,2011-09-28 12:15:00,United Kingdom,306.015,235.5,266,2,4,4,10,244,Loyal Customers
15843,304,1,118.95,27,8,1,1,2011-02-09 10:19:00,2011-02-09 10:19:00,United Kingdom,118.95,27.0,0,1,1,1,3,111,Regular Customers
15844,46,1,130.73999999999998,134,11,1,1,2011-10-24 15:19:00,2011-10-24 15:19:00,United Kingdom,130.73999999999998,134.0,0,3,1,1,5,311,Regular Customers
15845,18,8,3711.77,1926,97,8,8,2011-01-06 17:19:00,2011-11-22 09:42:00,United Kingdom,463.97125,240.75,319,4,5,5,14,455,Champions
15847,38,2,389.27,449,22,2,2,2011-02-24 16:46:00,2011-11-01 14:41:00,United Kingdom,194.635,224.5,249,3,1,2,6,312,Regular Customers
15850,19,2,234.88,298,87,2,2,2011-06-24 14:16:00,2011-11-20 14:14:00,United Kingdom,117.44,149.0,148,4,1,1,6,411,Recent Customers
15852,187,2,160.71,48,22,2,2,2011-05-26 13:26:00,2011-06-06 11:22:00,United Kingdom,80.355,24.0,10,1,1,1,3,111,Regular Customers
15853,52,1,110.8,135,29,1,1,2011-10-19 10:38:00,2011-10-19 10:38:00,United Kingdom,110.8,135.0,0,3,1,1,5,311,Regular Customers
15854,4,12,2969.12,926,105,12,10,2010-12-13 11:47:00,2011-12-05 13:39:00,United Kingdom,247.42666666666665,77.16666666666667,357,5,5,5,15,555,Champions
15855,137,5,712.24,470,59,5,5,2011-03-21 12:32:00,2011-07-26 10:20:00,United Kingdom,142.448,94.0,126,2,4,3,9,243,Loyal Customers
15856,4,27,16142.380000000001,10863,294,27,21,2010-12-09 13:34:00,2011-12-05 17:09:00,United Kingdom,597.8659259259259,402.3333333333333,361,5,5,5,15,555,Champions
15857,19,1,297.0,308,14,1,1,2011-11-21 12:18:00,2011-11-21 12:18:00,United Kingdom,297.0,308.0,0,4,1,2,7,412,Recent Customers
15858,16,5,1427.57,1163,145,5,5,2010-12-07 14:31:00,2011-11-24 12:48:00,United Kingdom,285.514,232.6,351,4,4,4,12,444,Champions
15860,41,8,965.16,437,105,8,8,2010-12-06 11:38:00,2011-10-30 11:25:00,United Kingdom,120.645,54.625,327,3,5,4,12,354,Loyal Customers
15861,12,8,3146.92,2528,339,8,6,2011-03-17 20:12:00,2011-11-27 15:59:00,United Kingdom,393.365,316.0,254,5,5,5,15,555,Champions
15862,8,4,832.88,585,142,4,4,2010-12-01 11:21:00,2011-12-01 13:28:00,United Kingdom,208.22,146.25,365,5,4,3,12,543,Loyal Customers
15863,26,2,68.84,19,18,2,2,2011-05-31 11:36:00,2011-11-14 12:49:00,United Kingdom,34.42,9.5,167,4,1,1,6,411,Recent Customers
15864,22,6,1936.32,1192,16,6,6,2011-01-27 16:43:00,2011-11-17 13:32:00,United Kingdom,322.71999999999997,198.66666666666666,293,4,5,4,13,454,Champions
15865,41,3,895.13,368,37,3,3,2011-05-10 11:44:00,2011-10-30 12:43:00,United Kingdom,298.37666666666667,122.66666666666667,173,3,2,3,8,323,Regular Customers
15866,101,1,211.89,124,43,1,1,2011-08-30 14:09:00,2011-08-30 14:09:00,United Kingdom,211.89,124.0,0,2,1,1,4,211,Regular Customers
15867,5,15,3803.6,2039,301,15,15,2010-12-05 14:17:00,2011-12-04 13:32:00,United Kingdom,253.57333333333332,135.93333333333334,363,5,5,5,15,555,Champions
15869,277,2,149.64,175,13,2,1,2011-03-07 17:19:00,2011-03-07 17:23:00,United Kingdom,74.82,87.5,0,1,1,1,3,111,Regular Customers
15870,33,1,351.44,333,68,1,1,2011-11-07 10:58:00,2011-11-07 10:58:00,United Kingdom,351.44,333.0,0,4,1,2,7,412,Recent Customers
15872,15,2,316.25,187,101,2,1,2011-11-25 11:54:00,2011-11-25 11:55:00,United Kingdom,158.125,93.5,0,4,1,2,7,412,Recent Customers
15874,64,7,4405.88,2534,110,7,6,2011-02-28 13:28:00,2011-10-07 12:31:00,United Kingdom,629.4114285714286,362.0,220,3,5,5,13,355,Loyal Customers
15877,2,2,490.33,368,122,2,2,2011-11-22 11:18:00,2011-12-08 11:53:00,United Kingdom,245.165,184.0,16,5,1,3,9,513,Recent Customers
15880,369,1,329.03,202,95,1,1,2010-12-05 13:00:00,2010-12-05 13:00:00,United Kingdom,329.03,202.0,0,1,1,2,4,112,Regular Customers
15881,312,5,501.39,260,26,5,3,2010-12-10 13:32:00,2011-01-31 16:59:00,United Kingdom,100.27799999999999,52.0,52,1,4,3,8,143,Loyal Customers
15882,199,4,514.08,264,22,4,2,2010-12-06 13:01:00,2011-05-25 11:35:00,United Kingdom,128.52,66.0,169,1,4,3,8,143,Loyal Customers
15883,2,2,396.48,223,42,2,2,2011-11-06 14:50:00,2011-12-07 17:05:00,United Kingdom,198.24,111.5,31,5,1,2,8,512,Recent Customers
15885,93,1,349.35,109,16,1,1,2011-09-07 14:56:00,2011-09-07 14:56:00,United Kingdom,349.35,109.0,0,2,1,2,5,212,Regular Customers
15886,60,1,181.09,147,12,1,1,2011-10-10 14:25:00,2011-10-10 14:25:00,United Kingdom,181.09,147.0,0,3,1,1,5,311,Regular Customers
15888,81,1,162.64,67,10,1,1,2011-09-20 12:30:00,2011-09-20 12:30:00,United Kingdom,162.64,67.0,0,2,1,1,4,211,Regular Customers
15889,157,2,400.77,200,78,2,2,2010-12-05 15:12:00,2011-07-06 11:10:00,United Kingdom,200.385,100.0,212,2,1,2,5,212,Regular Customers
15891,227,1,509.13,417,59,1,1,2011-04-27 12:35:00,2011-04-27 12:35:00,United Kingdom,509.13,417.0,0,1,1,3,5,113,Regular Customers
15894,253,2,257.6,163,34,2,2,2010-12-05 14:06:00,2011-03-31 13:50:00,United Kingdom,128.8,81.5,115,1,1,2,4,112,Regular Customers
15895,150,1,179.17,94,11,1,1,2011-07-13 10:27:00,2011-07-13 10:27:00,United Kingdom,179.17,94.0,0,2,1,1,4,211,Regular Customers
15897,194,2,208.59,223,17,2,1,2011-05-29 13:32:00,2011-05-29 13:50:00,United Kingdom,104.295,111.5,0,1,1,1,3,111,Regular Customers
15898,1,5,1383.83,567,70,5,5,2010-12-06 11:01:00,2011-12-08 15:23:00,United Kingdom,276.76599999999996,113.4,367,5,4,4,13,544,Champions
15899,369,1,56.25,39,4,1,1,2010-12-06 10:36:00,2010-12-06 10:36:00,United Kingdom,56.25,39.0,0,1,1,1,3,111,Regular Customers
15900,24,1,337.28000000000003,216,44,1,1,2011-11-16 12:19:00,2011-11-16 12:19:00,United Kingdom,337.28000000000003,216.0,0,4,1,2,7,412,Recent Customers
15901,17,3,349.75,372,101,3,3,2011-07-08 12:18:00,2011-11-23 12:43:00,United Kingdom,116.58333333333333,124.0,138,4,2,2,8,422,Recent Customers
15903,10,7,5126.76,2410,46,7,7,2011-02-17 14:04:00,2011-11-30 08:08:00,United Kingdom,732.3942857142857,344.2857142857143,285,5,5,5,15,555,Champions
15904,8,1,164.68,84,30,1,1,2011-12-01 14:50:00,2011-12-01 14:50:00,United Kingdom,164.68,84.0,0,5,1,1,7,511,Recent Customers
15906,20,7,1567.69,544,113,7,5,2011-03-29 13:28:00,2011-11-20 12:24:00,United Kingdom,223.9557142857143,77.71428571428571,235,4,5,4,13,454,Champions
15907,4,3,881.87,477,174,3,3,2011-05-13 13:01:00,2011-12-06 12:21:00,United Kingdom,293.95666666666665,159.0,206,5,2,3,10,523,Recent Customers
15909,174,1,191.94,98,7,1,1,2011-06-19 10:38:00,2011-06-19 10:38:00,United Kingdom,191.94,98.0,0,2,1,1,4,211,Regular Customers
15910,1,8,1228.88,1013,215,8,8,2011-01-27 11:55:00,2011-12-09 10:51:00,United Kingdom,153.61,126.625,315,5,5,4,14,554,Champions
15912,178,2,264.62,185,19,2,2,2011-04-20 17:10:00,2011-06-14 14:29:00,United Kingdom,132.31,92.5,54,2,1,2,5,212,Regular Customers
15916,16,8,1502.8600000000001,752,124,8,7,2010-12-08 13:07:00,2011-11-23 13:46:00,United Kingdom,187.85750000000002,94.0,350,4,5,4,13,454,Champions
15917,248,1,123.1,42,12,1,1,2011-04-06 10:40:00,2011-04-06 10:40:00,United Kingdom,123.1,42.0,0,1,1,1,3,111,Regular Customers
15918,191,2,334.23,153,33,2,2,2011-03-13 15:55:00,2011-06-02 11:42:00,United Kingdom,167.115,76.5,80,1,1,2,4,112,Regular Customers
15919,20,2,525.69,385,103,2,2,2010-12-06 11:26:00,2011-11-20 11:28:00,United Kingdom,262.845,192.5,349,4,1,3,8,413,Recent Customers
15920,154,3,163.55,94,52,3,1,2011-07-08 15:16:00,2011-07-08 15:25:00,United Kingdom,54.51666666666667,31.333333333333332,0,2,2,1,5,221,At Risk
15921,173,1,323.03000000000003,162,24,1,1,2011-06-20 11:03:00,2011-06-20 11:03:00,United Kingdom,323.03000000000003,162.0,0,2,1,2,5,212,Regular Customers
15922,373,1,369.5,138,11,1,1,2010-12-01 13:51:00,2010-12-01 13:51:00,United Kingdom,369.5,138.0,0,1,1,2,4,112,Regular Customers
15923,373,1,127.08,122,21,1,1,2010-12-02 12:16:00,2010-12-02 12:16:00,United Kingdom,127.08,122.0,0,1,1,1,3,111,Regular Customers
15925,194,1,207.15,93,12,1,1,2011-05-29 15:35:00,2011-05-29 15:35:00,United Kingdom,207.15,93.0,0,1,1,1,3,111,Regular Customers
15930,67,1,426.63,139,21,1,1,2011-10-03 14:52:00,2011-10-03 14:52:00,United Kingdom,426.63,139.0,0,3,1,2,6,312,Regular Customers
15932,4,8,2495.87,2325,93,8,8,2011-02-23 14:50:00,2011-12-05 17:13:00,United Kingdom,311.98375,290.625,285,5,5,5,15,555,Champions
15933,21,3,1107.46,885,63,3,3,2011-09-14 12:05:00,2011-11-18 13:14:00,United Kingdom,369.15333333333336,295.0,65,4,2,4,10,424,Big Spenders
15935,239,1,108.03999999999999,114,11,1,1,2011-04-14 13:27:00,2011-04-14 13:27:00,United Kingdom,108.03999999999999,114.0,0,1,1,1,3,111,Regular Customers
15937,64,1,145.35000000000002,73,7,1,1,2011-10-06 15:48:00,2011-10-06 15:48:00,United Kingdom,145.35000000000002,73.0,0,3,1,1,5,311,Regular Customers
15938,112,5,404.58000000000004,240,13,5,5,2011-01-20 10:11:00,2011-08-19 12:56:00,United Kingdom,80.91600000000001,48.0,211,2,4,2,8,242,At Risk
15939,90,14,6100.01,4727,27,14,13,2011-01-12 12:43:00,2011-09-11 11:30:00,United Kingdom,435.71500000000003,337.64285714285717,241,2,5,5,12,255,Loyal Customers
15940,311,1,35.8,4,1,1,1,2011-02-01 16:18:00,2011-02-01 16:18:00,United Kingdom,35.8,4.0,0,1,1,1,3,111,Regular Customers
15942,134,1,337.44,232,14,1,1,2011-07-29 09:01:00,2011-07-29 09:01:00,United Kingdom,337.44,232.0,0,2,1,2,5,212,Regular Customers
15944,277,1,325.1,50,6,1,1,2011-03-08 10:33:00,2011-03-08 10:33:00,United Kingdom,325.1,50.0,0,1,1,2,4,112,Regular Customers
15945,365,1,181.0,52,2,1,1,2010-12-09 13:14:00,2010-12-09 13:14:00,United Kingdom,181.0,52.0,0,1,1,1,3,111,Regular Customers
15947,83,1,1708.24,898,29,1,1,2011-09-18 10:46:00,2011-09-18 10:46:00,United Kingdom,1708.24,898.0,0,2,1,4,7,214,Big Spenders
15948,8,2,955.24,567,51,2,2,2011-10-27 08:35:00,2011-12-01 15:32:00,United Kingdom,477.62,283.5,35,5,1,4,10,514,Big Spenders
15949,17,2,364.72,284,12,2,2,2011-09-29 17:34:00,2011-11-23 09:09:00,United Kingdom,182.36,142.0,54,4,1,2,7,412,Recent Customers
15950,32,4,1744.71,719,86,4,4,2010-12-15 11:56:00,2011-11-08 11:09:00,United Kingdom,436.1775,179.75,327,4,4,4,12,444,Champions
15951,9,2,708.22,313,36,2,2,2011-02-27 11:57:00,2011-12-01 08:34:00,United Kingdom,354.11,156.5,276,5,1,3,9,513,Recent Customers
15952,34,4,781.91,391,65,4,4,2011-04-28 12:55:00,2011-11-06 11:18:00,United Kingdom,195.4775,97.75,191,3,4,3,10,343,Loyal Customers
15953,15,8,1657.28,891,63,8,8,2010-12-05 15:15:00,2011-11-24 15:32:00,United Kingdom,207.16,111.375,354,4,5,4,13,454,Champions
15955,24,14,4416.26,2135,137,14,10,2010-12-02 11:22:00,2011-11-15 14:15:00,United Kingdom,315.44714285714286,152.5,348,4,5,5,14,455,Champions
15957,32,1,428.89,211,40,1,1,2011-11-08 12:14:00,2011-11-08 12:14:00,United Kingdom,428.89,211.0,0,4,1,2,7,412,Recent Customers
15958,74,1,104.35,33,7,1,1,2011-09-26 13:41:00,2011-09-26 13:41:00,United Kingdom,104.35,33.0,0,2,1,1,4,211,Regular Customers
15963,20,2,470.76,298,26,2,2,2011-10-25 13:05:00,2011-11-20 11:33:00,United Kingdom,235.38,149.0,25,4,1,2,7,412,Recent Customers
15965,17,4,808.87,434,88,4,3,2010-12-07 13:18:00,2011-11-22 16:44:00,United Kingdom,202.2175,108.5,350,4,4,3,11,443,Loyal Customers
15967,23,2,397.68,205,73,2,2,2011-01-25 11:57:00,2011-11-16 15:41:00,United Kingdom,198.84,102.5,295,4,1,2,7,412,Recent Customers
15969,3,3,666.1,124,20,3,3,2011-06-07 12:19:00,2011-12-07 11:06:00,United Kingdom,222.03333333333333,41.333333333333336,182,5,2,3,10,523,Recent Customers
15970,304,1,314.09999999999997,116,11,1,1,2011-02-09 12:08:00,2011-02-09 12:08:00,United Kingdom,314.09999999999997,116.0,0,1,1,2,4,112,Regular Customers
15971,18,12,4194.9,1716,9,12,11,2011-02-01 16:47:00,2011-11-22 12:50:00,United Kingdom,349.575,143.0,293,4,5,5,14,455,Champions
15973,367,1,307.82000000000005,106,4,1,1,2010-12-08 11:42:00,2010-12-08 11:42:00,United Kingdom,307.82000000000005,106.0,0,1,1,2,4,112,Regular Customers
15974,39,7,3442.15,2262,141,7,7,2011-02-24 10:10:00,2011-10-31 13:13:00,United Kingdom,491.7357142857143,323.14285714285717,249,3,5,5,13,355,Loyal Customers
15975,84,1,371.01,243,24,1,1,2011-09-16 13:33:00,2011-09-16 13:33:00,United Kingdom,371.01,243.0,0,2,1,2,5,212,Regular Customers
15976,165,2,427.64,275,83,2,2,2011-05-03 17:12:00,2011-06-27 13:00:00,United Kingdom,213.82,137.5,54,2,1,2,5,212,Regular Customers
15977,17,2,1054.73,1016,48,2,2,2011-10-31 16:24:00,2011-11-22 13:29:00,United Kingdom,527.365,508.0,21,4,1,4,9,414,Big Spenders
15978,77,1,1098.78,888,49,1,1,2011-09-23 15:21:00,2011-09-23 15:21:00,United Kingdom,1098.78,888.0,0,2,1,4,7,214,Big Spenders
15980,89,3,2398.86,1560,40,3,2,2011-03-30 15:05:00,2011-09-12 09:41:00,United Kingdom,799.62,520.0,165,2,2,5,9,225,Big Spenders
15981,25,8,3408.48,1866,53,8,8,2011-02-01 13:50:00,2011-11-15 08:00:00,United Kingdom,426.06,233.25,286,4,5,5,14,455,Champions
15983,22,4,1465.12,886,82,4,4,2010-12-01 12:15:00,2011-11-17 17:34:00,United Kingdom,366.28,221.5,351,4,4,4,12,444,Champions
15984,3,10,2780.63,1815,217,10,10,2010-12-06 13:21:00,2011-12-07 12:16:00,United Kingdom,278.063,181.5,365,5,5,5,15,555,Champions
15985,123,2,1142.42,1086,29,2,2,2011-04-17 11:04:00,2011-08-08 16:31:00,United Kingdom,571.21,543.0,113,2,1,4,7,214,Big Spenders
15986,30,1,168.12,268,14,1,1,2011-11-09 15:17:00,2011-11-09 15:17:00,United Kingdom,168.12,268.0,0,4,1,1,6,411,Recent Customers
15987,12,7,1432.77,1533,110,7,6,2010-12-06 08:34:00,2011-11-27 15:38:00,United Kingdom,204.68142857142857,219.0,356,5,5,4,14,554,Champions
15988,19,1,156.78,180,26,1,1,2011-11-20 13:23:00,2011-11-20 13:23:00,United Kingdom,156.78,180.0,0,4,1,1,6,411,Recent Customers
15990,44,2,792.11,443,52,2,2,2011-02-25 15:35:00,2011-10-26 15:58:00,United Kingdom,396.055,221.5,243,3,1,3,7,313,Regular Customers
15992,4,1,41.989999999999995,17,3,1,1,2011-12-06 11:00:00,2011-12-06 11:00:00,United Kingdom,41.989999999999995,17.0,0,5,1,1,7,511,Recent Customers
15993,9,7,2768.97,2031,334,7,5,2011-10-26 16:21:00,2011-12-01 10:45:00,United Kingdom,395.5671428571428,290.14285714285717,35,5,5,5,15,555,Champions
15994,55,1,414.27,173,31,1,1,2011-10-16 12:28:00,2011-10-16 12:28:00,United Kingdom,414.27,173.0,0,3,1,2,6,312,Regular Customers
15996,88,6,1032.58,380,103,6,6,2010-12-08 15:59:00,2011-09-12 15:14:00,United Kingdom,172.09666666666666,63.333333333333336,277,2,5,4,11,254,Loyal Customers
15998,37,5,3080.22,2032,370,5,5,2010-12-12 13:32:00,2011-11-03 12:45:00,United Kingdom,616.044,406.4,325,3,4,5,12,345,Loyal Customers
16000,3,3,12393.7,5110,9,3,1,2011-12-07 12:14:00,2011-12-07 12:17:00,United Kingdom,4131.233333333334,1703.3333333333333,0,5,2,5,12,525,Big Spenders
16003,30,5,2735.37,1185,82,5,4,2010-12-15 12:09:00,2011-11-10 09:57:00,United Kingdom,547.074,237.0,329,4,4,5,13,445,Champions
16005,12,4,578.71,280,173,4,3,2011-03-14 11:46:00,2011-11-27 13:47:00,United Kingdom,144.6775,70.0,258,5,4,3,12,543,Loyal Customers
16006,211,1,101.4,84,8,1,1,2011-05-12 13:12:00,2011-05-12 13:12:00,United Kingdom,101.4,84.0,0,1,1,1,3,111,Regular Customers
16007,48,4,1693.81,1388,221,4,4,2011-05-08 13:32:00,2011-10-23 11:05:00,United Kingdom,423.4525,347.0,167,3,4,4,11,344,Loyal Customers
16008,24,3,478.78,323,29,3,3,2011-05-19 10:54:00,2011-11-16 10:32:00,United Kingdom,159.59333333333333,107.66666666666667,180,4,2,2,8,422,Recent Customers
16009,22,4,972.11,366,68,4,4,2011-07-03 11:26:00,2011-11-17 16:51:00,United Kingdom,243.0275,91.5,137,4,4,4,12,444,Champions
16010,246,3,392.4,202,62,3,3,2010-12-12 12:18:00,2011-04-08 10:14:00,United Kingdom,130.79999999999998,67.33333333333333,116,1,2,2,5,122,At Risk
16011,8,16,3352.96,2035,99,16,16,2010-12-08 16:34:00,2011-12-01 16:31:00,United Kingdom,209.56,127.1875,357,5,5,5,15,555,Champions
16012,35,3,1415.29,799,87,3,3,2011-07-07 18:02:00,2011-11-04 13:25:00,United Kingdom,471.7633333333333,266.3333333333333,119,3,2,4,9,324,Big Spenders
16013,4,47,37130.6,15536,30,47,28,2010-12-03 13:09:00,2011-12-06 10:36:00,United Kingdom,790.0127659574467,330.5531914893617,367,5,5,5,15,555,Champions
16014,38,3,646.83,258,123,3,3,2011-02-21 17:42:00,2011-11-02 12:04:00,United Kingdom,215.61,86.0,253,3,2,3,8,323,Regular Customers
16015,4,3,704.26,906,145,3,3,2011-10-21 12:56:00,2011-12-06 10:58:00,United Kingdom,234.75333333333333,302.0,45,5,2,3,10,523,Recent Customers
16016,3,8,1465.51,602,156,8,7,2010-12-08 12:36:00,2011-12-06 14:35:00,United Kingdom,183.18875,75.25,363,5,5,4,14,554,Champions
16017,47,1,211.88,102,26,1,1,2011-10-23 12:56:00,2011-10-23 12:56:00,United Kingdom,211.88,102.0,0,3,1,1,5,311,Regular Customers
16018,39,2,408.9,190,26,2,2,2011-06-12 13:52:00,2011-10-31 14:13:00,United Kingdom,204.45,95.0,141,3,1,2,6,312,Regular Customers
16019,47,9,3786.24,1733,133,9,9,2010-12-10 12:29:00,2011-10-24 11:51:00,United Kingdom,420.6933333333333,192.55555555555554,317,3,5,5,13,355,Loyal Customers
16020,17,3,851.01,487,42,3,2,2011-10-05 13:54:00,2011-11-23 11:18:00,United Kingdom,283.67,162.33333333333334,48,4,2,3,9,423,Recent Customers
16022,260,1,602.63,255,68,1,1,2011-03-24 13:16:00,2011-03-24 13:16:00,United Kingdom,602.63,255.0,0,1,1,3,5,113,Regular Customers
16023,46,3,719.81,358,90,3,3,2011-03-18 13:32:00,2011-10-24 16:34:00,United Kingdom,239.93666666666664,119.33333333333333,220,3,2,3,8,323,Regular Customers
16024,12,1,245.75,377,60,1,1,2011-11-27 13:26:00,2011-11-27 13:26:00,United Kingdom,245.75,377.0,0,5,1,1,7,511,Recent Customers
16025,30,1,439.65999999999997,338,28,1,1,2011-11-10 11:45:00,2011-11-10 11:45:00,United Kingdom,439.65999999999997,338.0,0,4,1,2,7,412,Recent Customers
16026,43,1,236.09,243,30,1,1,2011-10-27 13:53:00,2011-10-27 13:53:00,United Kingdom,236.09,243.0,0,3,1,1,5,311,Regular Customers
16027,92,6,934.62,1147,11,6,6,2011-02-10 12:19:00,2011-09-09 10:47:00,United Kingdom,155.77,191.16666666666666,210,2,5,4,11,254,Loyal Customers
16029,39,62,72708.09,40107,43,62,38,2010-12-01 09:57:00,2011-11-01 10:27:00,United Kingdom,1172.711129032258,646.8870967741935,335,3,5,5,13,355,Loyal Customers
16030,310,1,331.24,283,28,1,1,2011-02-03 11:28:00,2011-02-03 11:28:00,United Kingdom,331.24,283.0,0,1,1,2,4,112,Regular Customers
16031,92,2,547.9,421,91,2,2,2011-04-06 14:23:00,2011-09-08 13:07:00,United Kingdom,273.95,210.5,154,2,1,3,6,213,Regular Customers
16033,6,20,8778.82,3529,538,20,18,2010-12-05 10:36:00,2011-12-04 12:44:00,United Kingdom,438.941,176.45,364,5,5,5,15,555,Champions
16034,196,3,437.70000000000005,242,18,3,3,2011-01-11 11:54:00,2011-05-27 16:17:00,United Kingdom,145.9,80.66666666666667,136,1,2,2,5,122,At Risk
16036,87,2,758.9200000000001,716,55,2,2,2011-03-21 13:01:00,2011-09-13 14:53:00,United Kingdom,379.46000000000004,358.0,176,2,1,3,6,213,Regular Customers
16037,270,3,855.02,428,37,3,3,2010-12-16 10:18:00,2011-03-15 09:13:00,United Kingdom,285.00666666666666,142.66666666666666,88,1,2,3,6,123,At Risk
16038,8,3,471.78,244,24,3,3,2011-05-22 11:29:00,2011-12-02 12:40:00,United Kingdom,157.26,81.33333333333333,194,5,2,2,9,522,Recent Customers
16040,65,3,1313.55,684,57,3,3,2011-03-16 09:58:00,2011-10-05 13:47:00,United Kingdom,437.84999999999997,228.0,203,3,2,4,9,324,Big Spenders
16041,31,3,3166.4,1584,6,3,2,2011-07-21 16:27:00,2011-11-09 12:25:00,United Kingdom,1055.4666666666667,528.0,110,4,2,5,11,425,Big Spenders
16042,22,5,1177.47,743,68,5,4,2011-01-11 13:25:00,2011-11-17 17:50:00,United Kingdom,235.494,148.6,310,4,4,4,12,444,Champions
16043,38,4,773.99,503,30,4,4,2011-01-26 11:14:00,2011-11-02 12:50:00,United Kingdom,193.4975,125.75,280,3,4,3,10,343,Loyal Customers
16045,120,4,1340.7,897,71,4,4,2011-02-22 14:55:00,2011-08-12 12:41:00,United Kingdom,335.175,224.25,170,2,4,4,10,244,Loyal Customers
16048,373,2,256.44,144,8,2,1,2010-12-01 15:27:00,2010-12-01 15:28:00,United Kingdom,128.22,72.0,0,1,1,2,4,112,Regular Customers
16049,40,3,1074.81,763,248,3,3,2011-09-25 14:33:00,2011-10-30 13:19:00,United Kingdom,358.27,254.33333333333334,34,3,2,4,9,324,Big Spenders
16050,174,1,137.9,278,10,1,1,2011-06-19 11:44:00,2011-06-19 11:44:00,United Kingdom,137.9,278.0,0,2,1,1,4,211,Regular Customers
16052,54,1,362.06,282,34,1,1,2011-10-16 15:13:00,2011-10-16 15:13:00,United Kingdom,362.06,282.0,0,3,1,2,6,312,Regular Customers
16053,33,2,1511.95,1793,81,2,2,2011-08-09 14:57:00,2011-11-07 11:21:00,United Kingdom,755.975,896.5,89,4,1,4,9,414,Big Spenders
16054,145,1,783.9,380,70,1,1,2011-07-17 13:08:00,2011-07-17 13:08:00,United Kingdom,783.9,380.0,0,2,1,3,6,213,Regular Customers
16055,221,1,134.8,22,8,1,1,2011-05-03 09:26:00,2011-05-03 09:26:00,United Kingdom,134.8,22.0,0,1,1,1,3,111,Regular Customers
16056,45,1,650.75,345,66,1,1,2011-10-25 15:19:00,2011-10-25 15:19:00,United Kingdom,650.75,345.0,0,3,1,3,7,313,Regular Customers
16057,16,7,2263.12,863,109,7,4,2011-02-28 10:35:00,2011-11-23 15:23:00,United Kingdom,323.30285714285714,123.28571428571429,268,4,5,5,14,455,Champions
16059,66,6,1453.16,641,126,6,6,2010-12-07 10:36:00,2011-10-05 09:56:00,United Kingdom,242.19333333333336,106.83333333333333,301,3,5,4,12,354,Loyal Customers
16062,10,4,1153.62,800,50,4,4,2010-12-10 12:00:00,2011-11-30 12:15:00,United Kingdom,288.405,200.0,355,5,4,4,13,544,Champions
16063,260,1,335.32,262,23,1,1,2011-03-24 14:55:00,2011-03-24 14:56:00,United Kingdom,335.32,262.0,0,1,1,2,4,112,Regular Customers
16065,365,1,367.14,228,71,1,1,2010-12-09 13:03:00,2010-12-09 13:03:00,United Kingdom,367.14,228.0,0,1,1,2,4,112,Regular Customers
16066,17,5,1521.04,935,77,5,5,2011-08-07 14:33:00,2011-11-23 11:54:00,United Kingdom,304.20799999999997,187.0,107,4,4,4,12,444,Champions
16070,22,2,852.15,457,32,2,2,2011-11-07 16:36:00,2011-11-17 15:50:00,United Kingdom,426.075,228.5,9,4,1,3,8,413,Recent Customers
16071,45,1,326.24,180,21,1,1,2011-10-26 11:14:00,2011-10-26 11:14:00,United Kingdom,326.24,180.0,0,3,1,2,6,312,Regular Customers
16072,288,1,584.3199999999999,140,23,1,1,2011-02-24 14:32:00,2011-02-24 14:32:00,United Kingdom,584.3199999999999,140.0,0,1,1,3,5,113,Regular Customers
16073,297,1,122.4,48,1,1,1,2011-02-15 15:41:00,2011-02-15 15:41:00,United Kingdom,122.4,48.0,0,1,1,1,3,111,Regular Customers
16076,3,10,2234.73,1435,71,10,9,2011-05-15 12:31:00,2011-12-06 14:59:00,United Kingdom,223.473,143.5,205,5,5,5,15,555,Champions
16078,284,1,79.2,16,1,1,1,2011-03-01 09:47:00,2011-03-01 09:47:00,United Kingdom,79.2,16.0,0,1,1,1,3,111,Regular Customers
16079,17,3,1352.0,864,18,3,3,2011-10-30 13:06:00,2011-11-23 12:48:00,United Kingdom,450.6666666666667,288.0,23,4,2,4,10,424,Big Spenders
16080,82,2,217.16,128,10,2,2,2011-03-10 14:44:00,2011-09-19 10:42:00,United Kingdom,108.58,64.0,192,2,1,1,4,211,Regular Customers
16081,56,5,2799.42,1473,175,5,5,2010-12-08 11:16:00,2011-10-14 13:06:00,United Kingdom,559.884,294.6,310,3,4,5,12,345,Loyal Customers
16083,101,2,1317.62,908,31,2,2,2010-12-14 11:51:00,2011-08-31 10:47:00,United Kingdom,658.81,454.0,259,2,1,4,7,214,Big Spenders
16084,299,1,436.18,216,38,1,1,2011-02-13 16:05:00,2011-02-13 16:05:00,United Kingdom,436.18,216.0,0,1,1,2,4,112,Regular Customers
16085,23,5,981.51,636,123,5,5,2011-01-23 12:07:00,2011-11-16 13:24:00,United Kingdom,196.302,127.2,297,4,4,4,12,444,Champions
16086,59,5,1121.39,511,24,5,5,2010-12-07 13:45:00,2011-10-11 13:09:00,United Kingdom,224.27800000000002,102.2,307,3,4,4,11,344,Loyal Customers
16091,155,2,315.06,154,16,2,2,2011-05-25 09:18:00,2011-07-08 08:45:00,United Kingdom,157.53,77.0,43,2,1,2,5,212,Regular Customers
16092,115,3,817.86,628,37,3,3,2011-03-30 15:38:00,2011-08-17 10:46:00,United Kingdom,272.62,209.33333333333334,139,2,2,3,7,223,At Risk
16093,107,1,17.0,20,1,1,1,2011-08-25 11:09:00,2011-08-25 11:09:00,United Kingdom,17.0,20.0,0,2,1,1,4,211,Regular Customers
16094,12,4,1078.23,647,48,4,3,2011-05-04 13:57:00,2011-11-28 12:45:00,United Kingdom,269.5575,161.75,207,5,4,4,13,544,Champions
16096,264,1,320.62,155,12,1,1,2011-03-20 13:38:00,2011-03-20 13:38:00,United Kingdom,320.62,155.0,0,1,1,2,4,112,Regular Customers
16097,240,1,185.04999999999998,87,10,1,1,2011-04-13 13:47:00,2011-04-13 13:47:00,United Kingdom,185.04999999999998,87.0,0,1,1,1,3,111,Regular Customers
16098,88,7,2005.63,613,34,7,7,2010-12-01 09:45:00,2011-09-13 09:59:00,United Kingdom,286.5185714285714,87.57142857142857,286,2,5,4,11,254,Loyal Customers
16099,50,3,731.9,434,29,3,3,2011-04-28 08:34:00,2011-10-20 13:13:00,United Kingdom,243.96666666666667,144.66666666666666,175,3,2,3,8,323,Regular Customers
16101,71,1,1290.7,757,76,1,1,2011-09-30 10:18:00,2011-09-30 10:18:00,United Kingdom,1290.7,757.0,0,3,1,4,8,314,Big Spenders
16102,42,3,1842.14,942,41,3,3,2011-08-03 12:50:00,2011-10-28 13:19:00,United Kingdom,614.0466666666667,314.0,86,3,2,4,9,324,Big Spenders
16103,7,6,1429.64,558,30,6,6,2011-04-20 12:28:00,2011-12-02 14:16:00,United Kingdom,238.27333333333334,93.0,226,5,5,4,14,554,Champions
16104,62,1,298.21,122,28,1,1,2011-10-09 10:23:00,2011-10-09 10:23:00,United Kingdom,298.21,122.0,0,3,1,2,6,312,Regular Customers
16105,249,1,336.96,330,13,1,1,2011-04-05 10:13:00,2011-04-05 10:13:00,United Kingdom,336.96,330.0,0,1,1,2,4,112,Regular Customers
16106,66,1,108.38,74,6,1,1,2011-10-05 10:37:00,2011-10-05 10:37:00,United Kingdom,108.38,74.0,0,3,1,1,5,311,Regular Customers
16107,18,7,3204.1600000000003,1176,16,7,7,2011-06-09 18:42:00,2011-11-22 09:40:00,United Kingdom,457.7371428571429,168.0,165,4,5,5,14,455,Champions
16108,85,1,842.5,615,48,1,1,2011-09-16 11:48:00,2011-09-16 11:48:00,United Kingdom,842.5,615.0,0,2,1,3,6,213,Regular Customers
16109,219,2,611.88,612,18,2,2,2011-02-04 12:37:00,2011-05-05 09:17:00,United Kingdom,305.94,306.0,89,1,1,3,5,113,Regular Customers
16110,45,3,1320.95,720,283,3,3,2011-02-01 14:01:00,2011-10-25 14:35:00,United Kingdom,440.31666666666666,240.0,266,3,2,4,9,324,Big Spenders
16112,143,4,195.74,574,15,4,4,2011-01-05 11:47:00,2011-07-19 14:28:00,United Kingdom,48.935,143.5,195,2,4,1,7,241,At Risk
16113,183,1,161.38,176,30,1,1,2011-06-09 16:16:00,2011-06-09 16:16:00,United Kingdom,161.38,176.0,0,1,1,1,3,111,Regular Customers
16114,171,1,135.75000000000003,43,8,1,1,2011-06-22 10:13:00,2011-06-22 10:13:00,United Kingdom,135.75000000000003,43.0,0,2,1,1,4,211,Regular Customers
16115,10,8,1660.8799999999999,994,169,8,8,2011-02-20 12:14:00,2011-11-30 11:32:00,United Kingdom,207.60999999999999,124.25,282,5,5,4,14,554,Champions
16116,212,1,612.78,248,34,1,1,2011-05-12 12:01:00,2011-05-12 12:01:00,United Kingdom,612.78,248.0,0,1,1,3,5,113,Regular Customers
16117,190,1,232.21,130,30,1,1,2011-06-03 11:42:00,2011-06-03 11:42:00,United Kingdom,232.21,130.0,0,1,1,1,3,111,Regular Customers
16119,8,2,423.36,240,14,2,2,2011-09-28 10:15:00,2011-12-01 15:11:00,United Kingdom,211.68,120.0,64,5,1,2,8,512,Recent Customers
16120,59,4,1309.14,878,26,4,1,2011-10-11 14:10:00,2011-10-11 14:22:00,United Kingdom,327.285,219.5,0,3,4,4,11,344,Loyal Customers
16121,57,2,854.66,576,170,2,2,2011-05-08 11:52:00,2011-10-13 12:59:00,United Kingdom,427.33,288.0,158,3,1,3,7,313,Regular Customers
16122,73,4,684.42,1128,26,4,4,2010-12-08 11:41:00,2011-09-27 15:34:00,United Kingdom,171.105,282.0,293,2,4,3,9,243,Loyal Customers
16123,52,1,307.78000000000003,170,16,1,1,2011-10-19 09:18:00,2011-10-19 09:18:00,United Kingdom,307.78000000000003,170.0,0,3,1,2,6,312,Regular Customers
16124,317,1,249.0,48,11,1,1,2011-01-26 14:45:00,2011-01-26 14:45:00,United Kingdom,249.0,48.0,0,1,1,2,4,112,Regular Customers
16125,367,1,289.35,124,13,1,1,2010-12-07 15:48:00,2010-12-07 15:48:00,United Kingdom,289.35,124.0,0,1,1,2,4,112,Regular Customers
16126,29,4,6287.77,2125,57,4,4,2011-02-16 11:18:00,2011-11-10 16:03:00,United Kingdom,1571.9425,531.25,267,4,4,5,13,445,Champions
16127,39,1,656.25,323,40,1,1,2011-10-31 13:58:00,2011-10-31 13:58:00,United Kingdom,656.25,323.0,0,3,1,3,7,313,Regular Customers
16128,18,5,1880.22,988,76,5,5,2011-03-02 12:21:00,2011-11-22 11:14:00,United Kingdom,376.044,197.6,264,4,4,4,12,444,Champions
16131,52,6,3506.54,1802,55,6,4,2011-04-14 08:32:00,2011-10-19 11:53:00,United Kingdom,584.4233333333333,300.3333333333333,188,3,5,5,13,355,Loyal Customers
16133,4,33,14589.04,8887,219,33,29,2011-01-25 15:55:00,2011-12-06 11:24:00,United Kingdom,442.09212121212124,269.3030303030303,314,5,5,5,15,555,Champions
16134,22,2,618.09,371,34,2,2,2010-12-15 14:00:00,2011-11-18 10:05:00,United Kingdom,309.045,185.5,337,4,1,3,8,413,Recent Customers
16135,263,1,517.55,209,21,1,1,2011-03-22 12:30:00,2011-03-22 12:30:00,United Kingdom,517.55,209.0,0,1,1,3,5,113,Regular Customers
16136,60,3,709.38,440,35,3,3,2011-03-07 09:52:00,2011-10-11 09:10:00,United Kingdom,236.46,146.66666666666666,217,3,2,3,8,323,Regular Customers
16139,19,3,635.4100000000001,330,25,3,3,2011-05-17 10:23:00,2011-11-21 08:37:00,United Kingdom,211.80333333333337,110.0,187,4,2,3,9,423,Recent Customers
16140,66,2,725.1800000000001,730,32,2,2,2010-12-03 14:40:00,2011-10-05 12:15:00,United Kingdom,362.59000000000003,365.0,305,3,1,3,7,313,Regular Customers
16141,88,1,620.4,238,30,1,1,2011-09-12 13:11:00,2011-09-12 13:11:00,United Kingdom,620.4,238.0,0,2,1,3,6,213,Regular Customers
16142,250,1,535.34,422,37,1,1,2011-04-04 10:16:00,2011-04-04 10:16:00,United Kingdom,535.34,422.0,0,1,1,3,5,113,Regular Customers
16143,3,6,2424.94,919,75,6,6,2010-12-05 15:18:00,2011-12-06 14:13:00,United Kingdom,404.1566666666667,153.16666666666666,365,5,5,5,15,555,Champions
16144,247,1,175.2,16,1,1,1,2011-04-07 10:09:00,2011-04-07 10:09:00,United Kingdom,175.2,16.0,0,1,1,1,3,111,Regular Customers
16145,9,11,3799.4900000000002,3123,134,11,11,2010-12-15 09:09:00,2011-12-01 10:33:00,United Kingdom,345.40818181818184,283.90909090909093,351,5,5,5,15,555,Champions
16146,157,3,734.13,427,26,3,3,2011-04-21 15:25:00,2011-07-05 14:20:00,United Kingdom,244.71,142.33333333333334,74,2,2,3,7,223,At Risk
16147,134,1,375.0,246,22,1,1,2011-07-29 09:57:00,2011-07-29 09:57:00,United Kingdom,375.0,246.0,0,2,1,2,5,212,Regular Customers
16148,296,1,76.32000000000001,72,1,1,1,2011-02-16 14:01:00,2011-02-16 14:01:00,United Kingdom,76.32000000000001,72.0,0,1,1,1,3,111,Regular Customers
16149,5,2,280.52,308,18,2,2,2011-07-20 14:54:00,2011-12-05 11:29:00,United Kingdom,140.26,154.0,137,5,1,2,8,512,Recent Customers
16150,43,5,2053.02,1047,91,5,5,2010-12-02 18:27:00,2011-10-28 12:39:00,United Kingdom,410.604,209.4,329,3,4,5,12,345,Loyal Customers
16152,269,1,1829.04,642,29,1,1,2011-03-16 09:47:00,2011-03-16 09:47:00,United Kingdom,1829.04,642.0,0,1,1,4,6,114,Big Spenders
16153,50,5,1824.23,1073,78,5,5,2010-12-20 09:22:00,2011-10-21 10:50:00,United Kingdom,364.846,214.6,305,3,4,4,11,344,Loyal Customers
16156,9,9,3092.04,1273,108,9,9,2011-02-02 12:02:00,2011-12-01 12:42:00,United Kingdom,343.56,141.44444444444446,302,5,5,5,15,555,Champions
16157,16,3,656.69,347,12,3,3,2011-09-28 11:48:00,2011-11-24 11:41:00,United Kingdom,218.89666666666668,115.66666666666667,56,4,2,3,9,423,Recent Customers
16159,282,1,348.2,236,14,1,1,2011-03-03 12:27:00,2011-03-03 12:27:00,United Kingdom,348.2,236.0,0,1,1,2,4,112,Regular Customers
16160,65,2,1025.44,1162,20,2,2,2011-09-15 10:53:00,2011-10-05 14:19:00,United Kingdom,512.72,581.0,20,3,1,4,8,314,Big Spenders
16161,2,19,5533.67,2583,286,19,19,2010-12-06 10:03:00,2011-12-08 12:10:00,United Kingdom,291.2457894736842,135.94736842105263,367,5,5,5,15,555,Champions
16162,252,1,37.4,4,2,1,1,2011-04-01 15:03:00,2011-04-01 15:03:00,United Kingdom,37.4,4.0,0,1,1,1,3,111,Regular Customers
16163,232,2,856.6,192,5,2,2,2010-12-09 16:28:00,2011-04-21 15:15:00,United Kingdom,428.3,96.0,132,1,1,3,5,113,Regular Customers
16164,17,3,822.48,433,27,3,3,2011-10-28 09:12:00,2011-11-22 15:04:00,United Kingdom,274.16,144.33333333333334,25,4,2,3,9,423,Recent Customers
16168,11,27,3787.6,1892,57,27,25,2010-12-05 11:38:00,2011-11-29 12:45:00,United Kingdom,140.28148148148148,70.07407407407408,359,5,5,5,15,555,Champions
16169,8,4,1822.97,1325,71,4,4,2011-09-25 11:33:00,2011-12-01 15:28:00,United Kingdom,455.7425,331.25,67,5,4,4,13,544,Champions
16170,51,6,1885.05,1770,106,6,6,2011-04-05 13:42:00,2011-10-20 08:21:00,United Kingdom,314.175,295.0,197,3,5,4,12,354,Loyal Customers
16171,59,1,73.19999999999999,24,3,1,1,2011-10-11 14:51:00,2011-10-11 14:51:00,United Kingdom,73.19999999999999,24.0,0,3,1,1,5,311,Regular Customers
16172,95,5,1140.21,787,52,5,4,2011-04-12 12:02:00,2011-09-05 13:22:00,United Kingdom,228.042,157.4,146,2,4,4,10,244,Loyal Customers
16173,16,6,1418.32,575,70,6,6,2011-09-02 15:23:00,2011-11-24 10:53:00,United Kingdom,236.38666666666666,95.83333333333333,82,4,5,4,13,454,Champions
16174,126,3,1009.55,651,19,3,3,2011-07-11 09:23:00,2011-08-05 13:26:00,United Kingdom,336.51666666666665,217.0,25,2,2,4,8,224,Big Spenders
16175,94,4,1037.5900000000001,533,45,4,4,2011-04-13 14:38:00,2011-09-06 14:32:00,United Kingdom,259.39750000000004,133.25,145,2,4,4,10,244,Loyal Customers
16177,50,1,331.95,95,15,1,1,2011-10-20 12:57:00,2011-10-20 12:57:00,United Kingdom,331.95,95.0,0,3,1,2,6,312,Regular Customers
16178,138,1,197.9,94,8,1,1,2011-07-24 16:05:00,2011-07-24 16:05:00,United Kingdom,197.9,94.0,0,2,1,1,4,211,Regular Customers
16179,61,1,215.83,99,11,1,1,2011-10-10 09:41:00,2011-10-10 09:41:00,United Kingdom,215.83,99.0,0,3,1,1,5,311,Regular Customers
16180,100,8,10254.18,5867,90,8,7,2011-04-01 10:23:00,2011-08-31 16:28:00,United Kingdom,1281.7725,733.375,152,2,5,5,12,255,Loyal Customers
16181,73,1,305.54,152,11,1,1,2011-09-27 13:38:00,2011-09-27 13:38:00,United Kingdom,305.54,152.0,0,2,1,2,5,212,Regular Customers
16182,72,4,6617.65,3791,17,4,4,2011-02-18 10:11:00,2011-09-28 13:23:00,United Kingdom,1654.4125,947.75,222,3,4,5,12,345,Loyal Customers
16183,67,1,338.71000000000004,113,15,1,1,2011-10-03 14:59:00,2011-10-03 14:59:00,United Kingdom,338.71000000000004,113.0,0,3,1,2,6,312,Regular Customers
16184,64,6,1158.79,561,26,6,6,2011-05-12 13:33:00,2011-10-06 17:43:00,United Kingdom,193.13166666666666,93.5,147,3,5,4,12,354,Loyal Customers
16185,17,2,529.41,260,31,2,2,2011-04-21 11:59:00,2011-11-23 09:41:00,United Kingdom,264.705,130.0,215,4,1,3,8,413,Recent Customers
16186,23,12,4006.94,3020,87,12,10,2010-12-02 14:40:00,2011-11-17 12:43:00,United Kingdom,333.9116666666667,251.66666666666666,349,4,5,5,14,455,Champions
16187,32,15,6911.4400000000005,5048,160,15,11,2011-02-28 13:34:00,2011-11-08 09:50:00,United Kingdom,460.7626666666667,336.53333333333336,252,4,5,5,14,455,Champions
16188,45,4,981.86,782,65,4,4,2011-04-11 09:44:00,2011-10-26 12:19:00,United Kingdom,245.465,195.5,198,3,4,4,11,344,Loyal Customers
16189,16,2,215.48,134,9,2,2,2011-09-15 15:21:00,2011-11-24 11:47:00,United Kingdom,107.74,67.0,69,4,1,1,6,411,Recent Customers
16190,40,1,215.08,88,6,1,1,2011-10-30 15:59:00,2011-10-30 15:59:00,United Kingdom,215.08,88.0,0,3,1,1,5,311,Regular Customers
16191,3,13,5180.52,3351,65,13,10,2010-12-14 12:38:00,2011-12-07 11:26:00,United Kingdom,398.5015384615385,257.7692307692308,357,5,5,5,15,555,Champions
16193,237,1,314.45,219,19,1,1,2011-04-17 11:45:00,2011-04-17 11:45:00,United Kingdom,314.45,219.0,0,1,1,2,4,112,Regular Customers
16198,75,1,400.68100000000004,129,15,1,1,2011-09-25 14:58:00,2011-09-25 14:58:00,United Kingdom,400.68100000000004,129.0,0,2,1,2,5,212,Regular Customers
16200,4,2,1068.8700000000001,516,149,2,2,2011-06-28 15:47:00,2011-12-05 14:40:00,United Kingdom,534.4350000000001,258.0,159,5,1,4,10,514,Big Spenders
16201,3,4,1863.47,1286,74,4,4,2011-08-22 10:47:00,2011-12-06 16:02:00,United Kingdom,465.8675,321.5,106,5,4,4,13,544,Champions
16202,361,1,365.27,191,18,1,1,2010-12-14 10:43:00,2010-12-14 10:43:00,United Kingdom,365.27,191.0,0,1,1,2,4,112,Regular Customers
16203,59,4,592.9,262,27,4,4,2010-12-02 15:39:00,2011-10-12 12:31:00,United Kingdom,148.225,65.5,313,3,4,3,10,343,Loyal Customers
16204,23,1,384.18,218,45,1,1,2011-11-16 13:40:00,2011-11-16 13:40:00,United Kingdom,384.18,218.0,0,4,1,2,7,412,Recent Customers
16205,31,4,751.03,512,72,4,4,2011-06-13 11:33:00,2011-11-09 09:32:00,United Kingdom,187.7575,128.0,148,4,4,3,11,443,Loyal Customers
16206,55,4,537.0600000000001,272,52,4,4,2011-01-16 11:07:00,2011-10-16 10:41:00,United Kingdom,134.26500000000001,68.0,272,3,4,3,10,343,Loyal Customers
16207,25,1,394.38,140,19,1,1,2011-11-14 13:51:00,2011-11-14 13:51:00,United Kingdom,394.38,140.0,0,4,1,2,7,412,Recent Customers
16208,45,2,664.26,333,61,2,2,2011-02-23 13:37:00,2011-10-26 11:36:00,United Kingdom,332.13,166.5,244,3,1,3,7,313,Regular Customers
16209,89,5,2262.62,1179,37,5,5,2011-04-07 12:23:00,2011-09-12 11:58:00,United Kingdom,452.524,235.8,157,2,4,5,11,245,Loyal Customers
16210,2,17,21076.3,7558,73,17,16,2010-12-01 12:27:00,2011-12-08 12:36:00,United Kingdom,1239.7823529411764,444.5882352941176,372,5,5,5,15,555,Champions
16211,89,1,547.02,154,23,1,1,2011-09-12 12:11:00,2011-09-12 12:11:00,United Kingdom,547.02,154.0,0,2,1,3,6,213,Regular Customers
16212,19,2,690.34,244,40,2,2,2011-03-01 12:51:00,2011-11-20 13:00:00,United Kingdom,345.17,122.0,264,4,1,3,8,413,Recent Customers
16213,79,1,159.0,48,6,1,1,2011-09-22 10:03:00,2011-09-22 10:03:00,United Kingdom,159.0,48.0,0,2,1,1,4,211,Regular Customers
16214,171,3,1062.75,420,36,3,3,2011-03-15 13:23:00,2011-06-22 11:30:00,United Kingdom,354.25,140.0,98,2,2,4,8,224,Big Spenders
16215,81,1,242.35,104,14,1,1,2011-09-20 10:18:00,2011-09-20 10:18:00,United Kingdom,242.35,104.0,0,2,1,1,4,211,Regular Customers
16216,267,1,914.9300000000001,254,37,1,1,2011-03-17 15:34:00,2011-03-17 15:34:00,United Kingdom,914.9300000000001,254.0,0,1,1,3,5,113,Regular Customers
16217,235,2,304.25,91,13,2,2,2011-03-02 15:28:00,2011-04-18 13:31:00,United Kingdom,152.125,45.5,46,1,1,2,4,112,Regular Customers
16218,30,7,3084.68,2088,56,7,6,2010-12-01 11:29:00,2011-11-10 09:59:00,United Kingdom,440.6685714285714,298.2857142857143,343,4,5,5,14,455,Champions
16221,37,3,860.86,714,90,3,3,2010-12-07 13:13:00,2011-11-03 11:43:00,United Kingdom,286.9533333333333,238.0,330,3,2,3,8,323,Regular Customers
16222,318,1,773.55,325,120,1,1,2011-01-25 13:38:00,2011-01-25 13:38:00,United Kingdom,773.55,325.0,0,1,1,3,5,113,Regular Customers
16224,57,4,1295.3,1116,90,4,4,2011-04-04 12:00:00,2011-10-13 17:51:00,United Kingdom,323.825,279.0,192,3,4,4,11,344,Loyal Customers
16225,45,5,1096.32,493,109,5,4,2011-03-07 12:17:00,2011-10-26 08:30:00,United Kingdom,219.26399999999998,98.6,232,3,4,4,11,344,Loyal Customers
16226,203,3,255.12,192,6,3,3,2011-04-18 12:58:00,2011-05-20 14:41:00,United Kingdom,85.04,64.0,32,1,2,2,5,122,At Risk
16227,225,1,314.22,90,6,1,1,2011-04-28 13:33:00,2011-04-28 13:33:00,United Kingdom,314.22,90.0,0,1,1,2,4,112,Regular Customers
16229,87,2,1010.6,318,46,2,2,2011-05-11 10:18:00,2011-09-13 17:16:00,United Kingdom,505.3,159.0,125,2,1,4,7,214,Big Spenders
16230,190,2,542.03,365,32,2,2,2011-05-03 15:12:00,2011-06-03 10:06:00,United Kingdom,271.015,182.5,30,1,1,3,5,113,Regular Customers
16232,44,4,990.88,550,24,4,3,2011-05-08 14:05:00,2011-10-27 12:16:00,United Kingdom,247.72,137.5,171,3,4,4,11,344,Loyal Customers
16233,71,3,536.6800000000001,174,22,3,3,2010-12-08 12:51:00,2011-09-29 17:27:00,United Kingdom,178.89333333333335,58.0,295,3,2,3,8,323,Regular Customers
16235,41,4,857.3100000000001,329,41,4,4,2011-01-11 15:42:00,2011-10-30 10:56:00,United Kingdom,214.32750000000001,82.25,291,3,4,3,10,343,Loyal Customers
16236,78,1,432.2,184,20,1,1,2011-09-22 14:10:00,2011-09-22 14:10:00,United Kingdom,432.2,184.0,0,2,1,2,5,212,Regular Customers
16239,57,2,414.2,228,18,2,2,2011-06-03 09:30:00,2011-10-14 08:29:00,United Kingdom,207.1,114.0,132,3,1,2,6,312,Regular Customers
16240,24,2,3718.8,1641,126,2,2,2011-09-23 13:44:00,2011-11-15 14:30:00,United Kingdom,1859.4,820.5,53,4,1,5,10,415,Big Spenders
16241,10,13,2590.31,1443,347,13,12,2010-12-05 11:04:00,2011-11-30 11:08:00,United Kingdom,199.2546153846154,111.0,360,5,5,5,15,555,Champions
16242,8,7,3579.86,1969,184,7,7,2011-03-07 17:04:00,2011-12-01 15:12:00,United Kingdom,511.40857142857146,281.2857142857143,268,5,5,5,15,555,Champions
16243,34,2,409.1,110,49,2,2,2011-10-16 12:09:00,2011-11-06 12:32:00,United Kingdom,204.55,55.0,21,3,1,2,6,312,Regular Customers
16244,212,2,1522.75,855,88,2,2,2010-12-02 11:41:00,2011-05-12 10:18:00,United Kingdom,761.375,427.5,160,1,1,4,6,114,Big Spenders
16245,24,3,1413.66,1014,80,3,3,2011-03-28 09:30:00,2011-11-16 10:14:00,United Kingdom,471.22,338.0,233,4,2,4,10,424,Big Spenders
16247,170,1,114.56,182,16,1,1,2011-06-22 14:23:00,2011-06-22 14:23:00,United Kingdom,114.56,182.0,0,2,1,1,4,211,Regular Customers
16248,62,1,152.94,78,7,1,1,2011-10-09 11:32:00,2011-10-09 11:32:00,United Kingdom,152.94,78.0,0,3,1,1,5,311,Regular Customers
16249,53,5,1800.07,950,67,5,5,2011-04-14 13:50:00,2011-10-18 10:07:00,United Kingdom,360.014,190.0,186,3,4,4,11,344,Loyal Customers
16250,261,2,389.44,208,22,2,2,2010-12-01 09:59:00,2011-03-23 15:07:00,United Kingdom,194.72,104.0,112,1,1,2,4,112,Regular Customers
16253,67,2,3683.86,3233,114,2,2,2011-03-29 13:33:00,2011-10-04 09:09:00,United Kingdom,1841.93,1616.5,188,3,1,5,9,315,Big Spenders
16255,17,8,2619.91,1767,146,8,8,2010-12-09 14:25:00,2011-11-23 12:40:00,United Kingdom,327.48875,220.875,348,4,5,5,14,455,Champions
16256,267,1,752.4300000000001,581,13,1,1,2011-03-18 12:18:00,2011-03-18 12:18:00,United Kingdom,752.4300000000001,581.0,0,1,1,3,5,113,Regular Customers
16257,177,1,21.95,1,1,1,1,2011-06-16 10:11:00,2011-06-16 10:11:00,United Kingdom,21.95,1.0,0,2,1,1,4,211,Regular Customers
16258,45,5,5203.51,2994,111,5,5,2011-05-04 14:33:00,2011-10-25 13:30:00,United Kingdom,1040.702,598.8,173,3,4,5,12,345,Loyal Customers
16260,51,1,1035.45,311,18,1,1,2011-10-20 09:40:00,2011-10-20 09:40:00,United Kingdom,1035.45,311.0,0,3,1,4,8,314,Big Spenders
16261,17,4,728.54,301,98,4,4,2011-04-07 19:05:00,2011-11-22 17:23:00,United Kingdom,182.135,75.25,228,4,4,3,11,443,Loyal Customers
16265,9,9,5347.0,2644,163,9,8,2010-12-10 10:21:00,2011-11-30 16:41:00,United Kingdom,594.1111111111111,293.77777777777777,355,5,5,5,15,555,Champions
16266,74,7,861.89,398,44,7,6,2011-05-17 14:50:00,2011-09-27 12:08:00,United Kingdom,123.12714285714286,56.857142857142854,132,2,5,3,10,253,Loyal Customers
16268,71,2,617.65,532,44,2,1,2011-09-29 18:30:00,2011-09-29 18:30:00,United Kingdom,308.825,266.0,0,3,1,3,7,313,Regular Customers
16270,353,1,1141.24,688,54,1,1,2010-12-21 14:26:00,2010-12-21 14:26:00,United Kingdom,1141.24,688.0,0,1,1,4,6,114,Big Spenders
16271,16,4,1389.64,1023,88,4,4,2010-12-16 16:36:00,2011-11-24 12:12:00,United Kingdom,347.41,255.75,342,4,4,4,12,444,Champions
16272,117,1,411.7,224,25,1,1,2011-08-15 10:53:00,2011-08-15 10:54:00,United Kingdom,411.7,224.0,0,2,1,2,5,212,Regular Customers
16274,373,1,331.55,151,63,1,1,2010-12-01 15:35:00,2010-12-01 15:35:00,United Kingdom,331.55,151.0,0,1,1,2,4,112,Regular Customers
16275,197,1,559.87,336,33,1,1,2011-05-27 12:41:00,2011-05-27 12:41:00,United Kingdom,559.87,336.0,0,1,1,3,5,113,Regular Customers
16276,177,1,810.6,420,6,1,1,2011-06-16 09:34:00,2011-06-16 09:34:00,United Kingdom,810.6,420.0,0,2,1,3,6,213,Regular Customers
16278,100,1,566.38,114,23,1,1,2011-08-31 17:12:00,2011-08-31 17:12:00,United Kingdom,566.38,114.0,0,2,1,3,6,213,Regular Customers
16279,21,3,1502.78,1046,102,3,3,2011-06-16 11:50:00,2011-11-18 15:00:00,United Kingdom,500.9266666666667,348.6666666666667,155,4,2,4,10,424,Big Spenders
16281,72,1,2062.06,934,17,1,1,2011-09-28 14:57:00,2011-09-28 14:57:00,United Kingdom,2062.06,934.0,0,3,1,5,9,315,Big Spenders
16282,340,1,168.3,114,11,1,1,2011-01-04 11:42:00,2011-01-04 11:42:00,United Kingdom,168.3,114.0,0,1,1,1,3,111,Regular Customers
16283,6,5,1569.11,1234,116,5,5,2011-05-15 13:37:00,2011-12-04 12:08:00,United Kingdom,313.822,246.8,202,5,4,4,13,544,Champions
16284,31,2,812.68,535,87,2,2,2011-10-20 13:54:00,2011-11-08 16:12:00,United Kingdom,406.34,267.5,19,4,1,3,8,413,Recent Customers
16287,170,1,142.5,298,8,1,1,2011-06-23 09:08:00,2011-06-23 09:08:00,United Kingdom,142.5,298.0,0,2,1,1,4,211,Regular Customers
16292,122,1,302.25,191,17,1,1,2011-08-10 12:24:00,2011-08-10 12:24:00,United Kingdom,302.25,191.0,0,2,1,2,5,212,Regular Customers
16293,22,10,2248.9900000000002,982,102,10,6,2010-12-07 15:02:00,2011-11-18 09:58:00,United Kingdom,224.89900000000003,98.2,345,4,5,5,14,455,Champions
16295,10,4,1328.55,841,70,4,4,2011-10-06 10:45:00,2011-11-30 08:17:00,United Kingdom,332.1375,210.25,54,5,4,4,13,544,Champions
16297,269,1,301.9,206,20,1,1,2011-03-16 08:29:00,2011-03-16 08:29:00,United Kingdom,301.9,206.0,0,1,1,2,4,112,Regular Customers
16298,23,3,598.2,198,22,3,3,2011-06-06 10:06:00,2011-11-17 11:59:00,United Kingdom,199.4,66.0,164,4,2,3,9,423,Recent Customers
16302,127,1,233.22,158,11,1,1,2011-08-05 09:44:00,2011-08-05 09:44:00,United Kingdom,233.22,158.0,0,2,1,1,4,211,Regular Customers
16303,26,3,5360.63,2659,119,3,3,2011-01-10 14:16:00,2011-11-14 10:49:00,United Kingdom,1786.8766666666668,886.3333333333334,307,4,2,5,11,425,Big Spenders
16305,139,1,361.22,256,22,1,1,2011-07-24 12:18:00,2011-07-24 12:18:00,United Kingdom,361.22,256.0,0,2,1,2,5,212,Regular Customers
16306,214,6,632.27,487,36,6,6,2010-12-07 15:18:00,2011-05-10 12:12:00,United Kingdom,105.37833333333333,81.16666666666667,153,1,5,3,9,153,Loyal Customers
16308,38,4,2560.0,8000,1,4,4,2011-03-23 14:46:00,2011-11-02 11:24:00,United Kingdom,640.0,2000.0,223,3,4,5,12,345,Loyal Customers
16309,106,2,706.57,467,39,2,2,2011-04-13 11:46:00,2011-08-25 15:35:00,United Kingdom,353.285,233.5,134,2,1,3,6,213,Regular Customers
16311,18,2,616.26,394,35,2,2,2011-10-21 13:13:00,2011-11-22 08:54:00,United Kingdom,308.13,197.0,31,4,1,3,8,413,Recent Customers
16313,3,2,274.15000000000003,165,16,2,2,2011-10-21 09:04:00,2011-12-06 13:02:00,United Kingdom,137.07500000000002,82.5,46,5,1,2,8,512,Recent Customers
16315,331,1,226.37,75,14,1,1,2011-01-13 11:57:00,2011-01-13 11:57:00,United Kingdom,226.37,75.0,0,1,1,1,3,111,Regular Customers
16316,64,8,2938.91,1484,120,8,7,2010-12-16 14:26:00,2011-10-06 13:48:00,United Kingdom,367.36375,185.5,293,3,5,5,13,355,Loyal Customers
16317,120,3,1341.65,890,64,3,3,2011-02-15 14:30:00,2011-08-12 12:46:00,United Kingdom,447.2166666666667,296.6666666666667,177,2,2,4,8,224,Big Spenders
16318,35,1,328.15000000000003,199,19,1,1,2011-11-04 13:05:00,2011-11-04 13:05:00,United Kingdom,328.15000000000003,199.0,0,3,1,2,6,312,Regular Customers
16319,218,1,404.40000000000003,72,3,1,1,2011-05-06 11:27:00,2011-05-06 11:27:00,United Kingdom,404.40000000000003,72.0,0,1,1,2,4,112,Regular Customers
16320,172,2,1038.46,732,56,2,2,2011-05-10 15:31:00,2011-06-20 15:25:00,Unspecified,519.23,366.0,40,2,1,4,7,214,Big Spenders
16321,72,5,373.65000000000003,135,7,5,3,2011-01-20 12:11:00,2011-09-28 14:55:00,Australia,74.73,27.0,251,3,4,2,9,342,Regular Customers
16322,1,2,326.75,231,28,2,2,2011-11-03 14:33:00,2011-12-08 15:41:00,United Kingdom,163.375,115.5,35,5,1,2,8,512,Recent Customers
16323,196,1,207.50000000000003,50,1,1,1,2011-05-27 14:48:00,2011-05-27 14:48:00,United Kingdom,207.50000000000003,50.0,0,1,1,1,3,111,Regular Customers
16324,128,3,408.59000000000003,270,100,3,2,2011-06-15 14:26:00,2011-08-03 12:58:00,United Kingdom,136.1966666666667,90.0,48,2,2,2,6,222,At Risk
16325,47,3,594.24,194,14,3,3,2011-04-08 09:20:00,2011-10-24 08:48:00,United Kingdom,198.08,64.66666666666667,198,3,2,3,8,323,Regular Customers
16326,6,14,3039.2200000000003,682,158,14,13,2011-01-09 12:01:00,2011-12-04 10:11:00,United Kingdom,217.08714285714288,48.714285714285715,328,5,5,5,15,555,Champions
16327,14,6,3789.67,2524,141,6,6,2010-12-05 12:43:00,2011-11-25 13:23:00,United Kingdom,631.6116666666667,420.6666666666667,355,5,5,5,15,555,Champions
16330,18,3,251.91,147,39,3,2,2011-08-19 17:08:00,2011-11-22 12:24:00,United Kingdom,83.97,49.0,94,4,2,2,8,422,Recent Customers
16332,28,7,1582.8,797,125,7,7,2011-02-07 14:16:00,2011-11-11 14:22:00,United Kingdom,226.1142857142857,113.85714285714286,277,4,5,4,13,454,Champions
16333,8,22,26626.8,32184,9,22,13,2011-02-03 10:50:00,2011-12-02 12:19:00,United Kingdom,1210.3090909090909,1462.909090909091,302,5,5,5,15,555,Champions
16337,37,1,151.05,87,10,1,1,2011-11-03 10:03:00,2011-11-03 10:03:00,United Kingdom,151.05,87.0,0,3,1,1,5,311,Regular Customers
16338,157,1,214.8,94,11,1,1,2011-07-05 13:56:00,2011-07-05 13:56:00,United Kingdom,214.8,94.0,0,2,1,1,4,211,Regular Customers
16339,284,1,94.05,21,17,1,1,2011-02-28 13:41:00,2011-02-28 13:41:00,United Kingdom,94.05,21.0,0,1,1,1,3,111,Regular Customers
16340,107,1,534.31,486,124,1,1,2011-08-24 14:53:00,2011-08-24 14:53:00,United Kingdom,534.31,486.0,0,2,1,3,6,213,Regular Customers
16341,25,4,1971.8700000000001,1398,60,4,3,2011-05-22 13:20:00,2011-11-15 09:12:00,United Kingdom,492.96750000000003,349.5,176,4,4,4,12,444,Champions
16342,75,4,322.41,157,10,4,4,2011-06-13 10:10:00,2011-09-25 14:36:00,United Kingdom,80.6025,39.25,104,2,4,2,8,242,At Risk
16343,16,2,328.58,175,29,2,1,2011-11-23 17:43:00,2011-11-23 17:45:00,United Kingdom,164.29,87.5,0,4,1,2,7,412,Recent Customers
16344,158,1,101.10000000000001,18,1,1,1,2011-07-04 15:50:00,2011-07-04 15:50:00,United Kingdom,101.10000000000001,18.0,0,2,1,1,4,211,Regular Customers
16345,44,1,565.46,288,35,1,1,2011-10-26 16:03:00,2011-10-26 16:03:00,United Kingdom,565.46,288.0,0,3,1,3,7,313,Regular Customers
16347,11,2,847.45,341,61,2,2,2011-11-03 13:01:00,2011-11-28 13:14:00,United Kingdom,423.725,170.5,25,5,1,3,9,513,Recent Customers
16348,32,7,1413.31,799,156,7,6,2011-04-13 15:49:00,2011-11-07 15:44:00,United Kingdom,201.90142857142857,114.14285714285714,207,4,5,4,13,454,Champions
16349,291,1,53.5,9,9,1,1,2011-02-22 12:40:00,2011-02-22 12:40:00,United Kingdom,53.5,9.0,0,1,1,1,3,111,Regular Customers
16350,21,4,1116.47,545,40,4,4,2011-01-10 09:44:00,2011-11-18 15:53:00,United Kingdom,279.1175,136.25,312,4,4,4,12,444,Champions
16351,333,1,153.9,90,8,1,1,2011-01-11 10:26:00,2011-01-11 10:26:00,United Kingdom,153.9,90.0,0,1,1,1,3,111,Regular Customers
16352,18,2,494.44,300,28,2,2,2011-11-02 08:44:00,2011-11-22 10:32:00,United Kingdom,247.22,150.0,20,4,1,3,8,413,Recent Customers
16353,4,23,6675.71,2006,51,23,20,2010-12-05 12:09:00,2011-12-06 12:23:00,United Kingdom,290.24826086956523,87.21739130434783,366,5,5,5,15,555,Champions
16354,63,2,395.8,150,38,2,2,2011-09-27 16:28:00,2011-10-07 14:28:00,United Kingdom,197.9,75.0,9,3,1,2,6,312,Regular Customers
16356,198,3,211.77,93,20,3,3,2011-03-07 12:31:00,2011-05-26 11:51:00,United Kingdom,70.59,31.0,79,1,2,1,4,121,At Risk
16357,33,3,658.88,246,31,3,3,2011-05-10 10:35:00,2011-11-06 16:04:00,United Kingdom,219.62666666666667,82.0,180,4,2,3,9,423,Recent Customers
16358,1,4,2027.5,1302,82,4,4,2011-06-08 15:05:00,2011-12-08 15:09:00,United Kingdom,506.875,325.5,183,5,4,4,13,544,Champions
16359,7,9,1750.92,1183,39,9,9,2011-01-12 10:49:00,2011-12-02 17:04:00,United Kingdom,194.54666666666668,131.44444444444446,324,5,5,4,14,554,Champions
16360,5,6,3450.41,2110,365,6,6,2011-09-12 13:50:00,2011-12-05 12:16:00,United Kingdom,575.0683333333333,351.6666666666667,83,5,5,5,15,555,Champions
16361,10,4,891.21,418,87,4,4,2011-09-29 13:13:00,2011-11-30 12:32:00,United Kingdom,222.8025,104.5,61,5,4,3,12,543,Loyal Customers
16362,32,5,709.99,340,58,5,3,2011-09-09 14:47:00,2011-11-07 13:01:00,United Kingdom,141.998,68.0,58,4,4,3,11,443,Loyal Customers
16363,53,1,109.36000000000001,52,5,1,1,2011-10-17 14:14:00,2011-10-17 14:14:00,United Kingdom,109.36000000000001,52.0,0,3,1,1,5,311,Regular Customers
16364,12,2,705.79,279,48,2,2,2011-07-25 14:35:00,2011-11-28 11:27:00,United Kingdom,352.895,139.5,125,5,1,3,9,513,Recent Customers
16365,18,9,1540.42,504,45,9,8,2010-12-07 17:19:00,2011-11-22 11:24:00,United Kingdom,171.1577777777778,56.0,349,4,5,4,13,454,Champions
16366,19,1,327.3,256,18,1,1,2011-11-21 08:19:00,2011-11-21 08:19:00,United Kingdom,327.3,256.0,0,4,1,2,7,412,Recent Customers
16367,37,2,800.67,643,123,2,2,2010-12-12 12:01:00,2011-11-02 13:13:00,United Kingdom,400.335,321.5,325,3,1,3,7,313,Regular Customers
16368,2,2,479.91,251,58,2,2,2011-11-11 15:08:00,2011-12-07 13:12:00,United Kingdom,239.955,125.5,25,5,1,2,8,512,Recent Customers
16369,18,3,1543.33,1026,90,3,3,2011-05-27 09:39:00,2011-11-21 16:25:00,United Kingdom,514.4433333333333,342.0,178,4,2,4,10,424,Big Spenders
16370,82,4,1301.91,640,143,4,4,2011-04-28 16:40:00,2011-09-18 15:55:00,United Kingdom,325.4775,160.0,142,2,4,4,10,244,Loyal Customers
16372,33,2,355.73,158,86,2,1,2011-11-06 12:50:00,2011-11-06 13:08:00,United Kingdom,177.865,79.0,0,4,1,2,7,412,Recent Customers
16374,66,2,458.78,236,100,2,2,2011-03-22 13:46:00,2011-10-04 15:21:00,United Kingdom,229.39,118.0,196,3,1,2,6,312,Regular Customers
16376,9,2,974.96,691,104,2,2,2011-11-22 16:47:00,2011-12-01 11:38:00,United Kingdom,487.48,345.5,8,5,1,4,10,514,Big Spenders
16377,267,1,676.2,1500,5,1,1,2011-03-17 15:41:00,2011-03-17 15:41:00,United Kingdom,676.2,1500.0,0,1,1,3,5,113,Regular Customers
16378,247,3,362.95,267,22,3,3,2011-02-02 12:42:00,2011-04-06 15:07:00,United Kingdom,120.98333333333333,89.0,63,1,2,2,5,122,At Risk
16379,4,4,2157.4,1410,87,4,4,2011-09-22 09:33:00,2011-12-05 15:38:00,United Kingdom,539.35,352.5,74,5,4,5,14,545,Champions
16380,61,1,1743.1499999999999,1428,28,1,1,2011-10-09 15:40:00,2011-10-09 15:40:00,United Kingdom,1743.1499999999999,1428.0,0,3,1,4,8,314,Big Spenders
16383,75,2,643.76,467,80,2,2,2011-03-16 13:00:00,2011-09-26 12:45:00,United Kingdom,321.88,233.5,193,2,1,3,6,213,Regular Customers
16384,90,2,584.5,260,33,2,2,2011-03-21 10:13:00,2011-09-11 11:19:00,United Kingdom,292.25,130.0,174,2,1,3,6,213,Regular Customers
16385,60,3,554.86,258,52,3,3,2010-12-08 12:56:00,2011-10-10 13:12:00,United Kingdom,184.95333333333335,86.0,306,3,2,3,8,323,Regular Customers
16386,29,2,302.57,205,76,2,2,2011-03-31 12:19:00,2011-11-11 12:28:00,United Kingdom,151.285,102.5,225,4,1,2,7,412,Recent Customers
16387,323,1,94.36,44,4,1,1,2011-01-21 11:34:00,2011-01-21 11:34:00,United Kingdom,94.36,44.0,0,1,1,1,3,111,Regular Customers
16389,53,4,1382.0700000000002,1242,33,4,4,2011-03-01 15:47:00,2011-10-17 14:41:00,United Kingdom,345.51750000000004,310.5,229,3,4,4,11,344,Loyal Customers
16392,270,1,217.89000000000001,201,41,1,1,2011-03-15 12:11:00,2011-03-15 12:11:00,United Kingdom,217.89000000000001,201.0,0,1,1,1,3,111,Regular Customers
16393,2,13,3040.96,1573,120,13,13,2010-12-05 13:10:00,2011-12-07 12:51:00,United Kingdom,233.92000000000002,121.0,366,5,5,5,15,555,Champions
16394,57,5,1555.34,2604,61,5,5,2011-02-23 10:58:00,2011-10-14 09:48:00,United Kingdom,311.068,520.8,232,3,4,4,11,344,Loyal Customers
16395,61,5,1482.06,1472,150,5,5,2011-01-13 12:10:00,2011-10-10 12:50:00,United Kingdom,296.412,294.4,270,3,4,4,11,344,Loyal Customers
16398,154,2,1705.8,758,75,2,2,2011-03-31 09:38:00,2011-07-08 15:16:00,United Kingdom,852.9,379.0,99,2,1,4,7,214,Big Spenders
16399,19,2,406.22,245,67,2,2,2011-04-18 13:46:00,2011-11-20 16:12:00,United Kingdom,203.11,122.5,216,4,1,2,7,412,Recent Customers
16400,95,1,303.93,172,28,1,1,2011-09-06 12:27:00,2011-09-06 12:27:00,United Kingdom,303.93,172.0,0,2,1,2,5,212,Regular Customers
16401,1,12,4098.32,3882,66,12,12,2011-01-16 10:56:00,2011-12-08 18:15:00,United Kingdom,341.52666666666664,323.5,326,5,5,5,15,555,Champions
16402,265,2,293.45,146,55,2,2,2010-12-05 13:42:00,2011-03-20 12:25:00,United Kingdom,146.725,73.0,104,1,1,2,4,112,Regular Customers
16403,312,1,177.5,114,10,1,1,2011-01-31 13:39:00,2011-01-31 13:39:00,United Kingdom,177.5,114.0,0,1,1,1,3,111,Regular Customers
16404,70,1,443.05,157,23,1,1,2011-09-30 14:55:00,2011-09-30 14:55:00,United Kingdom,443.05,157.0,0,3,1,2,6,312,Regular Customers
16405,302,2,167.25,187,3,2,2,2011-02-02 17:08:00,2011-02-10 15:24:00,United Kingdom,83.625,93.5,7,1,1,1,3,111,Regular Customers
16406,19,1,154.35,116,54,1,1,2011-11-21 11:57:00,2011-11-21 11:57:00,United Kingdom,154.35,116.0,0,4,1,1,6,411,Recent Customers
16407,13,10,2079.68,1093,99,10,9,2011-01-31 14:02:00,2011-11-27 11:05:00,United Kingdom,207.968,109.3,299,5,5,5,15,555,Champions
16409,36,5,2022.98,1304,145,5,5,2011-01-26 14:51:00,2011-11-03 16:45:00,United Kingdom,404.596,260.8,281,3,4,4,11,344,Loyal Customers
16411,19,2,211.7,131,41,2,2,2010-12-05 13:26:00,2011-11-20 13:23:00,United Kingdom,105.85,65.5,349,4,1,1,6,411,Recent Customers
16412,54,1,135.99,63,25,1,1,2011-10-17 12:35:00,2011-10-17 12:35:00,United Kingdom,135.99,63.0,0,3,1,1,5,311,Regular Customers
16413,57,1,262.2,148,30,1,1,2011-10-14 12:08:00,2011-10-14 12:08:00,United Kingdom,262.2,148.0,0,3,1,2,6,312,Regular Customers
16414,22,2,126.25,27,5,2,2,2011-03-04 13:27:00,2011-11-18 09:42:00,United Kingdom,63.125,13.5,258,4,1,1,6,411,Recent Customers
16415,44,1,200.27,178,45,1,1,2011-10-26 13:35:00,2011-10-26 13:35:00,United Kingdom,200.27,178.0,0,3,1,1,5,311,Regular Customers
16416,27,3,1051.4,672,59,3,3,2011-10-14 13:35:00,2011-11-13 12:50:00,United Kingdom,350.4666666666667,224.0,29,4,2,4,10,424,Big Spenders
16418,45,3,631.12,280,76,3,3,2011-04-27 16:54:00,2011-10-26 12:39:00,United Kingdom,210.37333333333333,93.33333333333333,181,3,2,3,8,323,Regular Customers
16419,113,6,958.71,428,36,6,5,2011-02-01 12:25:00,2011-08-19 12:33:00,United Kingdom,159.785,71.33333333333333,199,2,5,4,11,254,Loyal Customers
16422,17,51,34684.4,33704,68,51,48,2010-12-05 15:35:00,2011-11-22 14:00:00,United Kingdom,680.086274509804,660.8627450980392,351,4,5,5,14,455,Champions
16423,25,1,346.12,230,18,1,1,2011-11-15 09:21:00,2011-11-15 09:21:00,United Kingdom,346.12,230.0,0,4,1,2,7,412,Recent Customers
16424,191,1,133.56,88,5,1,1,2011-06-01 13:40:00,2011-06-01 13:40:00,United Kingdom,133.56,88.0,0,1,1,1,3,111,Regular Customers
16425,302,1,302.7,199,21,1,1,2011-02-10 14:30:00,2011-02-10 14:30:00,United Kingdom,302.7,199.0,0,1,1,2,4,112,Regular Customers
16426,2,10,1863.76,1215,211,10,7,2011-03-08 15:45:00,2011-12-07 14:01:00,United Kingdom,186.376,121.5,273,5,5,4,14,554,Champions
16427,263,2,241.06,156,8,2,2,2011-02-28 15:18:00,2011-03-21 17:10:00,United Kingdom,120.53,78.0,21,1,1,1,3,111,Regular Customers
16429,106,1,284.55,9,2,1,1,2011-08-25 13:54:00,2011-08-25 13:54:00,United Kingdom,284.55,9.0,0,2,1,2,5,212,Regular Customers
16430,57,1,300.85,103,6,1,1,2011-10-13 14:47:00,2011-10-13 14:47:00,United Kingdom,300.85,103.0,0,3,1,2,6,312,Regular Customers
16431,213,3,623.28,442,51,3,2,2011-02-15 14:02:00,2011-05-10 14:09:00,United Kingdom,207.76,147.33333333333334,84,1,2,3,6,123,At Risk
16432,64,1,287.40000000000003,276,8,1,1,2011-10-06 13:59:00,2011-10-06 13:59:00,United Kingdom,287.40000000000003,276.0,0,3,1,2,6,312,Regular Customers
16433,28,1,184.26,106,17,1,1,2011-11-11 14:09:00,2011-11-11 14:09:00,United Kingdom,184.26,106.0,0,4,1,1,6,411,Recent Customers
16434,29,7,1511.8,760,88,7,7,2011-02-13 12:17:00,2011-11-10 14:28:00,United Kingdom,215.97142857142856,108.57142857142857,270,4,5,4,13,454,Champions
16438,6,5,798.35,463,74,5,5,2011-09-18 13:31:00,2011-12-04 10:51:00,United Kingdom,159.67000000000002,92.6,76,5,4,3,12,543,Loyal Customers
16440,8,5,3640.67,2018,186,5,5,2011-05-09 12:25:00,2011-12-02 12:02:00,United Kingdom,728.134,403.6,206,5,4,5,14,545,Champions
16441,67,2,381.2,173,22,2,2,2011-02-21 17:35:00,2011-10-03 17:48:00,United Kingdom,190.6,86.5,224,3,1,2,6,312,Regular Customers
16442,2,3,609.3,443,161,3,3,2010-12-14 10:46:00,2011-12-08 11:43:00,United Kingdom,203.1,147.66666666666666,359,5,2,3,10,523,Recent Customers
16444,46,4,654.67,407,68,4,4,2011-03-20 12:14:00,2011-10-24 13:50:00,United Kingdom,163.6675,101.75,218,3,4,3,10,343,Loyal Customers
16445,34,1,230.51,111,62,1,1,2011-11-06 12:32:00,2011-11-06 12:32:00,United Kingdom,230.51,111.0,0,3,1,1,5,311,Regular Customers
16446,1,2,168472.5,80997,3,2,2,2011-05-18 09:52:00,2011-12-09 09:15:00,United Kingdom,84236.25,40498.5,204,5,1,5,11,515,Big Spenders
16447,136,1,255.91,221,34,1,1,2011-07-27 12:45:00,2011-07-27 12:45:00,United Kingdom,255.91,221.0,0,2,1,2,5,212,Regular Customers
16448,198,1,182.99,76,19,1,1,2011-05-25 16:28:00,2011-05-25 16:28:00,United Kingdom,182.99,76.0,0,1,1,1,3,111,Regular Customers
16449,198,2,707.69,367,40,2,2,2011-03-04 12:15:00,2011-05-26 10:25:00,United Kingdom,353.845,183.5,82,1,1,3,5,113,Regular Customers
16450,150,1,311.92,200,11,1,1,2011-07-13 11:47:00,2011-07-13 11:47:00,United Kingdom,311.92,200.0,0,2,1,2,5,212,Regular Customers
16451,88,1,266.97,120,14,1,1,2011-09-13 09:17:00,2011-09-13 09:17:00,United Kingdom,266.97,120.0,0,2,1,2,5,212,Regular Customers
16454,64,1,5.9,2,1,1,1,2011-10-06 16:57:00,2011-10-06 16:57:00,United Kingdom,5.9,2.0,0,3,1,1,5,311,Regular Customers
16455,64,7,1841.18,988,69,7,6,2010-12-03 16:44:00,2011-10-07 12:17:00,United Kingdom,263.0257142857143,141.14285714285714,307,3,5,4,12,354,Loyal Customers
16456,99,5,2158.18,1147,80,5,5,2010-12-01 14:11:00,2011-09-01 13:50:00,United Kingdom,431.63599999999997,229.4,273,2,4,5,11,245,Loyal Customers
16457,218,1,208.36,140,9,1,1,2011-05-05 13:19:00,2011-05-05 13:19:00,United Kingdom,208.36,140.0,0,1,1,1,3,111,Regular Customers
16458,3,18,3482.7400000000002,2154,52,18,18,2010-12-14 11:51:00,2011-12-07 09:34:00,United Kingdom,193.48555555555558,119.66666666666667,357,5,5,5,15,555,Champions
16460,28,3,811.23,876,128,3,3,2011-09-19 10:15:00,2011-11-11 13:46:00,United Kingdom,270.41,292.0,53,4,2,3,9,423,Recent Customers
16461,178,1,142.92,48,31,1,1,2011-06-15 12:07:00,2011-06-15 12:07:00,United Kingdom,142.92,48.0,0,2,1,1,4,211,Regular Customers
16462,74,3,136.0,16,1,3,3,2011-03-01 08:58:00,2011-09-27 10:24:00,United Kingdom,45.333333333333336,5.333333333333333,210,2,2,1,5,221,At Risk
16463,21,4,1422.4,1163,74,4,4,2011-05-19 14:45:00,2011-11-18 14:01:00,United Kingdom,355.6,290.75,182,4,4,4,12,444,Champions
16464,20,3,1298.66,952,152,3,3,2011-07-20 13:53:00,2011-11-20 12:11:00,United Kingdom,432.8866666666667,317.3333333333333,122,4,2,4,10,424,Big Spenders
16466,34,7,1595.96,785,103,7,7,2011-02-20 11:39:00,2011-11-06 11:35:00,United Kingdom,227.99428571428572,112.14285714285714,258,3,5,4,12,354,Loyal Customers
16468,74,1,74.9,31,2,1,1,2011-09-26 14:13:00,2011-09-26 14:13:00,United Kingdom,74.9,31.0,0,2,1,1,4,211,Regular Customers
16469,24,4,625.42,260,148,4,3,2011-04-07 13:11:00,2011-11-16 12:25:00,United Kingdom,156.355,65.0,222,4,4,3,11,443,Loyal Customers
16470,52,4,752.77,522,120,4,4,2010-12-16 11:53:00,2011-10-19 12:11:00,United Kingdom,188.1925,130.5,307,3,4,3,10,343,Loyal Customers
16471,275,1,223.95000000000002,141,13,1,1,2011-03-10 09:41:00,2011-03-10 09:41:00,United Kingdom,223.95000000000002,141.0,0,1,1,1,3,111,Regular Customers
16473,165,3,316.11,196,18,3,3,2011-01-07 10:55:00,2011-06-28 09:10:00,United Kingdom,105.37,65.33333333333333,171,2,2,2,6,222,At Risk
16474,7,7,1810.49,907,236,7,6,2011-07-17 14:51:00,2011-12-02 13:02:00,United Kingdom,258.64142857142855,129.57142857142858,137,5,5,4,14,554,Champions
16475,88,4,544.3,319,23,4,4,2011-03-11 09:39:00,2011-09-12 14:37:00,United Kingdom,136.075,79.75,185,2,4,3,9,243,Loyal Customers
16477,64,7,2494.46,1415,111,7,7,2010-12-03 12:48:00,2011-10-07 09:44:00,United Kingdom,356.3514285714286,202.14285714285714,307,3,5,5,13,355,Loyal Customers
16478,25,3,331.0,224,15,3,3,2011-10-05 12:02:00,2011-11-14 15:51:00,United Kingdom,110.33333333333333,74.66666666666667,40,4,2,2,8,422,Recent Customers
16479,10,2,300.83,102,35,2,1,2011-11-29 13:04:00,2011-11-29 13:40:00,United Kingdom,150.415,51.0,0,5,1,2,8,512,Recent Customers
16480,76,1,769.29,455,51,1,1,2011-09-25 11:40:00,2011-09-25 11:40:00,United Kingdom,769.29,455.0,0,2,1,3,6,213,Regular Customers
16482,16,1,220.62,346,18,1,1,2011-11-24 12:33:00,2011-11-24 12:33:00,United Kingdom,220.62,346.0,0,4,1,1,6,411,Recent Customers
16483,192,1,139.35,44,19,1,1,2011-05-31 13:08:00,2011-05-31 13:08:00,United Kingdom,139.35,44.0,0,1,1,1,3,111,Regular Customers
16484,174,2,404.3,200,25,2,2,2011-06-02 10:39:00,2011-06-19 12:06:00,United Kingdom,202.15,100.0,17,2,1,2,5,212,Regular Customers
16485,77,1,363.65,235,41,1,1,2011-09-23 15:50:00,2011-09-23 15:50:00,United Kingdom,363.65,235.0,0,2,1,2,5,212,Regular Customers
16488,33,3,498.8,728,28,3,3,2011-07-14 11:46:00,2011-11-06 13:42:00,United Kingdom,166.26666666666668,242.66666666666666,115,4,2,3,9,423,Recent Customers
16491,47,1,731.5,478,39,1,1,2011-10-24 10:18:00,2011-10-24 10:18:00,United Kingdom,731.5,478.0,0,3,1,3,7,313,Regular Customers
16493,80,4,1351.63,1164,40,4,4,2011-01-14 08:16:00,2011-09-21 11:10:00,United Kingdom,337.9075,291.0,250,2,4,4,10,244,Loyal Customers
16494,297,1,826.53,675,47,1,1,2011-02-16 12:49:00,2011-02-16 12:49:00,United Kingdom,826.53,675.0,0,1,1,3,5,113,Regular Customers
16495,3,3,648.26,328,78,3,2,2011-03-08 16:38:00,2011-12-06 13:20:00,United Kingdom,216.08666666666667,109.33333333333333,272,5,2,3,10,523,Recent Customers
16496,9,3,1599.52,1111,92,3,3,2011-01-27 09:42:00,2011-12-01 10:31:00,United Kingdom,533.1733333333333,370.3333333333333,308,5,2,4,11,524,Big Spenders
16497,50,6,2965.69,1396,128,6,5,2011-01-10 13:20:00,2011-10-21 10:55:00,United Kingdom,494.2816666666667,232.66666666666666,283,3,5,5,13,355,Loyal Customers
16498,161,2,100.97,45,15,2,2,2011-06-30 19:52:00,2011-07-01 15:07:00,United Kingdom,50.485,22.5,0,2,1,1,4,211,Regular Customers
16499,360,2,365.45,127,18,2,2,2010-12-10 10:27:00,2010-12-14 13:31:00,United Kingdom,182.725,63.5,4,1,1,2,4,112,Regular Customers
16500,5,6,400.86,123,8,6,5,2011-01-13 10:28:00,2011-12-05 12:04:00,United Kingdom,66.81,20.5,326,5,5,2,12,552,Regular Customers
16503,107,4,1431.93,569,71,4,4,2010-12-14 13:50:00,2011-08-25 11:46:00,United Kingdom,357.9825,142.25,253,2,4,4,10,244,Loyal Customers
16504,25,1,465.88,510,76,1,1,2011-11-14 15:18:00,2011-11-14 15:18:00,United Kingdom,465.88,510.0,0,4,1,2,7,412,Recent Customers
16505,32,1,777.6,576,4,1,1,2011-11-08 12:14:00,2011-11-08 12:14:00,United Kingdom,777.6,576.0,0,4,1,3,8,413,Recent Customers
16506,20,2,90.30000000000001,42,3,2,2,2011-10-30 15:50:00,2011-11-20 12:17:00,United Kingdom,45.150000000000006,21.0,20,4,1,1,6,411,Recent Customers
16509,297,1,363.70000000000005,64,13,1,1,2011-02-16 09:25:00,2011-02-16 09:25:00,United Kingdom,363.70000000000005,64.0,0,1,1,2,4,112,Regular Customers
16510,372,1,248.1,92,13,1,1,2010-12-02 13:39:00,2010-12-02 13:39:00,United Kingdom,248.1,92.0,0,1,1,2,4,112,Regular Customers
16511,22,3,916.33,401,134,3,3,2011-03-18 11:24:00,2011-11-18 10:41:00,United Kingdom,305.4433333333333,133.66666666666666,244,4,2,3,9,423,Recent Customers
16513,5,4,874.59,407,33,4,4,2011-10-27 14:56:00,2011-12-05 10:18:00,United Kingdom,218.6475,101.75,38,5,4,3,12,543,Loyal Customers
16515,52,5,1624.14,826,89,5,5,2011-02-01 13:09:00,2011-10-18 13:10:00,United Kingdom,324.82800000000003,165.2,259,3,4,4,11,344,Loyal Customers
16516,30,1,101.69999999999999,58,6,1,1,2011-11-09 14:59:00,2011-11-09 14:59:00,United Kingdom,101.69999999999999,58.0,0,4,1,1,6,411,Recent Customers
16517,277,1,162.70000000000002,96,17,1,1,2011-03-07 13:50:00,2011-03-07 13:50:00,United Kingdom,162.70000000000002,96.0,0,1,1,1,3,111,Regular Customers
16518,61,2,484.32,327,36,2,2,2011-02-28 16:36:00,2011-10-09 15:04:00,United Kingdom,242.16,163.5,222,3,1,3,7,313,Regular Customers
16519,25,2,212.98,53,12,2,2,2010-12-09 14:08:00,2011-11-14 15:41:00,United Kingdom,106.49,26.5,340,4,1,1,6,411,Recent Customers
16520,186,3,1046.57,558,129,3,3,2010-12-09 13:08:00,2011-06-06 13:24:00,United Kingdom,348.8566666666666,186.0,179,1,2,4,7,124,Big Spenders
16523,2,21,9418.470000000001,4265,151,21,18,2011-01-28 12:06:00,2011-12-08 09:06:00,United Kingdom,448.4985714285715,203.0952380952381,313,5,5,5,15,555,Champions
16525,2,26,13027.45,7397,75,26,26,2010-12-08 11:31:00,2011-12-07 15:07:00,United Kingdom,501.0557692307693,284.5,364,5,5,5,15,555,Champions
16526,172,1,290.36,106,15,1,1,2011-06-21 12:02:00,2011-06-21 12:02:00,United Kingdom,290.36,106.0,0,2,1,2,5,212,Regular Customers
16527,81,1,228.06,106,14,1,1,2011-09-19 16:21:00,2011-09-19 16:21:00,United Kingdom,228.06,106.0,0,2,1,1,4,211,Regular Customers
16528,4,1,244.41,171,17,1,1,2011-12-06 12:45:00,2011-12-06 12:45:00,United Kingdom,244.41,171.0,0,5,1,1,7,511,Recent Customers
16529,190,1,455.25,198,30,1,1,2011-06-02 17:23:00,2011-06-02 17:23:00,United Kingdom,455.25,198.0,0,1,1,2,4,112,Regular Customers
16531,22,7,1244.59,915,68,7,7,2010-12-14 13:19:00,2011-11-17 16:29:00,United Kingdom,177.79857142857142,130.71428571428572,338,4,5,4,13,454,Champions
16532,18,3,6748.8,2016,2,3,3,2011-01-05 12:37:00,2011-11-22 11:08:00,United Kingdom,2249.6,672.0,320,4,2,5,11,425,Big Spenders
16533,19,3,1082.81,611,112,3,3,2011-10-02 15:07:00,2011-11-20 13:08:00,United Kingdom,360.93666666666667,203.66666666666666,48,4,2,4,10,424,Big Spenders
16535,5,1,593.75,356,31,1,1,2011-12-04 15:18:00,2011-12-04 15:18:00,United Kingdom,593.75,356.0,0,5,1,3,9,513,Recent Customers
16536,110,1,548.12,250,49,1,1,2011-08-21 15:54:00,2011-08-21 15:54:00,United Kingdom,548.12,250.0,0,2,1,3,6,213,Regular Customers
16539,3,4,1388.81,477,36,4,4,2010-12-01 15:40:00,2011-12-07 08:41:00,United Kingdom,347.2025,119.25,370,5,4,4,13,544,Champions
16542,54,1,119.62,46,5,1,1,2011-10-17 10:47:00,2011-10-17 10:47:00,United Kingdom,119.62,46.0,0,3,1,1,5,311,Regular Customers
16545,165,1,339.3,78,3,1,1,2011-06-28 10:37:00,2011-06-28 10:37:00,United Kingdom,339.3,78.0,0,2,1,2,5,212,Regular Customers
16546,291,2,787.15,549,25,2,2,2010-12-02 12:07:00,2011-02-22 11:20:00,United Kingdom,393.575,274.5,81,1,1,3,5,113,Regular Customers
16549,10,10,4034.9,2294,445,10,8,2011-01-09 14:03:00,2011-11-29 15:06:00,United Kingdom,403.49,229.4,324,5,5,5,15,555,Champions
16550,109,5,2298.97,1540,162,5,5,2010-12-06 13:53:00,2011-08-23 11:12:00,United Kingdom,459.794,308.0,259,2,4,5,11,245,Loyal Customers
16551,96,3,922.12,970,26,3,3,2011-01-07 10:24:00,2011-09-05 09:38:00,United Kingdom,307.37333333333333,323.3333333333333,240,2,2,4,8,224,Big Spenders
16552,243,2,379.73,219,17,2,2,2010-12-01 12:36:00,2011-04-11 10:04:00,United Kingdom,189.865,109.5,130,1,1,2,4,112,Regular Customers
16553,163,12,5719.82,4600,62,12,6,2010-12-14 13:58:00,2011-06-29 15:42:00,United Kingdom,476.65166666666664,383.3333333333333,197,2,5,5,12,255,Loyal Customers
16554,42,3,837.1,402,51,3,3,2011-01-12 12:41:00,2011-10-28 14:51:00,United Kingdom,279.03333333333336,134.0,289,3,2,3,8,323,Regular Customers
16555,35,2,285.89,175,15,2,2,2011-08-22 12:32:00,2011-11-04 14:31:00,United Kingdom,142.945,87.5,74,3,1,2,6,312,Regular Customers
16556,67,7,3313.79,1890,144,7,7,2010-12-14 13:32:00,2011-10-04 11:36:00,United Kingdom,473.3985714285714,270.0,293,3,5,5,13,355,Loyal Customers
16557,24,2,281.85,111,11,2,2,2011-07-25 13:28:00,2011-11-15 14:04:00,United Kingdom,140.925,55.5,113,4,1,2,7,412,Recent Customers
16558,1,20,8338.49,5377,264,20,20,2010-12-08 12:01:00,2011-12-09 10:20:00,United Kingdom,416.92449999999997,268.85,365,5,5,5,15,555,Champions
16560,27,2,841.41,500,52,2,2,2010-12-16 14:36:00,2011-11-13 10:35:00,United Kingdom,420.705,250.0,331,4,1,3,8,413,Recent Customers
16561,6,2,511.12,244,29,2,2,2011-10-11 09:53:00,2011-12-04 11:50:00,United Kingdom,255.56,122.0,54,5,1,3,9,513,Recent Customers
16563,54,1,1077.74,486,19,1,1,2011-10-17 11:51:00,2011-10-17 11:51:00,United Kingdom,1077.74,486.0,0,3,1,4,8,314,Big Spenders
16565,364,1,173.7,46,3,1,1,2010-12-10 15:21:00,2010-12-10 15:21:00,United Kingdom,173.7,46.0,0,1,1,1,3,111,Regular Customers
16566,15,5,614.66,362,14,5,5,2011-02-20 10:29:00,2011-11-24 16:34:00,United Kingdom,122.93199999999999,72.4,277,4,4,3,11,443,Loyal Customers
16567,194,2,865.6,996,34,2,2,2011-01-07 09:31:00,2011-05-29 13:57:00,United Kingdom,432.8,498.0,142,1,1,3,5,113,Regular Customers
16569,3,1,124.2,93,5,1,1,2011-12-06 15:32:00,2011-12-06 15:32:00,United Kingdom,124.2,93.0,0,5,1,1,7,511,Recent Customers
16570,15,10,3738.4,2112,68,10,9,2011-02-01 10:37:00,2011-11-24 17:02:00,United Kingdom,373.84000000000003,211.2,296,4,5,5,14,455,Champions
16571,27,3,1421.69,1239,73,3,3,2011-03-03 09:41:00,2011-11-13 11:46:00,United Kingdom,473.8966666666667,413.0,255,4,2,4,10,424,Big Spenders
16572,127,3,1009.6,532,40,3,3,2011-03-09 12:04:00,2011-08-04 16:34:00,United Kingdom,336.53333333333336,177.33333333333334,148,2,2,4,8,224,Big Spenders
16573,85,2,663.61,360,40,2,2,2011-02-22 15:14:00,2011-09-16 09:13:00,United Kingdom,331.805,180.0,205,2,1,3,6,213,Regular Customers
16574,71,1,451.44,416,28,1,1,2011-09-29 13:39:00,2011-09-29 13:39:00,United Kingdom,451.44,416.0,0,3,1,2,6,312,Regular Customers
16581,183,1,105.84,134,9,1,1,2011-06-10 10:05:00,2011-06-10 10:05:00,United Kingdom,105.84,134.0,0,1,1,1,3,111,Regular Customers
16582,113,1,313.62,164,6,1,1,2011-08-18 17:02:00,2011-08-18 17:02:00,United Kingdom,313.62,164.0,0,2,1,2,5,212,Regular Customers
16583,374,1,233.45,111,14,1,1,2010-12-01 12:03:00,2010-12-01 12:03:00,United Kingdom,233.45,111.0,0,1,1,1,3,111,Regular Customers
16584,80,2,936.08,646,25,2,2,2011-03-30 13:14:00,2011-09-20 13:45:00,United Kingdom,468.04,323.0,174,2,1,4,7,214,Big Spenders
16586,249,1,463.95,95,8,1,1,2011-04-05 09:32:00,2011-04-05 09:32:00,United Kingdom,463.95,95.0,0,1,1,2,4,112,Regular Customers
16587,232,1,225.15,71,13,1,1,2011-04-21 15:51:00,2011-04-21 15:51:00,United Kingdom,225.15,71.0,0,1,1,1,3,111,Regular Customers
16589,71,3,459.24,368,31,3,3,2011-07-01 13:31:00,2011-09-29 14:50:00,United Kingdom,153.08,122.66666666666667,90,3,2,2,7,322,Regular Customers
16591,69,1,213.5,41,10,1,1,2011-10-02 10:43:00,2011-10-02 10:43:00,United Kingdom,213.5,41.0,0,3,1,1,5,311,Regular Customers
16592,4,16,4113.68,2927,142,16,9,2011-02-25 10:19:00,2011-12-05 13:49:00,United Kingdom,257.105,182.9375,283,5,5,5,15,555,Champions
16593,51,3,330.03,116,24,3,3,2011-01-16 12:11:00,2011-10-20 12:41:00,United Kingdom,110.00999999999999,38.666666666666664,277,3,2,2,7,322,Regular Customers
16594,75,1,181.09,64,53,1,1,2011-09-25 14:08:00,2011-09-25 14:08:00,United Kingdom,181.09,64.0,0,2,1,1,4,211,Regular Customers
16595,61,1,360.16,335,83,1,1,2011-10-09 13:15:00,2011-10-09 13:15:00,United Kingdom,360.16,335.0,0,3,1,2,6,312,Regular Customers
16596,16,2,250.15,97,12,2,2,2010-12-08 16:18:00,2011-11-24 10:02:00,United Kingdom,125.075,48.5,350,4,1,2,7,412,Recent Customers
16597,4,1,90.04,184,7,1,1,2011-12-05 15:44:00,2011-12-05 15:44:00,United Kingdom,90.04,184.0,0,5,1,1,7,511,Recent Customers
16598,286,1,145.05,73,10,1,1,2011-02-27 11:42:00,2011-02-27 11:42:00,United Kingdom,145.05,73.0,0,1,1,1,3,111,Regular Customers
16600,4,6,813.52,1145,50,6,6,2011-01-05 12:13:00,2011-12-05 16:00:00,United Kingdom,135.58666666666667,190.83333333333334,334,5,5,3,13,553,Loyal Customers
16601,41,1,241.53,130,28,1,1,2011-10-30 11:09:00,2011-10-30 11:09:00,United Kingdom,241.53,130.0,0,3,1,1,5,311,Regular Customers
16602,36,1,528.08,336,29,1,1,2011-11-03 15:54:00,2011-11-03 15:54:00,United Kingdom,528.08,336.0,0,3,1,3,7,313,Regular Customers
16603,75,2,482.47,480,34,2,2,2011-09-09 13:02:00,2011-09-26 10:06:00,United Kingdom,241.235,240.0,16,2,1,3,6,213,Regular Customers
16607,18,14,3347.71,2859,140,14,14,2010-12-16 08:41:00,2011-11-22 10:24:00,United Kingdom,239.12214285714285,204.21428571428572,341,4,5,5,14,455,Champions
16609,15,7,5493.46,2420,155,7,7,2011-04-01 10:11:00,2011-11-24 13:32:00,United Kingdom,784.78,345.7142857142857,237,4,5,5,14,455,Champions
16610,219,1,75.66,66,6,1,1,2011-05-04 13:13:00,2011-05-04 13:13:00,United Kingdom,75.66,66.0,0,1,1,1,3,111,Regular Customers
16611,186,1,129.49,47,9,1,1,2011-06-06 15:46:00,2011-06-06 15:46:00,United Kingdom,129.49,47.0,0,1,1,1,3,111,Regular Customers
16612,33,4,1187.66,506,48,4,4,2011-02-01 10:38:00,2011-11-07 07:38:00,United Kingdom,296.915,126.5,278,4,4,4,12,444,Champions
16613,70,1,618.59,293,30,1,1,2011-09-30 15:52:00,2011-09-30 15:52:00,United Kingdom,618.59,293.0,0,3,1,3,7,313,Regular Customers
16614,183,1,506.19,223,26,1,1,2011-06-10 11:36:00,2011-06-10 11:36:00,United Kingdom,506.19,223.0,0,1,1,3,5,113,Regular Customers
16616,15,2,500.42,370,31,2,2,2011-07-05 13:38:00,2011-11-24 16:31:00,United Kingdom,250.21,185.0,142,4,1,3,8,413,Recent Customers
16617,236,1,151.85,91,5,1,1,2011-04-18 10:35:00,2011-04-18 10:35:00,United Kingdom,151.85,91.0,0,1,1,1,3,111,Regular Customers
16618,31,5,2647.59,1363,79,5,4,2011-01-21 11:55:00,2011-11-08 13:52:00,United Kingdom,529.518,272.6,291,4,4,5,13,445,Champions
16619,264,1,226.21,133,14,1,1,2011-03-21 08:18:00,2011-03-21 08:18:00,United Kingdom,226.21,133.0,0,1,1,1,3,111,Regular Customers
16620,4,2,178.96,88,9,2,2,2011-03-24 10:37:00,2011-12-06 12:19:00,United Kingdom,89.48,44.0,257,5,1,1,7,511,Recent Customers
16621,52,4,813.48,302,22,4,4,2011-03-07 11:32:00,2011-10-19 11:38:00,United Kingdom,203.37,75.5,226,3,4,3,10,343,Loyal Customers
16623,246,1,129.45000000000002,39,5,1,1,2011-04-08 10:09:00,2011-04-08 10:09:00,United Kingdom,129.45000000000002,39.0,0,1,1,1,3,111,Regular Customers
16624,81,2,810.57,488,44,2,2,2011-05-26 14:20:00,2011-09-20 12:39:00,United Kingdom,405.285,244.0,116,2,1,3,6,213,Regular Customers
16625,275,1,333.08,164,23,1,1,2011-03-10 12:50:00,2011-03-10 12:50:00,United Kingdom,333.08,164.0,0,1,1,2,4,112,Regular Customers
16626,1,17,4413.1,2690,86,17,17,2011-03-18 12:27:00,2011-12-09 11:56:00,United Kingdom,259.59411764705885,158.23529411764707,265,5,5,5,15,555,Champions
16627,79,1,322.8,162,20,1,1,2011-09-21 14:38:00,2011-09-21 14:38:00,United Kingdom,322.8,162.0,0,2,1,2,5,212,Regular Customers
16628,30,5,2188.05,1205,79,5,5,2011-04-19 08:55:00,2011-11-10 12:45:00,United Kingdom,437.61,241.0,205,4,4,5,13,445,Champions
16629,74,2,408.63,489,58,2,2,2011-09-04 16:12:00,2011-09-27 10:34:00,United Kingdom,204.315,244.5,22,2,1,2,5,212,Regular Customers
16633,17,6,2883.1,1138,115,6,6,2011-04-19 14:36:00,2011-11-22 13:41:00,United Kingdom,480.51666666666665,189.66666666666666,216,4,5,5,14,455,Champions
16634,223,2,217.9,82,9,2,2,2010-12-02 17:41:00,2011-05-01 12:09:00,United Kingdom,108.95,41.0,149,1,1,1,3,111,Regular Customers
16637,32,4,1154.47,927,66,4,4,2011-04-28 10:20:00,2011-11-07 13:17:00,United Kingdom,288.6175,231.75,193,4,4,4,12,444,Champions
16638,23,10,1680.72,1255,92,10,10,2010-12-06 10:19:00,2011-11-17 11:09:00,United Kingdom,168.072,125.5,346,4,5,4,13,454,Champions
16639,31,3,1257.51,510,48,3,3,2011-04-18 09:31:00,2011-11-08 13:20:00,United Kingdom,419.17,170.0,204,4,2,4,10,424,Big Spenders
16641,106,1,231.1,256,12,1,1,2011-08-26 12:49:00,2011-08-26 12:49:00,United Kingdom,231.1,256.0,0,2,1,1,4,211,Regular Customers
16642,5,2,688.33,479,32,2,2,2011-05-16 12:35:00,2011-12-05 11:31:00,United Kingdom,344.165,239.5,202,5,1,3,9,513,Recent Customers
16643,246,1,487.51,269,27,1,1,2011-04-08 08:24:00,2011-04-08 08:24:00,United Kingdom,487.51,269.0,0,1,1,3,5,113,Regular Customers
16644,178,2,833.78,826,62,2,2,2011-05-11 12:53:00,2011-06-15 12:39:00,United Kingdom,416.89,413.0,34,2,1,3,6,213,Regular Customers
16647,170,2,214.06,146,12,2,2,2011-05-19 09:31:00,2011-06-23 11:47:00,United Kingdom,107.03,73.0,35,2,1,1,4,211,Regular Customers
16648,43,1,290.66,281,19,1,1,2011-10-28 08:58:00,2011-10-28 08:58:00,United Kingdom,290.66,281.0,0,3,1,2,6,312,Regular Customers
16650,72,1,518.42,372,24,1,1,2011-09-29 09:51:00,2011-09-29 09:51:00,United Kingdom,518.42,372.0,0,3,1,3,7,313,Regular Customers
16652,59,7,6773.97,3283,74,7,5,2011-03-11 13:13:00,2011-10-12 09:38:00,United Kingdom,967.71,469.0,214,3,5,5,13,355,Loyal Customers
16653,16,2,1212.66,733,67,2,2,2011-09-29 13:38:00,2011-11-23 14:51:00,United Kingdom,606.33,366.5,55,4,1,4,9,414,Big Spenders
16654,141,4,601.27,282,29,4,4,2010-12-06 15:09:00,2011-07-21 15:23:00,United Kingdom,150.3175,70.5,227,2,4,3,9,243,Loyal Customers
16655,18,6,3789.52,2363,208,6,6,2011-01-12 10:16:00,2011-11-22 11:25:00,United Kingdom,631.5866666666667,393.8333333333333,314,4,5,5,14,455,Champions
16656,22,15,8625.8,8894,14,15,15,2010-12-10 11:23:00,2011-11-17 14:43:00,United Kingdom,575.0533333333333,592.9333333333333,342,4,5,5,14,455,Champions
16657,10,4,874.43,1130,158,4,4,2011-03-30 12:02:00,2011-11-30 11:48:00,United Kingdom,218.6075,282.5,244,5,4,3,12,543,Loyal Customers
16658,368,1,123.24,40,8,1,1,2010-12-06 13:47:00,2010-12-06 13:47:00,United Kingdom,123.24,40.0,0,1,1,1,3,111,Regular Customers
16659,189,1,39.12,72,2,1,1,2011-06-03 15:03:00,2011-06-03 15:03:00,United Kingdom,39.12,72.0,0,1,1,1,3,111,Regular Customers
16660,16,4,1267.65,571,16,4,3,2011-01-24 12:44:00,2011-11-23 14:53:00,United Kingdom,316.9125,142.75,303,4,4,4,12,444,Champions
16665,362,1,135.4,59,9,1,1,2010-12-12 14:03:00,2010-12-12 14:03:00,United Kingdom,135.4,59.0,0,1,1,1,3,111,Regular Customers
16666,19,1,118.98,233,32,1,1,2011-11-20 14:01:00,2011-11-20 14:01:00,United Kingdom,118.98,233.0,0,4,1,1,6,411,Recent Customers
16667,68,2,567.1800000000001,236,52,2,2,2011-02-28 12:57:00,2011-10-02 15:26:00,United Kingdom,283.59000000000003,118.0,216,3,1,3,7,313,Regular Customers
16668,15,6,306.72,318,9,6,6,2011-02-28 12:46:00,2011-11-24 17:43:00,United Kingdom,51.120000000000005,53.0,269,4,5,2,11,452,Regular Customers
16669,24,2,1344.48,871,140,2,2,2011-09-22 14:13:00,2011-11-16 12:26:00,United Kingdom,672.24,435.5,54,4,1,4,9,414,Big Spenders
16670,17,11,4095.9,2556,179,11,10,2010-12-16 10:30:00,2011-11-23 09:34:00,United Kingdom,372.3545454545455,232.36363636363637,341,4,5,5,14,455,Champions
16671,28,3,1692.27,875,3,3,3,2011-06-28 11:20:00,2011-11-11 13:40:00,United Kingdom,564.09,291.6666666666667,136,4,2,4,10,424,Big Spenders
16672,2,20,8134.9400000000005,2832,22,20,18,2011-03-18 10:15:00,2011-12-07 16:29:00,United Kingdom,406.747,141.6,264,5,5,5,15,555,Champions
16674,55,2,304.24,181,89,2,2,2011-09-02 13:59:00,2011-10-16 11:31:00,United Kingdom,152.12,90.5,43,3,1,2,6,312,Regular Customers
16676,34,4,1592.12,636,75,4,4,2011-01-06 13:00:00,2011-11-06 12:01:00,United Kingdom,398.03,159.0,303,3,4,4,11,344,Loyal Customers
16678,3,12,3109.99,2397,92,12,12,2011-03-02 09:24:00,2011-12-07 12:17:00,United Kingdom,259.1658333333333,199.75,280,5,5,5,15,555,Champions
16679,366,1,129.75,29,3,1,1,2010-12-08 13:51:00,2010-12-08 13:51:00,United Kingdom,129.75,29.0,0,1,1,1,3,111,Regular Customers
16680,43,1,183.7,94,10,1,1,2011-10-27 17:35:00,2011-10-27 17:35:00,United Kingdom,183.7,94.0,0,3,1,1,5,311,Regular Customers
16681,73,6,1770.3400000000001,1407,18,6,6,2011-03-31 13:46:00,2011-09-28 11:11:00,United Kingdom,295.0566666666667,234.5,180,2,5,4,11,254,Loyal Customers
16682,5,5,1028.0,1040,15,5,5,2011-06-05 11:02:00,2011-12-05 12:13:00,United Kingdom,205.6,208.0,183,5,4,4,13,544,Champions
16684,4,28,66653.56,50255,119,28,16,2010-12-16 17:34:00,2011-12-05 14:06:00,United Kingdom,2380.4842857142858,1794.8214285714287,353,5,5,5,15,555,Champions
16685,61,2,324.24,396,60,2,1,2011-10-09 13:44:00,2011-10-09 13:58:00,United Kingdom,162.12,198.0,0,3,1,2,6,312,Regular Customers
16686,47,7,2959.88,1977,406,7,7,2010-12-19 14:41:00,2011-10-23 13:49:00,United Kingdom,422.84000000000003,282.42857142857144,307,3,5,5,13,355,Loyal Customers
16688,1,4,1260.8600000000001,804,52,4,4,2011-10-10 12:23:00,2011-12-08 15:24:00,United Kingdom,315.21500000000003,201.0,59,5,4,4,13,544,Champions
16689,76,2,422.6,330,12,2,2,2011-09-18 13:29:00,2011-09-25 11:39:00,United Kingdom,211.3,165.0,6,2,1,2,5,212,Regular Customers
16690,72,2,225.58,138,10,2,2,2011-05-22 10:53:00,2011-09-28 15:02:00,United Kingdom,112.79,69.0,129,3,1,1,5,311,Regular Customers
16692,256,2,1126.0,151,1,2,2,2011-02-23 15:41:00,2011-03-28 14:46:00,United Kingdom,563.0,75.5,32,1,1,4,6,114,Big Spenders
16693,69,2,477.86,203,58,2,2,2011-03-13 11:06:00,2011-10-02 11:10:00,United Kingdom,238.93,101.5,203,3,1,2,6,312,Regular Customers
16696,135,4,657.9,146,7,4,4,2011-04-05 15:20:00,2011-07-27 14:23:00,United Kingdom,164.475,36.5,112,2,4,3,9,243,Loyal Customers
16697,241,1,112.75,27,20,1,1,2011-04-12 17:12:00,2011-04-12 17:12:00,United Kingdom,112.75,27.0,0,1,1,1,3,111,Regular Customers
16698,227,2,1998.0,840,4,2,2,2011-03-31 13:33:00,2011-04-27 10:52:00,United Kingdom,999.0,420.0,26,1,1,4,6,114,Big Spenders
16700,9,13,5076.55,4024,159,13,13,2010-12-08 16:34:00,2011-12-01 11:00:00,United Kingdom,390.50384615384615,309.53846153846155,357,5,5,5,15,555,Champions
16701,9,13,5398.3,6393,99,13,12,2010-12-13 11:51:00,2011-12-01 11:10:00,United Kingdom,415.25384615384615,491.7692307692308,352,5,5,5,15,555,Champions
16705,1,20,14034.99,5476,133,20,12,2010-12-16 10:51:00,2011-12-09 12:08:00,United Kingdom,701.7495,273.8,358,5,5,5,15,555,Champions
16706,37,3,531.35,249,108,3,3,2011-08-17 15:53:00,2011-11-02 13:50:00,United Kingdom,177.11666666666667,83.0,76,3,2,3,8,323,Regular Customers
16708,46,1,656.63,285,27,1,1,2011-10-25 12:20:00,2011-10-25 12:20:00,United Kingdom,656.63,285.0,0,3,1,3,7,313,Regular Customers
16709,85,5,3029.87,851,64,5,4,2011-03-03 10:55:00,2011-09-16 10:56:00,United Kingdom,605.9739999999999,170.2,197,2,4,5,11,245,Loyal Customers
16710,19,10,2467.9900000000002,1823,268,10,9,2010-12-06 13:13:00,2011-11-20 14:50:00,United Kingdom,246.79900000000004,182.3,349,4,5,5,14,455,Champions
16711,3,5,1651.03,833,18,5,5,2010-12-17 12:43:00,2011-12-06 16:32:00,United Kingdom,330.206,166.6,354,5,4,4,13,544,Champions
16712,9,11,3603.66,1727,258,11,9,2011-03-08 15:07:00,2011-11-30 13:48:00,United Kingdom,327.6054545454545,157.0,266,5,5,5,15,555,Champions
16713,19,15,6910.78,4271,338,15,15,2010-12-08 13:01:00,2011-11-21 12:36:00,United Kingdom,460.71866666666665,284.73333333333335,347,4,5,5,14,455,Champions
16714,317,2,1114.06,588,76,2,1,2011-01-26 13:40:00,2011-01-26 13:46:00,United Kingdom,557.03,294.0,0,1,1,4,6,114,Big Spenders
16715,78,1,301.71999999999997,642,19,1,1,2011-09-22 18:15:00,2011-09-22 18:15:00,United Kingdom,301.71999999999997,642.0,0,2,1,2,5,212,Regular Customers
16716,267,2,901.2,120,1,2,2,2011-02-01 15:35:00,2011-03-18 10:03:00,United Kingdom,450.6,60.0,44,1,1,3,5,113,Regular Customers
16717,24,6,3843.08,1860,176,6,6,2010-12-08 16:48:00,2011-11-16 12:16:00,United Kingdom,640.5133333333333,310.0,342,4,5,5,14,455,Champions
16718,369,1,606.0500000000001,407,41,1,1,2010-12-05 13:03:00,2010-12-05 13:03:00,United Kingdom,606.0500000000001,407.0,0,1,1,3,5,113,Regular Customers
16719,15,7,1770.22,1175,107,7,7,2010-12-06 12:06:00,2011-11-25 09:27:00,United Kingdom,252.88857142857142,167.85714285714286,353,4,5,4,13,454,Champions
16720,26,1,152.95,180,25,1,1,2011-11-13 16:22:00,2011-11-13 16:22:00,United Kingdom,152.95,180.0,0,4,1,1,6,411,Recent Customers
16721,262,1,292.47,172,37,1,1,2011-03-22 16:08:00,2011-03-22 16:08:00,United Kingdom,292.47,172.0,0,1,1,2,4,112,Regular Customers
16722,17,13,4730.81,5001,96,13,13,2010-12-06 12:59:00,2011-11-22 13:28:00,United Kingdom,363.90846153846155,384.6923076923077,351,4,5,5,14,455,Champions
16723,91,2,576.4,398,37,2,2,2011-08-24 11:31:00,2011-09-09 13:01:00,United Kingdom,288.2,199.0,16,2,1,3,6,213,Regular Customers
16725,302,6,756.82,287,109,6,6,2010-12-03 16:02:00,2011-02-10 16:52:00,United Kingdom,126.13666666666667,47.833333333333336,69,1,5,3,9,153,Loyal Customers
16726,26,5,1358.74,945,121,5,4,2010-12-13 13:28:00,2011-11-13 14:53:00,United Kingdom,271.748,189.0,335,4,4,4,12,444,Champions
16727,364,1,256.32,167,41,1,1,2010-12-10 13:48:00,2010-12-10 13:48:00,United Kingdom,256.32,167.0,0,1,1,2,4,112,Regular Customers
16728,46,4,1048.28,671,218,4,4,2011-03-20 13:28:00,2011-10-24 14:36:00,United Kingdom,262.07,167.75,218,3,4,4,11,344,Loyal Customers
16729,38,21,7202.01,5718,233,21,19,2011-04-12 14:22:00,2011-11-01 14:29:00,United Kingdom,342.95285714285717,272.2857142857143,203,3,5,5,13,355,Loyal Customers
16730,52,3,743.11,994,75,3,3,2011-01-24 14:01:00,2011-10-18 14:11:00,United Kingdom,247.70333333333335,331.3333333333333,267,3,2,3,8,323,Regular Customers
16732,32,1,603.75,317,28,1,1,2011-11-08 09:54:00,2011-11-08 09:54:00,United Kingdom,603.75,317.0,0,4,1,3,8,413,Recent Customers
16734,52,3,646.76,345,44,3,2,2011-08-17 15:00:00,2011-10-18 13:44:00,United Kingdom,215.58666666666667,115.0,61,3,2,3,8,323,Regular Customers
16735,79,5,2247.41,1532,88,5,4,2011-01-09 12:53:00,2011-09-22 11:49:00,United Kingdom,449.48199999999997,306.4,255,2,4,5,11,245,Loyal Customers
16737,53,1,417.6,288,1,1,1,2011-10-17 13:03:00,2011-10-17 13:03:00,United Kingdom,417.6,288.0,0,3,1,2,6,312,Regular Customers
16738,298,1,3.75,3,1,1,1,2011-02-15 09:46:00,2011-02-15 09:46:00,United Kingdom,3.75,3.0,0,1,1,1,3,111,Regular Customers
16739,177,1,323.0,172,13,1,1,2011-06-16 09:17:00,2011-06-16 09:17:00,United Kingdom,323.0,172.0,0,2,1,2,5,212,Regular Customers
16743,29,7,2213.13,2035,89,7,6,2010-12-16 12:15:00,2011-11-10 13:13:00,United Kingdom,316.1614285714286,290.7142857142857,329,4,5,5,14,455,Champions
16744,11,7,1291.91,798,198,7,7,2011-06-19 15:13:00,2011-11-28 13:06:00,United Kingdom,184.55857142857144,114.0,161,5,5,4,14,554,Champions
16745,87,17,7180.7,6719,148,17,17,2011-02-01 11:31:00,2011-09-14 11:58:00,United Kingdom,422.3941176470588,395.2352941176471,225,2,5,5,12,255,Loyal Customers
16746,5,18,6680.11,4660,234,18,17,2010-12-16 11:43:00,2011-12-05 12:33:00,United Kingdom,371.1172222222222,258.8888888888889,354,5,5,5,15,555,Champions
16747,38,2,836.0600000000001,583,34,2,2,2011-10-03 10:18:00,2011-11-02 11:37:00,United Kingdom,418.03000000000003,291.5,30,3,1,3,7,313,Regular Customers
16748,18,5,1515.9,880,42,5,5,2011-01-09 13:50:00,2011-11-22 10:17:00,United Kingdom,303.18,176.0,316,4,4,4,12,444,Champions
16750,45,5,623.93,214,74,5,5,2011-04-21 16:53:00,2011-10-26 12:48:00,United Kingdom,124.78599999999999,42.8,187,3,4,3,10,343,Loyal Customers
16751,31,1,1764.72,1031,24,1,1,2011-11-09 10:48:00,2011-11-09 10:48:00,United Kingdom,1764.72,1031.0,0,4,1,4,9,414,Big Spenders
16752,373,1,207.5,54,9,1,1,2010-12-02 12:18:00,2010-12-02 12:18:00,United Kingdom,207.5,54.0,0,1,1,1,3,111,Regular Customers
16753,58,1,223.92000000000002,189,34,1,1,2011-10-12 13:14:00,2011-10-12 13:14:00,United Kingdom,223.92000000000002,189.0,0,3,1,1,5,311,Regular Customers
16754,372,1,2002.4,4280,2,1,1,2010-12-02 17:38:00,2010-12-02 17:38:00,United Kingdom,2002.4,4280.0,0,1,1,4,6,114,Big Spenders
16755,114,3,1475.43,1058,133,3,3,2011-01-28 10:47:00,2011-08-17 13:21:00,United Kingdom,491.81,352.6666666666667,201,2,2,4,8,224,Big Spenders
16756,215,1,239.4,106,13,1,1,2011-05-09 09:33:00,2011-05-09 09:33:00,United Kingdom,239.4,106.0,0,1,1,1,3,111,Regular Customers
16757,319,1,106.83000000000001,81,7,1,1,2011-01-25 11:59:00,2011-01-25 11:59:00,United Kingdom,106.83000000000001,81.0,0,1,1,1,3,111,Regular Customers
16758,65,1,369.34000000000003,203,22,1,1,2011-10-05 14:47:00,2011-10-05 14:47:00,United Kingdom,369.34000000000003,203.0,0,3,1,2,6,312,Regular Customers
16759,8,3,789.79,609,40,3,2,2011-11-09 09:06:00,2011-12-02 12:42:00,United Kingdom,263.2633333333333,203.0,23,5,2,3,10,523,Recent Customers
16761,97,1,316.62,341,13,1,1,2011-09-04 11:15:00,2011-09-04 11:15:00,United Kingdom,316.62,341.0,0,2,1,2,5,212,Regular Customers
16762,20,3,1207.24,480,51,3,3,2011-07-18 12:52:00,2011-11-20 11:43:00,United Kingdom,402.41333333333336,160.0,124,4,2,4,10,424,Big Spenders
16763,199,1,611.8499999999999,319,23,1,1,2011-05-25 11:52:00,2011-05-25 11:52:00,United Kingdom,611.8499999999999,319.0,0,1,1,3,5,113,Regular Customers
16764,4,13,2790.9500000000003,1253,209,13,13,2011-07-19 17:17:00,2011-12-06 11:41:00,United Kingdom,214.68846153846155,96.38461538461539,139,5,5,5,15,555,Champions
16765,294,1,34.0,4,1,1,1,2011-02-18 15:41:00,2011-02-18 15:41:00,United Kingdom,34.0,4.0,0,1,1,1,3,111,Regular Customers
16766,273,2,1145.6,536,17,2,1,2011-03-11 13:34:00,2011-03-11 15:22:00,United Kingdom,572.8,268.0,0,1,1,4,6,114,Big Spenders
16767,31,11,5575.56,4423,148,11,8,2011-01-27 13:38:00,2011-11-09 09:42:00,United Kingdom,506.86909090909097,402.09090909090907,285,4,5,5,14,455,Champions
16768,48,3,478.09000000000003,196,47,3,3,2011-03-13 10:25:00,2011-10-23 10:38:00,United Kingdom,159.36333333333334,65.33333333333333,224,3,2,2,7,322,Regular Customers
16769,260,1,361.54,80,33,1,1,2011-03-24 13:41:00,2011-03-24 13:41:00,United Kingdom,361.54,80.0,0,1,1,2,4,112,Regular Customers
16770,58,5,757.1,456,116,5,5,2010-12-02 15:49:00,2011-10-13 12:21:00,United Kingdom,151.42000000000002,91.2,314,3,4,3,10,343,Loyal Customers
16771,33,5,2230.61,1475,199,5,5,2011-01-05 13:57:00,2011-11-06 13:28:00,United Kingdom,446.122,295.0,304,4,4,5,13,445,Champions
16773,57,1,171.59,171,23,1,1,2011-10-13 14:37:00,2011-10-13 14:37:00,United Kingdom,171.59,171.0,0,3,1,1,5,311,Regular Customers
16774,68,4,661.52,322,36,4,4,2011-06-14 12:45:00,2011-10-03 12:41:00,United Kingdom,165.38,80.5,110,3,4,3,10,343,Loyal Customers
16775,10,11,1691.51,439,84,11,11,2010-12-07 15:15:00,2011-11-29 15:22:00,United Kingdom,153.77363636363637,39.90909090909091,357,5,5,4,14,554,Champions
16776,60,1,371.54,254,61,1,1,2011-10-10 13:04:00,2011-10-10 13:04:00,United Kingdom,371.54,254.0,0,3,1,2,6,312,Regular Customers
16777,80,2,222.62,62,45,2,2,2011-03-27 14:34:00,2011-09-20 13:41:00,United Kingdom,111.31,31.0,176,2,1,1,4,211,Regular Customers
16778,74,2,245.94,194,16,2,2,2011-03-10 15:21:00,2011-09-26 13:48:00,United Kingdom,122.97,97.0,199,2,1,1,4,211,Regular Customers
16779,2,22,10611.72,5301,161,22,21,2010-12-08 09:56:00,2011-12-07 14:54:00,United Kingdom,482.35090909090906,240.95454545454547,364,5,5,5,15,555,Champions
16780,100,2,422.24,270,51,2,2,2011-03-25 17:34:00,2011-08-31 16:09:00,United Kingdom,211.12,135.0,158,2,1,2,5,212,Regular Customers
16781,372,1,311.25,113,17,1,1,2010-12-02 14:26:00,2010-12-02 14:26:00,United Kingdom,311.25,113.0,0,1,1,2,4,112,Regular Customers
16782,10,13,2267.9500000000003,705,103,13,13,2010-12-09 11:28:00,2011-11-29 13:20:00,United Kingdom,174.45769230769233,54.23076923076923,355,5,5,5,15,555,Champions
16784,20,1,107.6,24,3,1,1,2011-11-20 12:20:00,2011-11-20 12:20:00,United Kingdom,107.6,24.0,0,4,1,1,6,411,Recent Customers
16788,123,2,592.74,303,137,2,2,2011-03-30 13:05:00,2011-08-08 14:53:00,United Kingdom,296.37,151.5,131,2,1,3,6,213,Regular Customers
16789,8,1,80.80000000000001,32,5,1,1,2011-12-01 15:12:00,2011-12-01 15:12:00,United Kingdom,80.80000000000001,32.0,0,5,1,1,7,511,Recent Customers
16790,4,6,1545.6200000000001,898,88,6,6,2011-11-02 11:23:00,2011-12-06 11:53:00,United Kingdom,257.60333333333335,149.66666666666666,34,5,5,4,14,554,Champions
16791,29,7,1693.03,756,217,7,6,2011-01-11 15:42:00,2011-11-10 19:12:00,United Kingdom,241.86142857142858,108.0,303,4,5,4,13,454,Champions
16792,282,2,110.38,44,11,2,1,2011-03-02 14:39:00,2011-03-02 14:41:00,United Kingdom,55.19,22.0,0,1,1,1,3,111,Regular Customers
16793,57,1,243.84,146,16,1,1,2011-10-13 15:08:00,2011-10-13 15:08:00,United Kingdom,243.84,146.0,0,3,1,1,5,311,Regular Customers
16794,1,10,1194.48,922,141,10,9,2011-06-12 14:15:00,2011-12-08 17:54:00,United Kingdom,119.44800000000001,92.2,179,5,5,4,14,554,Champions
16795,365,1,414.88,239,64,1,1,2010-12-09 14:08:00,2010-12-09 14:08:00,United Kingdom,414.88,239.0,0,1,1,2,4,112,Regular Customers
16796,89,1,305.62,186,18,1,1,2011-09-11 14:01:00,2011-09-11 14:01:00,United Kingdom,305.62,186.0,0,2,1,2,5,212,Regular Customers
16800,11,1,1162.65,524,148,1,1,2011-11-28 14:06:00,2011-11-28 14:06:00,United Kingdom,1162.65,524.0,0,5,1,4,10,514,Big Spenders
16801,163,4,1594.23,493,72,4,4,2011-03-11 13:56:00,2011-06-29 15:33:00,United Kingdom,398.5575,123.25,110,2,4,4,10,244,Loyal Customers
16803,65,1,332.3,245,24,1,1,2011-10-05 14:28:00,2011-10-05 14:28:00,United Kingdom,332.3,245.0,0,3,1,2,6,312,Regular Customers
16804,23,3,536.99,246,59,3,2,2011-03-14 15:48:00,2011-11-16 16:43:00,United Kingdom,178.99666666666667,82.0,247,4,2,3,9,423,Recent Customers
16805,174,2,460.59000000000003,539,94,2,2,2010-12-14 13:35:00,2011-06-19 11:23:00,United Kingdom,230.29500000000002,269.5,186,2,1,2,5,212,Regular Customers
16806,103,4,736.21,355,67,4,4,2011-04-14 19:59:00,2011-08-28 15:27:00,United Kingdom,184.0525,88.75,135,2,4,3,9,243,Loyal Customers
16807,143,3,1121.59,778,57,3,3,2011-03-14 09:46:00,2011-07-20 12:00:00,United Kingdom,373.8633333333333,259.3333333333333,128,2,2,4,8,224,Big Spenders
16808,99,2,288.42,196,21,2,2,2011-03-10 19:05:00,2011-09-01 19:34:00,United Kingdom,144.21,98.0,175,2,1,2,5,212,Regular Customers
16809,23,5,914.69,652,79,5,5,2011-03-22 15:20:00,2011-11-16 15:45:00,United Kingdom,182.93800000000002,130.4,239,4,4,3,11,443,Loyal Customers
16810,192,1,309.54,114,15,1,1,2011-05-31 15:32:00,2011-05-31 15:32:00,United Kingdom,309.54,114.0,0,1,1,2,4,112,Regular Customers
16811,5,2,547.07,477,26,2,2,2011-11-22 17:19:00,2011-12-05 11:39:00,United Kingdom,273.535,238.5,12,5,1,3,9,513,Recent Customers
16812,361,1,479.35,81,15,1,1,2010-12-14 12:35:00,2010-12-14 12:35:00,United Kingdom,479.35,81.0,0,1,1,2,4,112,Regular Customers
16813,8,10,1652.18,1501,248,10,10,2011-05-19 13:28:00,2011-12-01 14:03:00,United Kingdom,165.21800000000002,150.1,196,5,5,4,14,554,Champions
16814,14,21,6406.8,2691,121,21,21,2010-12-05 11:45:00,2011-11-25 13:27:00,United Kingdom,305.0857142857143,128.14285714285714,355,5,5,5,15,555,Champions
16816,103,4,417.06,274,28,4,4,2010-12-16 17:01:00,2011-08-28 14:16:00,United Kingdom,104.265,68.5,254,2,4,2,8,242,At Risk
16817,3,9,1604.75,822,73,9,9,2010-12-06 14:19:00,2011-12-07 11:03:00,United Kingdom,178.30555555555554,91.33333333333333,365,5,5,4,14,554,Champions
16818,11,11,3349.57,2164,172,11,11,2011-05-18 11:42:00,2011-11-29 10:41:00,United Kingdom,304.50636363636363,196.72727272727272,194,5,5,5,15,555,Champions
16820,96,1,497.61,307,26,1,1,2011-09-05 12:06:00,2011-09-05 12:06:00,United Kingdom,497.61,307.0,0,2,1,3,6,213,Regular Customers
16823,227,1,358.38,136,34,1,1,2011-04-26 15:00:00,2011-04-26 15:00:00,United Kingdom,358.38,136.0,0,1,1,2,4,112,Regular Customers
16824,16,2,460.64,236,23,2,2,2011-06-28 13:36:00,2011-11-24 12:38:00,United Kingdom,230.32,118.0,148,4,1,2,7,412,Recent Customers
16825,39,2,775.18,566,27,2,2,2011-06-07 09:44:00,2011-11-01 11:51:00,United Kingdom,387.59,283.0,147,3,1,3,7,313,Regular Customers
16826,51,1,341.7,158,22,1,1,2011-10-19 14:05:00,2011-10-19 14:05:00,United Kingdom,341.7,158.0,0,3,1,2,6,312,Regular Customers
16828,112,1,113.5,58,7,1,1,2011-08-19 13:24:00,2011-08-19 13:24:00,United Kingdom,113.5,58.0,0,2,1,1,4,211,Regular Customers
16829,157,1,197.22,99,11,1,1,2011-07-06 10:48:00,2011-07-06 10:48:00,United Kingdom,197.22,99.0,0,2,1,1,4,211,Regular Customers
16830,39,1,325.91,264,23,1,1,2011-11-01 11:35:00,2011-11-01 11:35:00,United Kingdom,325.91,264.0,0,3,1,2,6,312,Regular Customers
16832,184,3,199.15,33,11,3,3,2011-05-06 14:12:00,2011-06-08 15:36:00,United Kingdom,66.38333333333334,11.0,33,1,2,1,4,121,At Risk
16833,1,4,1106.53,440,46,4,3,2011-01-09 13:02:00,2011-12-08 14:39:00,United Kingdom,276.6325,110.0,333,5,4,4,13,544,Champions
16834,228,1,413.46,358,24,1,1,2011-04-26 09:37:00,2011-04-26 09:37:00,United Kingdom,413.46,358.0,0,1,1,2,4,112,Regular Customers
16835,128,2,180.85,61,10,2,2,2010-12-01 17:15:00,2011-08-03 13:50:00,United Kingdom,90.425,30.5,244,2,1,1,4,211,Regular Customers
16836,40,2,251.87,165,11,2,2,2011-08-15 12:38:00,2011-10-31 10:05:00,United Kingdom,125.935,82.5,76,3,1,2,6,312,Regular Customers
16837,31,11,3170.98,1563,123,11,9,2011-04-08 08:48:00,2011-11-08 14:27:00,United Kingdom,288.2709090909091,142.0909090909091,214,4,5,5,14,455,Champions
16838,197,2,588.85,185,24,2,2,2011-02-24 15:01:00,2011-05-26 13:13:00,United Kingdom,294.425,92.5,90,1,1,3,5,113,Regular Customers
16839,9,34,16594.35,8975,114,34,32,2010-12-05 11:15:00,2011-12-01 09:03:00,United Kingdom,488.06911764705876,263.97058823529414,360,5,5,5,15,555,Champions
16841,37,6,1869.82,2250,101,6,6,2011-02-25 12:40:00,2011-11-03 11:51:00,United Kingdom,311.63666666666666,375.0,250,3,5,4,12,354,Loyal Customers
16842,101,3,1264.19,693,45,3,3,2011-02-10 14:51:00,2011-08-31 10:42:00,United Kingdom,421.3966666666667,231.0,201,2,2,4,8,224,Big Spenders
16843,43,16,10196.57,10159,226,16,12,2011-01-16 16:10:00,2011-10-28 09:06:00,United Kingdom,637.285625,634.9375,284,3,5,5,13,355,Loyal Customers
16846,50,1,214.32,135,11,1,1,2011-10-20 13:55:00,2011-10-20 13:55:00,United Kingdom,214.32,135.0,0,3,1,1,5,311,Regular Customers
16847,43,1,193.44,78,12,1,1,2011-10-27 13:29:00,2011-10-27 13:29:00,United Kingdom,193.44,78.0,0,3,1,1,5,311,Regular Customers
16848,53,1,281.42,182,14,1,1,2011-10-18 08:42:00,2011-10-18 08:42:00,United Kingdom,281.42,182.0,0,3,1,2,6,312,Regular Customers
16849,187,1,124.57,33,8,1,1,2011-06-06 09:16:00,2011-06-06 09:16:00,United Kingdom,124.57,33.0,0,1,1,1,3,111,Regular Customers
16850,334,1,332.41,249,19,1,1,2011-01-10 11:09:00,2011-01-10 11:09:00,United Kingdom,332.41,249.0,0,1,1,2,4,112,Regular Customers
16851,4,3,342.45,271,17,3,3,2011-10-19 09:48:00,2011-12-05 13:32:00,United Kingdom,114.14999999999999,90.33333333333333,47,5,2,2,9,522,Recent Customers
16852,10,2,144.91,56,9,2,2,2011-06-16 15:49:00,2011-11-29 13:22:00,United Kingdom,72.455,28.0,165,5,1,1,7,511,Recent Customers
16855,24,2,328.40000000000003,164,19,2,2,2011-10-27 16:31:00,2011-11-16 12:03:00,United Kingdom,164.20000000000002,82.0,19,4,1,2,7,412,Recent Customers
16856,15,1,35.400000000000006,12,2,1,1,2011-11-25 08:59:00,2011-11-25 08:59:00,United Kingdom,35.400000000000006,12.0,0,4,1,1,6,411,Recent Customers
16858,369,1,375.69000000000005,91,9,1,1,2010-12-06 09:52:00,2010-12-06 09:52:00,United Kingdom,375.69000000000005,91.0,0,1,1,2,4,112,Regular Customers
16859,145,2,747.81,827,50,2,2,2011-03-23 13:39:00,2011-07-18 12:19:00,United Kingdom,373.905,413.5,116,2,1,3,6,213,Regular Customers
16861,60,2,173.76,140,6,2,2,2011-07-04 15:38:00,2011-10-11 09:05:00,United Kingdom,86.88,70.0,98,3,1,1,5,311,Regular Customers
16863,31,2,502.8,409,25,2,2,2010-12-08 08:58:00,2011-11-08 15:26:00,United Kingdom,251.4,204.5,335,4,1,3,8,413,Recent Customers
16866,141,3,207.74,60,10,3,3,2011-07-01 12:34:00,2011-07-22 10:06:00,United Kingdom,69.24666666666667,20.0,20,2,2,1,5,221,At Risk
16869,23,4,817.12,583,113,4,4,2011-06-17 13:01:00,2011-11-17 12:02:00,United Kingdom,204.28,145.75,152,4,4,3,11,443,Loyal Customers
16871,22,6,2812.34,1253,131,6,5,2011-03-14 10:31:00,2011-11-17 19:27:00,United Kingdom,468.72333333333336,208.83333333333334,248,4,5,5,14,455,Champions
16872,77,3,680.02,600,5,3,3,2011-06-08 14:32:00,2011-09-23 16:05:00,United Kingdom,226.67333333333332,200.0,107,2,2,3,7,223,At Risk
16873,5,6,7123.62,3840,179,6,6,2010-12-10 15:45:00,2011-12-05 12:05:00,United Kingdom,1187.27,640.0,359,5,5,5,15,555,Champions
16875,67,5,2095.53,1069,93,5,4,2011-01-04 10:37:00,2011-10-03 13:39:00,United Kingdom,419.10600000000005,213.8,272,3,4,5,12,345,Loyal Customers
16877,12,6,846.62,458,111,6,6,2011-05-15 16:13:00,2011-11-27 13:47:00,United Kingdom,141.10333333333332,76.33333333333333,195,5,5,3,13,553,Loyal Customers
16878,84,1,13.3,12,3,1,1,2011-09-16 17:39:00,2011-09-16 17:39:00,United Kingdom,13.3,12.0,0,2,1,1,4,211,Regular Customers
16880,31,7,1491.43,746,121,7,6,2011-06-03 16:45:00,2011-11-09 11:33:00,United Kingdom,213.0614285714286,106.57142857142857,158,4,5,4,13,454,Champions
16881,67,1,432.0,600,1,1,1,2011-10-04 10:33:00,2011-10-04 10:33:00,United Kingdom,432.0,600.0,0,3,1,2,6,312,Regular Customers
16882,67,3,705.12,424,39,3,3,2011-01-26 17:43:00,2011-10-04 10:42:00,United Kingdom,235.04,141.33333333333334,250,3,2,3,8,323,Regular Customers
16883,187,2,272.48,103,33,2,2,2010-12-03 10:33:00,2011-06-05 12:51:00,United Kingdom,136.24,51.5,184,1,1,2,4,112,Regular Customers
16884,38,2,429.84,320,26,2,1,2011-11-02 10:16:00,2011-11-02 11:52:00,United Kingdom,214.92,160.0,0,3,1,2,6,312,Regular Customers
16885,15,3,450.41,178,82,3,3,2010-12-17 17:23:00,2011-11-24 13:40:00,United Kingdom,150.13666666666668,59.333333333333336,341,4,2,2,8,422,Recent Customers
16887,35,1,192.32999999999998,156,35,1,1,2011-11-04 14:07:00,2011-11-04 14:07:00,United Kingdom,192.32999999999998,156.0,0,3,1,1,5,311,Regular Customers
16889,195,3,1578.67,925,112,3,3,2011-01-07 10:47:00,2011-05-29 11:05:00,United Kingdom,526.2233333333334,308.3333333333333,142,1,2,4,7,124,Big Spenders
16891,2,5,742.43,265,166,5,5,2010-12-03 11:35:00,2011-12-08 11:15:00,United Kingdom,148.486,53.0,369,5,4,3,12,543,Loyal Customers
16892,1,5,518.19,236,87,5,4,2011-06-09 11:35:00,2011-12-08 13:18:00,United Kingdom,103.638,47.2,182,5,4,3,12,543,Loyal Customers
16893,367,1,145.93,62,44,1,1,2010-12-08 12:06:00,2010-12-08 12:06:00,United Kingdom,145.93,62.0,0,1,1,1,3,111,Regular Customers
16895,65,1,202.27,91,57,1,1,2011-10-06 12:15:00,2011-10-06 12:15:00,United Kingdom,202.27,91.0,0,3,1,1,5,311,Regular Customers
16897,299,2,289.78,73,37,2,2,2011-01-30 11:52:00,2011-02-13 15:02:00,United Kingdom,144.89,36.5,14,1,1,2,4,112,Regular Customers
16898,26,3,501.03000000000003,412,150,3,3,2010-12-06 12:23:00,2011-11-13 15:44:00,United Kingdom,167.01000000000002,137.33333333333334,342,4,2,3,9,423,Recent Customers
16899,8,6,1271.06,520,80,6,6,2010-12-14 13:11:00,2011-12-02 12:03:00,United Kingdom,211.84333333333333,86.66666666666667,352,5,5,4,14,554,Champions
16900,17,3,882.16,832,77,3,3,2011-10-07 13:17:00,2011-11-23 10:32:00,United Kingdom,294.05333333333334,277.3333333333333,46,4,2,3,9,423,Recent Customers
16902,116,1,1706.88,629,43,1,1,2011-08-15 14:17:00,2011-08-15 14:17:00,United Kingdom,1706.88,629.0,0,2,1,4,7,214,Big Spenders
16903,29,1,363.2,247,50,1,1,2011-11-10 15:32:00,2011-11-10 15:32:00,United Kingdom,363.2,247.0,0,4,1,2,7,412,Recent Customers
16904,4,15,3634.95,1973,385,15,14,2010-12-07 13:29:00,2011-12-05 13:10:00,United Kingdom,242.32999999999998,131.53333333333333,362,5,5,5,15,555,Champions
16905,5,7,3037.6,1381,117,7,6,2010-12-03 10:43:00,2011-12-04 14:01:00,United Kingdom,433.9428571428571,197.28571428571428,366,5,5,5,15,555,Champions
16906,82,4,559.59,263,74,4,4,2011-04-05 12:30:00,2011-09-19 11:49:00,United Kingdom,139.8975,65.75,166,2,4,3,9,243,Loyal Customers
16907,29,5,928.76,286,89,5,5,2010-12-09 16:52:00,2011-11-10 18:04:00,United Kingdom,185.752,57.2,336,4,4,4,12,444,Champions
16909,72,1,379.14,436,18,1,1,2011-09-28 16:45:00,2011-09-28 16:45:00,United Kingdom,379.14,436.0,0,3,1,2,6,312,Regular Customers
16910,4,8,1508.96,884,318,8,8,2011-09-09 14:14:00,2011-12-05 12:51:00,United Kingdom,188.62,110.5,86,5,5,4,14,554,Champions
16912,29,11,2555.58,1025,88,11,6,2011-01-20 15:42:00,2011-11-11 12:18:00,United Kingdom,232.32545454545453,93.18181818181819,294,4,5,5,14,455,Champions
16913,290,1,113.44,82,8,1,1,2011-02-22 12:56:00,2011-02-22 12:56:00,United Kingdom,113.44,82.0,0,1,1,1,3,111,Regular Customers
16914,36,1,183.76,112,25,1,1,2011-11-03 15:27:00,2011-11-03 15:27:00,United Kingdom,183.76,112.0,0,3,1,1,5,311,Regular Customers
16915,9,6,621.6800000000001,132,46,6,6,2011-03-01 09:52:00,2011-11-30 16:39:00,United Kingdom,103.61333333333334,22.0,274,5,5,3,13,553,Loyal Customers
16916,24,2,562.41,431,129,2,2,2010-12-02 13:14:00,2011-11-16 12:08:00,United Kingdom,281.205,215.5,348,4,1,3,8,413,Recent Customers
16917,277,1,391.52,232,9,1,1,2011-03-08 11:55:00,2011-03-08 11:55:00,United Kingdom,391.52,232.0,0,1,1,2,4,112,Regular Customers
16918,50,6,1068.82,721,97,6,5,2011-01-26 17:37:00,2011-10-21 12:50:00,United Kingdom,178.13666666666666,120.16666666666667,267,3,5,4,12,354,Loyal Customers
16919,156,11,2592.25,1403,141,11,11,2010-12-06 12:52:00,2011-07-06 13:35:00,United Kingdom,235.6590909090909,127.54545454545455,212,2,5,5,12,255,Loyal Customers
16921,61,1,154.18,154,50,1,1,2011-10-09 16:22:00,2011-10-09 16:22:00,United Kingdom,154.18,154.0,0,3,1,1,5,311,Regular Customers
16923,12,19,7069.08,3344,313,19,17,2010-12-12 11:06:00,2011-11-27 13:00:00,United Kingdom,372.0568421052632,176.0,350,5,5,5,15,555,Champions
16924,21,3,829.89,467,69,3,3,2011-09-16 12:54:00,2011-11-18 12:53:00,United Kingdom,276.63,155.66666666666666,62,4,2,3,9,423,Recent Customers
16926,371,1,230.25,35,14,1,1,2010-12-03 13:42:00,2010-12-03 13:42:00,United Kingdom,230.25,35.0,0,1,1,1,3,111,Regular Customers
16927,116,3,543.05,993,5,3,3,2010-12-13 11:57:00,2011-08-16 11:10:00,United Kingdom,181.01666666666665,331.0,245,2,2,3,7,223,At Risk
16928,80,17,2806.75,2091,68,17,17,2010-12-01 15:21:00,2011-09-20 15:10:00,United Kingdom,165.10294117647058,123.0,292,2,5,5,12,255,Loyal Customers
16929,4,7,1295.39,929,51,7,7,2011-07-07 12:39:00,2011-12-06 08:37:00,United Kingdom,185.0557142857143,132.71428571428572,151,5,5,4,14,554,Champions
16930,26,3,378.89,339,47,3,2,2011-10-02 14:25:00,2011-11-13 16:13:00,United Kingdom,126.29666666666667,113.0,42,4,2,2,8,422,Recent Customers
16931,5,21,4554.87,3134,448,21,20,2010-12-05 11:40:00,2011-12-04 13:15:00,United Kingdom,216.89857142857142,149.23809523809524,364,5,5,5,15,555,Champions
16932,53,1,150.23000000000002,82,44,1,1,2011-10-17 14:12:00,2011-10-17 14:12:00,United Kingdom,150.23000000000002,82.0,0,3,1,1,5,311,Regular Customers
16933,1,2,563.23,288,42,2,2,2011-04-14 13:33:00,2011-12-08 12:54:00,United Kingdom,281.615,144.0,237,5,1,3,9,513,Recent Customers
16934,55,2,931.03,397,59,2,1,2011-10-16 12:25:00,2011-10-16 12:40:00,United Kingdom,465.515,198.5,0,3,1,4,8,314,Big Spenders
16936,26,1,261.9,171,56,1,1,2011-11-14 11:04:00,2011-11-14 11:04:00,United Kingdom,261.9,171.0,0,4,1,2,7,412,Recent Customers
16938,9,4,2711.6800000000003,2533,212,4,4,2011-02-04 09:34:00,2011-12-01 10:20:00,United Kingdom,677.9200000000001,633.25,300,5,4,5,14,545,Champions
16940,52,3,3049.88,2169,226,3,3,2011-02-23 12:27:00,2011-10-18 13:15:00,United Kingdom,1016.6266666666667,723.0,237,3,2,5,10,325,Big Spenders
16942,13,9,1904.99,805,159,9,8,2011-04-26 11:59:00,2011-11-27 12:40:00,United Kingdom,211.66555555555556,89.44444444444444,215,5,5,4,14,554,Champions
16943,212,3,816.73,145,23,3,3,2011-01-25 14:00:00,2011-05-12 11:57:00,United Kingdom,272.24333333333334,48.333333333333336,106,1,2,3,6,123,At Risk
16945,22,19,4345.5,2725,137,19,13,2010-12-16 17:49:00,2011-11-18 11:39:00,United Kingdom,228.71052631578948,143.42105263157896,336,4,5,5,14,455,Champions
16947,236,1,406.48,312,21,1,1,2011-04-18 09:38:00,2011-04-18 09:38:00,United Kingdom,406.48,312.0,0,1,1,2,4,112,Regular Customers
16948,139,3,435.02,1614,15,3,3,2011-01-18 10:58:00,2011-07-24 12:46:00,United Kingdom,145.00666666666666,538.0,187,2,2,2,6,222,At Risk
16949,4,6,1286.27,791,57,6,6,2011-01-27 12:11:00,2011-12-06 11:07:00,United Kingdom,214.37833333333333,131.83333333333334,312,5,5,4,14,554,Champions
16950,57,3,1178.56,644,39,3,3,2010-12-07 15:20:00,2011-10-14 09:06:00,United Kingdom,392.8533333333333,214.66666666666666,310,3,2,4,9,324,Big Spenders
16951,135,3,1277.75,1318,73,3,3,2011-02-08 14:58:00,2011-07-28 12:05:00,United Kingdom,425.9166666666667,439.3333333333333,169,2,2,4,8,224,Big Spenders
16952,109,2,167.61,92,16,2,1,2011-08-22 12:58:00,2011-08-22 13:03:00,United Kingdom,83.805,46.0,0,2,1,1,4,211,Regular Customers
16953,30,1,20.8,10,1,1,1,2011-11-09 15:54:00,2011-11-09 15:54:00,United Kingdom,20.8,10.0,0,4,1,1,6,411,Recent Customers
16954,1,9,2085.08,1054,40,9,8,2010-12-15 10:41:00,2011-12-09 09:46:00,United Kingdom,231.67555555555555,117.11111111111111,358,5,5,5,15,555,Champions
16955,185,4,518.67,266,18,4,4,2010-12-01 13:31:00,2011-06-08 10:36:00,United Kingdom,129.6675,66.5,188,1,4,3,8,143,Loyal Customers
16956,18,1,308.74,114,16,1,1,2011-11-22 08:56:00,2011-11-22 08:56:00,United Kingdom,308.74,114.0,0,4,1,2,7,412,Recent Customers
16957,239,2,416.64,172,15,2,2,2011-03-03 09:25:00,2011-04-14 13:56:00,United Kingdom,208.32,86.0,42,1,1,2,4,112,Regular Customers
16959,87,1,117.35000000000001,49,7,1,1,2011-09-13 15:03:00,2011-09-13 15:03:00,United Kingdom,117.35000000000001,49.0,0,2,1,1,4,211,Regular Customers
16960,39,3,505.1,301,91,3,3,2011-04-01 11:54:00,2011-11-01 11:35:00,United Kingdom,168.36666666666667,100.33333333333333,213,3,2,3,8,323,Regular Customers
16961,116,1,234.17000000000002,125,14,1,1,2011-08-15 13:46:00,2011-08-15 13:46:00,United Kingdom,234.17000000000002,125.0,0,2,1,1,4,211,Regular Customers
16963,187,1,110.55000000000001,35,7,1,1,2011-06-05 13:48:00,2011-06-05 13:48:00,United Kingdom,110.55000000000001,35.0,0,1,1,1,3,111,Regular Customers
16965,227,1,192.07,243,25,1,1,2011-04-27 12:08:00,2011-04-27 12:08:00,United Kingdom,192.07,243.0,0,1,1,1,3,111,Regular Customers
16966,8,7,2154.97,1981,8,7,7,2011-04-13 14:17:00,2011-12-01 13:40:00,United Kingdom,307.8528571428571,283.0,231,5,5,5,15,555,Champions
16967,189,1,319.02,333,21,1,1,2011-06-03 14:24:00,2011-06-03 14:24:00,United Kingdom,319.02,333.0,0,1,1,2,4,112,Regular Customers
16968,4,2,439.43,326,31,2,2,2011-08-24 10:51:00,2011-12-05 15:02:00,United Kingdom,219.715,163.0,103,5,1,2,8,512,Recent Customers
16969,39,3,650.41,816,42,3,3,2011-06-01 12:10:00,2011-10-31 13:12:00,United Kingdom,216.8033333333333,272.0,152,3,2,3,8,323,Regular Customers
16971,38,1,357.21,72,40,1,1,2011-11-01 15:06:00,2011-11-01 15:06:00,United Kingdom,357.21,72.0,0,3,1,2,6,312,Regular Customers
16976,267,1,251.51999999999998,88,2,1,1,2011-03-17 16:33:00,2011-03-17 16:33:00,United Kingdom,251.51999999999998,88.0,0,1,1,2,4,112,Regular Customers
16978,78,1,344.33,166,39,1,1,2011-09-23 12:50:00,2011-09-23 12:50:00,United Kingdom,344.33,166.0,0,2,1,2,5,212,Regular Customers
16979,4,6,1852.0,865,64,6,6,2011-02-15 09:20:00,2011-12-06 12:21:00,United Kingdom,308.6666666666667,144.16666666666666,294,5,5,4,14,554,Champions
16980,255,2,1028.46,739,71,2,2,2011-02-21 12:58:00,2011-03-29 16:36:00,United Kingdom,514.23,369.5,36,1,1,4,6,114,Big Spenders
16982,61,1,384.06,182,22,1,1,2011-10-10 12:28:00,2011-10-10 12:28:00,United Kingdom,384.06,182.0,0,3,1,2,6,312,Regular Customers
16983,13,7,1905.87,1335,112,7,7,2010-12-05 12:34:00,2011-11-27 12:10:00,United Kingdom,272.26714285714286,190.71428571428572,356,5,5,4,14,554,Champions
16984,88,2,4459.52,2380,354,2,2,2011-08-01 17:37:00,2011-09-12 13:43:00,United Kingdom,2229.76,1190.0,41,2,1,5,8,215,Big Spenders
16985,17,10,5464.12,1832,62,10,7,2010-12-16 10:38:00,2011-11-22 13:33:00,United Kingdom,546.412,183.2,341,4,5,5,14,455,Champions
16986,30,2,1873.2,1040,3,2,2,2011-11-09 15:52:00,2011-11-10 11:55:00,United Kingdom,936.6,520.0,0,4,1,4,9,414,Big Spenders
16987,3,7,1616.8,401,74,7,6,2011-05-18 15:55:00,2011-12-06 17:26:00,United Kingdom,230.97142857142856,57.285714285714285,202,5,5,4,14,554,Champions
16988,5,1,126.12,43,7,1,1,2011-12-04 16:02:00,2011-12-04 16:02:00,United Kingdom,126.12,43.0,0,5,1,1,7,511,Recent Customers
16989,7,6,1133.25,1233,7,6,6,2011-07-12 09:11:00,2011-12-02 16:39:00,United Kingdom,188.875,205.5,143,5,5,4,14,554,Champions
16990,219,1,179.0,100,1,1,1,2011-05-05 08:30:00,2011-05-05 08:30:00,United Kingdom,179.0,100.0,0,1,1,1,3,111,Regular Customers
16992,11,5,1614.31,860,84,5,5,2011-02-28 10:37:00,2011-11-29 11:50:00,United Kingdom,322.86199999999997,172.0,274,5,4,4,13,544,Champions
16996,30,6,1456.96,544,13,6,5,2010-12-21 13:22:00,2011-11-09 16:43:00,United Kingdom,242.82666666666668,90.66666666666667,323,4,5,4,13,454,Champions
16997,288,3,702.0,360,7,3,3,2011-01-18 11:51:00,2011-02-24 17:28:00,United Kingdom,234.0,120.0,37,1,2,3,6,123,At Risk
16998,150,4,295.0,76,1,4,3,2011-02-08 15:42:00,2011-07-13 09:44:00,United Kingdom,73.75,19.0,154,2,4,2,8,242,At Risk
16999,23,2,484.82,294,21,2,2,2011-09-26 15:43:00,2011-11-16 13:53:00,United Kingdom,242.41,147.0,50,4,1,3,8,413,Recent Customers
17001,1,11,3989.57,2164,75,11,11,2010-12-16 09:35:00,2011-12-09 09:38:00,United Kingdom,362.6881818181818,196.72727272727272,358,5,5,5,15,555,Champions
17002,86,3,1493.73,679,41,3,3,2011-02-22 11:46:00,2011-09-15 12:40:00,United Kingdom,497.91,226.33333333333334,205,2,2,4,8,224,Big Spenders
17004,46,2,1312.1399999999999,771,38,2,2,2011-09-08 12:16:00,2011-10-24 14:25:00,United Kingdom,656.0699999999999,385.5,46,3,1,4,8,314,Big Spenders
17006,5,4,781.78,272,37,4,4,2011-09-25 12:15:00,2011-12-05 12:09:00,United Kingdom,195.445,68.0,70,5,4,3,12,543,Loyal Customers
17007,51,6,889.9300000000001,597,50,6,5,2010-12-17 13:57:00,2011-10-20 10:47:00,United Kingdom,148.3216666666667,99.5,306,3,5,3,11,353,Loyal Customers
17010,18,1,195.36,118,11,1,1,2011-11-21 14:49:00,2011-11-21 14:49:00,United Kingdom,195.36,118.0,0,4,1,1,6,411,Recent Customers
17011,30,1,270.9,186,15,1,1,2011-11-09 13:30:00,2011-11-09 13:30:00,United Kingdom,270.9,186.0,0,4,1,2,7,412,Recent Customers
17014,8,3,583.4300000000001,243,63,3,3,2011-10-04 11:36:00,2011-12-01 14:09:00,United Kingdom,194.4766666666667,81.0,58,5,2,3,10,523,Recent Customers
17015,29,3,1838.61,1978,182,3,3,2011-06-07 13:19:00,2011-11-11 10:45:00,United Kingdom,612.87,659.3333333333334,156,4,2,4,10,424,Big Spenders
17017,3,20,8694.26,6673,88,20,16,2010-12-02 10:17:00,2011-12-07 09:32:00,United Kingdom,434.713,333.65,369,5,5,5,15,555,Champions
17018,41,2,920.1,176,15,2,2,2011-01-18 08:46:00,2011-10-30 11:42:00,United Kingdom,460.05,88.0,285,3,1,3,7,313,Regular Customers
17019,11,4,1258.08,820,166,4,4,2010-12-06 12:55:00,2011-11-28 13:06:00,United Kingdom,314.52,205.0,357,5,4,4,13,544,Champions
17022,31,1,71.0,108,7,1,1,2011-11-08 17:09:00,2011-11-08 17:09:00,United Kingdom,71.0,108.0,0,4,1,1,6,411,Recent Customers
17024,45,3,95.85,69,2,3,3,2011-07-05 09:31:00,2011-10-25 13:47:00,United Kingdom,31.95,23.0,112,3,2,1,6,321,Regular Customers
17025,61,3,357.77,235,8,3,2,2010-12-01 15:45:00,2011-10-10 09:06:00,United Kingdom,119.25666666666666,78.33333333333333,312,3,2,2,7,322,Regular Customers
17026,185,2,154.83,97,4,2,2,2010-12-05 12:47:00,2011-06-07 14:28:00,United Kingdom,77.415,48.5,184,1,1,1,3,111,Regular Customers
17027,79,6,877.5600000000001,416,110,6,5,2011-01-26 14:19:00,2011-09-22 12:24:00,United Kingdom,146.26000000000002,69.33333333333333,238,2,5,3,10,253,Loyal Customers
17029,111,2,716.0,400,1,2,2,2011-04-17 10:57:00,2011-08-21 11:06:00,United Kingdom,358.0,200.0,126,2,1,3,6,213,Regular Customers
17030,64,1,146.87,146,11,1,1,2011-10-07 08:49:00,2011-10-07 08:49:00,United Kingdom,146.87,146.0,0,3,1,1,5,311,Regular Customers
17031,12,2,380.35,235,19,2,2,2011-07-08 09:38:00,2011-11-28 10:23:00,United Kingdom,190.175,117.5,143,5,1,2,8,512,Recent Customers
17033,86,3,1030.14,750,24,3,3,2010-12-15 13:21:00,2011-09-14 14:34:00,United Kingdom,343.38000000000005,250.0,273,2,2,4,8,224,Big Spenders
17034,16,3,745.52,410,28,3,3,2011-02-25 10:10:00,2011-11-23 15:14:00,United Kingdom,248.50666666666666,136.66666666666666,271,4,2,3,9,423,Recent Customers
17035,246,2,433.53000000000003,229,27,2,2,2011-02-01 12:27:00,2011-04-08 11:23:00,United Kingdom,216.76500000000001,114.5,65,1,1,2,4,112,Regular Customers
17037,88,1,1267.32,656,75,1,1,2011-09-13 12:49:00,2011-09-13 12:49:00,United Kingdom,1267.32,656.0,0,2,1,4,7,214,Big Spenders
17038,30,1,112.4,28,22,1,1,2011-11-09 13:50:00,2011-11-09 13:50:00,United Kingdom,112.4,28.0,0,4,1,1,6,411,Recent Customers
17040,138,1,449.73,181,15,1,1,2011-07-25 10:19:00,2011-07-25 10:19:00,United Kingdom,449.73,181.0,0,2,1,2,5,212,Regular Customers
17041,27,3,1071.49,927,59,3,3,2010-12-14 11:43:00,2011-11-13 11:21:00,United Kingdom,357.16333333333336,309.0,333,4,2,4,10,424,Big Spenders
17042,3,5,1036.58,990,74,5,5,2011-04-06 14:53:00,2011-12-07 12:26:00,United Kingdom,207.31599999999997,198.0,244,5,4,4,13,544,Champions
17043,32,4,1735.18,998,100,4,4,2011-03-18 14:53:00,2011-11-07 15:33:00,United Kingdom,433.795,249.5,234,4,4,4,12,444,Champions
17044,25,1,948.48,504,6,1,1,2011-11-14 14:28:00,2011-11-14 14:28:00,United Kingdom,948.48,504.0,0,4,1,4,9,414,Big Spenders
17045,113,3,339.44,106,20,3,3,2011-04-06 12:08:00,2011-08-18 17:09:00,United Kingdom,113.14666666666666,35.333333333333336,134,2,2,2,6,222,At Risk
17046,157,1,642.02,510,22,1,1,2011-07-05 14:24:00,2011-07-05 14:24:00,United Kingdom,642.02,510.0,0,2,1,3,6,213,Regular Customers
17047,85,3,1100.9,533,59,3,2,2011-05-18 16:50:00,2011-09-15 13:27:00,United Kingdom,366.9666666666667,177.66666666666666,119,2,2,4,8,224,Big Spenders
17048,118,3,925.35,485,41,3,3,2011-01-12 16:51:00,2011-08-14 11:49:00,United Kingdom,308.45,161.66666666666666,213,2,2,4,8,224,Big Spenders
17049,3,9,5655.03,2673,201,9,8,2011-03-09 08:33:00,2011-12-07 10:48:00,United Kingdom,628.3366666666666,297.0,273,5,5,5,15,555,Champions
17050,96,6,3185.64,1595,169,6,6,2011-02-13 12:41:00,2011-09-04 13:48:00,United Kingdom,530.9399999999999,265.8333333333333,203,2,5,5,12,255,Loyal Customers
17051,194,1,240.89,179,40,1,1,2011-05-29 14:13:00,2011-05-29 14:13:00,United Kingdom,240.89,179.0,0,1,1,1,3,111,Regular Customers
17052,28,1,399.09,251,72,1,1,2011-11-11 14:50:00,2011-11-11 14:50:00,United Kingdom,399.09,251.0,0,4,1,2,7,412,Recent Customers
17053,131,1,498.48,122,13,1,1,2011-08-01 10:23:00,2011-08-01 10:23:00,United Kingdom,498.48,122.0,0,2,1,3,6,213,Regular Customers
17054,28,5,1356.33,804,64,5,5,2011-04-08 13:14:00,2011-11-11 12:56:00,United Kingdom,271.26599999999996,160.8,216,4,4,4,12,444,Champions
17058,82,3,1179.89,592,51,3,3,2011-04-14 09:18:00,2011-09-19 10:13:00,United Kingdom,393.2966666666667,197.33333333333334,158,2,2,4,8,224,Big Spenders
17059,30,5,3080.39,1850,292,5,5,2010-12-05 12:35:00,2011-11-10 12:27:00,United Kingdom,616.078,370.0,339,4,4,5,13,445,Champions
17060,266,1,234.24,216,5,1,1,2011-03-18 13:27:00,2011-03-18 13:27:00,United Kingdom,234.24,216.0,0,1,1,1,3,111,Regular Customers
17061,74,11,5232.2300000000005,1526,57,11,9,2011-04-21 13:29:00,2011-09-27 11:24:00,United Kingdom,475.65727272727275,138.72727272727272,158,2,5,5,12,255,Loyal Customers
17062,314,4,528.29,406,51,4,4,2010-12-05 11:59:00,2011-01-30 11:01:00,United Kingdom,132.0725,101.5,55,1,4,3,8,143,Loyal Customers
17063,21,7,1461.14,770,66,7,4,2011-02-23 13:44:00,2011-11-18 16:19:00,United Kingdom,208.73428571428573,110.0,268,4,5,4,13,454,Champions
17064,59,3,855.45,316,53,3,3,2011-01-16 16:10:00,2011-10-12 10:18:00,United Kingdom,285.15000000000003,105.33333333333333,268,3,2,3,8,323,Regular Customers
17068,12,21,4545.89,2159,115,21,21,2010-12-06 13:58:00,2011-11-27 13:14:00,United Kingdom,216.47095238095238,102.80952380952381,355,5,5,5,15,555,Champions
17069,28,9,2709.7000000000003,1506,111,9,8,2010-12-01 16:49:00,2011-11-11 17:13:00,United Kingdom,301.0777777777778,167.33333333333334,345,4,5,5,14,455,Champions
17070,114,1,304.24,131,62,1,1,2011-08-17 17:01:00,2011-08-17 17:01:00,United Kingdom,304.24,131.0,0,2,1,2,5,212,Regular Customers
17071,28,9,2429.03,1197,102,9,8,2011-02-03 08:18:00,2011-11-11 16:31:00,United Kingdom,269.89222222222224,133.0,281,4,5,5,14,455,Champions
17073,18,4,1444.84,758,141,4,4,2011-08-22 14:37:00,2011-11-22 11:47:00,United Kingdom,361.21,189.5,91,4,4,4,12,444,Champions
17075,18,4,834.12,292,62,4,4,2011-01-26 13:20:00,2011-11-22 11:58:00,United Kingdom,208.53,73.0,299,4,4,3,11,443,Loyal Customers
17076,36,3,841.0799999999999,295,17,3,3,2010-12-10 10:08:00,2011-11-03 17:53:00,United Kingdom,280.35999999999996,98.33333333333333,328,3,2,3,8,323,Regular Customers
17078,36,2,375.86,782,27,2,1,2011-11-03 18:49:00,2011-11-03 19:17:00,United Kingdom,187.93,391.0,0,3,1,2,6,312,Regular Customers
17079,78,1,118.80000000000001,24,2,1,1,2011-09-22 15:34:00,2011-09-22 15:34:00,United Kingdom,118.80000000000001,24.0,0,2,1,1,4,211,Regular Customers
17080,22,2,287.62,166,8,2,2,2011-03-15 12:05:00,2011-11-17 12:59:00,United Kingdom,143.81,83.0,247,4,1,2,7,412,Recent Customers
17081,25,2,288.91,77,55,2,2,2011-10-24 13:08:00,2011-11-14 12:56:00,United Kingdom,144.455,38.5,20,4,1,2,7,412,Recent Customers
17082,33,2,2003.8500000000001,1049,75,2,2,2011-01-25 14:36:00,2011-11-06 15:17:00,United Kingdom,1001.9250000000001,524.5,285,4,1,4,9,414,Big Spenders
17083,109,3,1405.78,772,24,3,3,2011-02-09 11:38:00,2011-08-22 15:43:00,United Kingdom,468.5933333333333,257.3333333333333,194,2,2,4,8,224,Big Spenders
17084,35,2,2747.9900000000002,1702,146,2,1,2011-11-04 14:49:00,2011-11-04 14:54:00,United Kingdom,1373.9950000000001,851.0,0,3,1,5,9,315,Big Spenders
17085,123,5,1562.4,785,115,5,5,2010-12-12 12:24:00,2011-08-08 14:15:00,United Kingdom,312.48,157.0,239,2,4,4,10,244,Loyal Customers
17086,7,6,2050.08,1859,76,6,6,2011-10-07 11:22:00,2011-12-02 13:54:00,United Kingdom,341.68,309.8333333333333,56,5,5,5,15,555,Champions
17088,28,4,1991.01,868,96,4,4,2011-03-31 09:48:00,2011-11-11 14:23:00,United Kingdom,497.7525,217.0,225,4,4,4,12,444,Champions
17090,4,7,1974.65,903,45,7,7,2010-12-20 13:52:00,2011-12-05 13:44:00,United Kingdom,282.09285714285716,129.0,349,5,5,4,14,554,Champions
17091,3,9,3827.76,1746,119,9,7,2010-12-07 09:55:00,2011-12-07 10:43:00,United Kingdom,425.3066666666667,194.0,365,5,5,5,15,555,Champions
17092,50,4,1774.03,1130,99,4,4,2011-03-07 14:51:00,2011-10-20 19:51:00,United Kingdom,443.5075,282.5,227,3,4,4,11,344,Loyal Customers
17094,322,1,302.0,152,14,1,1,2011-01-21 13:09:00,2011-01-21 13:09:00,United Kingdom,302.0,152.0,0,1,1,2,4,112,Regular Customers
17095,23,3,1324.16,618,69,3,3,2011-01-09 11:05:00,2011-11-17 12:21:00,United Kingdom,441.3866666666667,206.0,312,4,2,4,10,424,Big Spenders
17096,15,4,1022.13,339,46,4,4,2011-03-23 12:05:00,2011-11-24 15:01:00,United Kingdom,255.5325,84.75,246,4,4,4,12,444,Champions
17097,2,8,954.42,459,153,8,7,2010-12-09 14:55:00,2011-12-07 17:05:00,Spain,119.3025,57.375,363,5,5,4,14,554,Champions
17100,18,2,971.74,800,65,2,1,2011-11-21 16:36:00,2011-11-21 16:36:00,United Kingdom,485.87,400.0,0,4,1,4,9,414,Big Spenders
17101,10,4,1621.73,815,28,4,4,2011-06-14 14:49:00,2011-11-29 13:57:00,United Kingdom,405.4325,203.75,167,5,4,4,13,544,Champions
17102,262,1,25.5,2,1,1,1,2011-03-23 10:08:00,2011-03-23 10:08:00,United Kingdom,25.5,2.0,0,1,1,1,3,111,Regular Customers
17105,159,2,665.78,693,80,2,2,2011-02-06 14:46:00,2011-07-03 15:53:00,United Kingdom,332.89,346.5,147,2,1,3,6,213,Regular Customers
17107,33,6,10797.48,4826,269,6,5,2011-03-06 15:17:00,2011-11-06 14:14:00,United Kingdom,1799.58,804.3333333333334,244,4,5,5,14,455,Champions
17109,29,6,881.29,588,107,6,4,2011-04-21 15:46:00,2011-11-10 16:59:00,United Kingdom,146.88166666666666,98.0,203,4,5,3,12,453,Loyal Customers
17110,165,1,163.29999999999998,50,12,1,1,2011-06-27 12:58:00,2011-06-27 12:58:00,United Kingdom,163.29999999999998,50.0,0,2,1,1,4,211,Regular Customers
17111,47,1,231.61,282,29,1,1,2011-10-23 15:59:00,2011-10-23 15:59:00,United Kingdom,231.61,282.0,0,3,1,1,5,311,Regular Customers
17114,6,8,801.12,215,85,8,8,2011-01-09 11:39:00,2011-12-04 12:17:00,United Kingdom,100.14,26.875,329,5,5,3,13,553,Loyal Customers
17115,8,3,837.5,372,33,3,3,2011-04-20 14:46:00,2011-12-01 14:30:00,United Kingdom,279.1666666666667,124.0,224,5,2,3,10,523,Recent Customers
17117,288,1,116.2,68,9,1,1,2011-02-24 13:54:00,2011-02-24 13:54:00,United Kingdom,116.2,68.0,0,1,1,1,3,111,Regular Customers
17118,318,1,157.02,154,10,1,1,2011-01-26 12:19:00,2011-01-26 12:19:00,United Kingdom,157.02,154.0,0,1,1,1,3,111,Regular Customers
17119,3,2,606.91,334,35,2,2,2011-10-11 11:03:00,2011-12-06 14:40:00,United Kingdom,303.455,167.0,56,5,1,3,9,513,Recent Customers
17120,233,1,307.46,120,18,1,1,2011-04-20 15:21:00,2011-04-20 15:21:00,United Kingdom,307.46,120.0,0,1,1,2,4,112,Regular Customers
17122,119,1,138.32,80,7,1,1,2011-08-12 14:33:00,2011-08-12 14:33:00,United Kingdom,138.32,80.0,0,2,1,1,4,211,Regular Customers
17123,162,1,345.3,246,9,1,1,2011-07-01 10:47:00,2011-07-01 10:47:00,United Kingdom,345.3,246.0,0,2,1,2,5,212,Regular Customers
17124,185,1,294.24,129,31,1,1,2011-06-07 14:02:00,2011-06-07 14:02:00,United Kingdom,294.24,129.0,0,1,1,2,4,112,Regular Customers
17125,50,1,230.5,281,34,1,1,2011-10-20 14:41:00,2011-10-20 14:41:00,United Kingdom,230.5,281.0,0,3,1,1,5,311,Regular Customers
17126,152,5,989.45,780,187,5,3,2010-12-12 11:26:00,2011-07-10 13:52:00,United Kingdom,197.89000000000001,156.0,210,2,4,4,10,244,Loyal Customers
17128,335,1,157.09,76,14,1,1,2011-01-09 12:02:00,2011-01-09 12:02:00,United Kingdom,157.09,76.0,0,1,1,1,3,111,Regular Customers
17131,5,5,2463.17,983,78,5,4,2011-09-25 12:42:00,2011-12-04 12:52:00,United Kingdom,492.634,196.6,70,5,4,5,14,545,Champions
17133,16,7,4892.240000000001,2730,13,7,6,2011-03-18 13:47:00,2011-11-24 12:27:00,United Kingdom,698.8914285714287,390.0,250,4,5,5,14,455,Champions
17134,107,2,413.2,98,21,2,2,2011-03-20 11:56:00,2011-08-25 09:53:00,United Kingdom,206.6,49.0,157,2,1,2,5,212,Regular Customers
17135,16,7,1139.73,1224,34,7,5,2010-12-03 09:31:00,2011-11-23 16:48:00,United Kingdom,162.81857142857143,174.85714285714286,355,4,5,4,13,454,Champions
17138,276,1,380.5,126,24,1,1,2011-03-09 11:54:00,2011-03-09 11:54:00,United Kingdom,380.5,126.0,0,1,1,2,4,112,Regular Customers
17139,16,12,10650.77,5176,309,12,9,2011-02-24 09:32:00,2011-11-24 10:12:00,United Kingdom,887.5641666666667,431.3333333333333,273,4,5,5,14,455,Champions
17140,247,1,454.12,296,16,1,1,2011-04-06 13:33:00,2011-04-06 13:33:00,United Kingdom,454.12,296.0,0,1,1,2,4,112,Regular Customers
17142,239,1,579.0,81,15,1,1,2011-04-14 18:22:00,2011-04-14 18:22:00,United Kingdom,579.0,81.0,0,1,1,3,5,113,Regular Customers
17144,1,2,984.57,483,42,2,2,2011-09-16 12:50:00,2011-12-08 17:57:00,United Kingdom,492.285,241.5,83,5,1,4,10,514,Big Spenders
17146,106,3,749.78,212,33,3,3,2010-12-16 12:20:00,2011-08-26 12:44:00,United Kingdom,249.92666666666665,70.66666666666667,253,2,2,3,7,223,At Risk
17147,23,4,1714.59,882,68,4,4,2011-02-01 09:36:00,2011-11-17 12:32:00,United Kingdom,428.6475,220.5,289,4,4,4,12,444,Champions
17148,52,1,124.88,82,9,1,1,2011-10-19 09:59:00,2011-10-19 09:59:00,United Kingdom,124.88,82.0,0,3,1,1,5,311,Regular Customers
17152,195,3,1689.5,517,9,3,2,2011-03-21 16:20:00,2011-05-29 12:19:00,United Kingdom,563.1666666666666,172.33333333333334,68,1,2,4,7,124,Big Spenders
17153,24,1,213.78,104,14,1,1,2011-11-15 13:42:00,2011-11-15 13:42:00,United Kingdom,213.78,104.0,0,4,1,1,6,411,Recent Customers
17154,75,1,329.34,490,23,1,1,2011-09-25 13:42:00,2011-09-25 13:42:00,United Kingdom,329.34,490.0,0,2,1,2,5,212,Regular Customers
17155,18,2,251.7,242,19,2,2,2011-06-15 10:22:00,2011-11-22 12:38:00,United Kingdom,125.85,121.0,160,4,1,2,7,412,Recent Customers
17157,8,2,319.0,172,11,2,2,2011-06-16 15:08:00,2011-12-02 09:10:00,United Kingdom,159.5,86.0,168,5,1,2,8,512,Recent Customers
17158,32,3,1266.97,778,53,3,3,2010-12-14 13:03:00,2011-11-07 15:15:00,United Kingdom,422.3233333333333,259.3333333333333,328,4,2,4,10,424,Big Spenders
17159,22,3,1538.88,1111,96,3,3,2011-06-21 09:49:00,2011-11-18 10:52:00,United Kingdom,512.96,370.3333333333333,150,4,2,4,10,424,Big Spenders
17160,31,6,3518.03,2856,111,6,6,2011-04-12 12:00:00,2011-11-08 14:05:00,United Kingdom,586.3383333333334,476.0,210,4,5,5,14,455,Champions
17162,29,10,1715.46,1001,81,10,6,2011-02-07 12:27:00,2011-11-11 11:34:00,United Kingdom,171.546,100.1,276,4,5,4,13,454,Champions
17163,22,2,293.1,66,3,2,2,2011-09-22 15:54:00,2011-11-18 08:57:00,United Kingdom,146.55,33.0,56,4,1,2,7,412,Recent Customers
17164,33,7,2467.35,1501,92,7,5,2011-03-11 14:26:00,2011-11-07 09:14:00,United Kingdom,352.4785714285714,214.42857142857142,240,4,5,5,14,455,Champions
17165,284,1,158.68,100,10,1,1,2011-02-28 16:39:00,2011-02-28 16:39:00,United Kingdom,158.68,100.0,0,1,1,1,3,111,Regular Customers
17166,39,2,206.34,78,11,2,2,2011-05-20 08:18:00,2011-11-01 09:46:00,United Kingdom,103.17,39.0,165,3,1,1,5,311,Regular Customers
17169,58,2,835.78,526,51,2,2,2011-06-09 13:16:00,2011-10-13 10:25:00,United Kingdom,417.89,263.0,125,3,1,3,7,313,Regular Customers
17171,289,1,224.91,185,16,1,1,2011-02-23 16:37:00,2011-02-23 16:37:00,United Kingdom,224.91,185.0,0,1,1,1,3,111,Regular Customers
17172,79,1,317.76,480,15,1,1,2011-09-22 09:36:00,2011-09-22 09:36:00,United Kingdom,317.76,480.0,0,2,1,2,5,212,Regular Customers
17173,5,8,3766.6,1122,36,8,7,2011-07-31 15:26:00,2011-12-04 14:40:00,United Kingdom,470.825,140.25,125,5,5,5,15,555,Champions
17174,218,1,59.9,41,4,1,1,2011-05-06 11:47:00,2011-05-06 11:47:00,United Kingdom,59.9,41.0,0,1,1,1,3,111,Regular Customers
17175,44,4,1443.69,866,42,4,4,2011-02-16 14:56:00,2011-10-26 15:31:00,United Kingdom,360.9225,216.5,252,3,4,4,11,344,Loyal Customers
17176,202,1,306.13,170,15,1,1,2011-05-22 12:41:00,2011-05-22 12:41:00,United Kingdom,306.13,170.0,0,1,1,2,4,112,Regular Customers
17179,178,3,711.79,290,56,3,3,2010-12-13 14:24:00,2011-06-14 16:48:00,United Kingdom,237.26333333333332,96.66666666666667,183,2,2,3,7,223,At Risk
17180,56,4,783.97,670,91,4,3,2011-01-27 18:05:00,2011-10-14 15:46:00,United Kingdom,195.9925,167.5,259,3,4,3,10,343,Loyal Customers
17181,57,2,239.92000000000002,241,23,2,2,2010-12-01 12:38:00,2011-10-13 14:48:00,United Kingdom,119.96000000000001,120.5,316,3,1,1,5,311,Regular Customers
17183,8,6,3347.31,1296,42,6,6,2011-08-26 15:25:00,2011-12-02 10:07:00,United Kingdom,557.885,216.0,97,5,5,5,15,555,Champions
17186,47,2,144.0,200,1,2,2,2011-10-10 12:52:00,2011-10-24 10:20:00,United Kingdom,72.0,100.0,13,3,1,1,5,311,Regular Customers
17187,227,1,203.95,144,10,1,1,2011-04-27 12:39:00,2011-04-27 12:39:00,United Kingdom,203.95,144.0,0,1,1,1,3,111,Regular Customers
17188,11,7,2474.23,1328,71,7,6,2010-12-12 12:56:00,2011-11-28 13:53:00,United Kingdom,353.4614285714286,189.71428571428572,351,5,5,5,15,555,Champions
17189,106,2,383.75,226,52,2,2,2010-12-15 17:28:00,2011-08-25 19:39:00,United Kingdom,191.875,113.0,253,2,1,2,5,212,Regular Customers
17190,59,2,444.74,161,19,2,2,2011-05-16 15:29:00,2011-10-12 11:33:00,United Kingdom,222.37,80.5,148,3,1,2,6,312,Regular Customers
17191,28,7,2093.68,1166,163,7,5,2010-12-06 14:36:00,2011-11-11 16:58:00,United Kingdom,299.09714285714284,166.57142857142858,340,4,5,5,14,455,Champions
17193,36,7,1699.3,1254,17,7,5,2011-06-16 10:04:00,2011-11-04 12:47:00,United Kingdom,242.75714285714284,179.14285714285714,141,3,5,4,12,354,Loyal Customers
17194,361,1,226.78,112,25,1,1,2010-12-14 12:06:00,2010-12-14 12:06:00,United Kingdom,226.78,112.0,0,1,1,1,3,111,Regular Customers
17197,30,1,1013.01,191,29,1,1,2011-11-10 10:32:00,2011-11-10 10:32:00,United Kingdom,1013.01,191.0,0,4,1,4,9,414,Big Spenders
17198,24,3,692.22,357,89,3,3,2010-12-03 14:54:00,2011-11-16 10:39:00,United Kingdom,230.74,119.0,347,4,2,3,9,423,Recent Customers
17201,54,1,289.78000000000003,231,38,1,1,2011-10-17 11:55:00,2011-10-17 11:55:00,United Kingdom,289.78000000000003,231.0,0,3,1,2,6,312,Regular Customers
17203,36,6,3560.08,2846,116,6,3,2011-10-10 14:37:00,2011-11-04 12:27:00,United Kingdom,593.3466666666667,474.3333333333333,24,3,5,5,13,355,Loyal Customers
17204,175,4,1564.56,646,44,4,3,2011-03-21 12:42:00,2011-06-17 14:46:00,United Kingdom,391.14,161.5,88,2,4,4,10,244,Loyal Customers
17205,54,1,384.08,884,13,1,1,2011-10-17 12:46:00,2011-10-17 12:46:00,United Kingdom,384.08,884.0,0,3,1,2,6,312,Regular Customers
17206,53,1,204.24,76,7,1,1,2011-10-17 13:25:00,2011-10-17 13:25:00,United Kingdom,204.24,76.0,0,3,1,1,5,311,Regular Customers
17211,27,8,2317.2200000000003,1323,150,8,8,2010-12-05 12:44:00,2011-11-13 12:03:00,United Kingdom,289.65250000000003,165.375,342,4,5,5,14,455,Champions
17212,253,1,226.85,147,4,1,1,2011-03-31 19:42:00,2011-03-31 19:42:00,United Kingdom,226.85,147.0,0,1,1,1,3,111,Regular Customers
17213,40,7,2781.23,1176,85,7,6,2010-12-08 13:03:00,2011-10-30 14:53:00,United Kingdom,397.31857142857143,168.0,326,3,5,5,13,355,Loyal Customers
17214,60,6,1059.1200000000001,272,79,6,6,2010-12-15 15:14:00,2011-10-10 13:17:00,United Kingdom,176.52,45.333333333333336,298,3,5,4,12,354,Loyal Customers
17217,234,1,113.5,24,9,1,1,2011-04-19 17:19:00,2011-04-19 17:19:00,United Kingdom,113.5,24.0,0,1,1,1,3,111,Regular Customers
17218,4,10,1951.97,955,146,10,10,2010-12-06 15:25:00,2011-12-05 13:52:00,United Kingdom,195.197,95.5,363,5,5,4,14,554,Champions
17219,32,1,114.23,89,24,1,1,2011-11-08 11:25:00,2011-11-08 11:25:00,United Kingdom,114.23,89.0,0,4,1,1,6,411,Recent Customers
17220,24,14,3187.55,1897,303,14,10,2010-12-10 14:54:00,2011-11-15 13:47:00,United Kingdom,227.68214285714288,135.5,339,4,5,5,14,455,Champions
17221,7,2,334.48,287,59,2,2,2011-11-03 17:39:00,2011-12-02 13:35:00,United Kingdom,167.24,143.5,28,5,1,2,8,512,Recent Customers
17222,65,1,328.65,122,27,1,1,2011-10-05 13:58:00,2011-10-05 13:58:00,United Kingdom,328.65,122.0,0,3,1,2,6,312,Regular Customers
17223,310,2,381.89,109,42,2,2,2010-12-06 14:08:00,2011-02-02 15:57:00,United Kingdom,190.945,54.5,58,1,1,2,4,112,Regular Customers
17226,309,1,393.49,406,21,1,1,2011-02-04 11:52:00,2011-02-04 11:52:00,United Kingdom,393.49,406.0,0,1,1,2,4,112,Regular Customers
17227,19,6,939.32,741,28,6,6,2010-12-06 11:16:00,2011-11-21 10:51:00,United Kingdom,156.55333333333334,123.5,349,4,5,4,13,454,Champions
17228,16,8,1906.09,1532,140,8,8,2010-12-02 16:00:00,2011-11-24 10:24:00,United Kingdom,238.26125,191.5,356,4,5,4,13,454,Champions
17229,96,2,318.76,185,39,2,2,2011-07-20 12:38:00,2011-09-04 13:56:00,United Kingdom,159.38,92.5,46,2,1,2,5,212,Regular Customers
17230,264,8,3638.41,1651,51,8,4,2010-12-15 11:22:00,2011-03-20 16:12:00,United Kingdom,454.80125,206.375,95,1,5,5,11,155,Loyal Customers
17231,12,10,3124.72,1724,292,10,10,2010-12-13 14:16:00,2011-11-27 15:18:00,United Kingdom,312.472,172.4,349,5,5,5,15,555,Champions
17232,3,2,417.77,202,30,2,2,2011-11-25 12:24:00,2011-12-07 12:21:00,United Kingdom,208.885,101.0,11,5,1,2,8,512,Recent Customers
17233,35,1,190.88,131,25,1,1,2011-11-04 14:06:00,2011-11-04 14:06:00,United Kingdom,190.88,131.0,0,3,1,1,5,311,Regular Customers
17234,183,1,149.89,55,14,1,1,2011-06-10 11:20:00,2011-06-10 11:20:00,United Kingdom,149.89,55.0,0,1,1,1,3,111,Regular Customers
17235,25,2,550.0600000000001,224,24,2,2,2010-12-02 13:38:00,2011-11-14 15:51:00,United Kingdom,275.03000000000003,112.0,347,4,1,3,8,413,Recent Customers
17236,13,6,916.13,474,88,6,6,2010-12-12 11:49:00,2011-11-27 12:00:00,United Kingdom,152.68833333333333,79.0,350,5,5,3,13,553,Loyal Customers
17237,11,2,314.69,105,18,2,2,2011-11-17 12:55:00,2011-11-28 15:02:00,United Kingdom,157.345,52.5,11,5,1,2,8,512,Recent Customers
17238,3,17,3719.1,1807,297,17,15,2010-12-03 15:05:00,2011-12-07 11:35:00,United Kingdom,218.7705882352941,106.29411764705883,368,5,5,5,15,555,Champions
17239,313,1,382.5,150,15,1,1,2011-01-31 09:41:00,2011-01-31 09:41:00,United Kingdom,382.5,150.0,0,1,1,2,4,112,Regular Customers
17242,108,2,1135.04,611,30,2,2,2011-06-12 13:04:00,2011-08-23 14:55:00,United Kingdom,567.52,305.5,72,2,1,4,7,214,Big Spenders
17243,1,26,8531.65,3316,179,26,26,2010-12-05 10:03:00,2011-12-08 13:26:00,United Kingdom,328.1403846153846,127.53846153846153,368,5,5,5,15,555,Champions
17244,53,1,954.9,616,31,1,1,2011-10-17 15:19:00,2011-10-17 15:19:00,United Kingdom,954.9,616.0,0,3,1,4,8,314,Big Spenders
17245,205,1,171.45000000000002,75,9,1,1,2011-05-19 10:43:00,2011-05-19 10:43:00,United Kingdom,171.45000000000002,75.0,0,1,1,1,3,111,Regular Customers
17247,15,1,280.09000000000003,105,53,1,1,2011-11-24 15:21:00,2011-11-24 15:21:00,United Kingdom,280.09000000000003,105.0,0,4,1,2,7,412,Recent Customers
17248,120,1,318.65,213,68,1,1,2011-08-11 13:34:00,2011-08-11 13:34:00,United Kingdom,318.65,213.0,0,2,1,2,5,212,Regular Customers
17250,4,2,381.97,167,55,2,2,2011-03-23 16:45:00,2011-12-06 12:15:00,United Kingdom,190.985,83.5,257,5,1,2,8,512,Recent Customers
17251,363,1,269.83,108,37,1,1,2010-12-12 11:06:00,2010-12-12 11:06:00,United Kingdom,269.83,108.0,0,1,1,2,4,112,Regular Customers
17252,117,2,348.90999999999997,192,86,2,2,2011-06-06 16:41:00,2011-08-15 09:45:00,United Kingdom,174.45499999999998,96.0,69,2,1,2,5,212,Regular Customers
17253,18,1,178.26,43,18,1,1,2011-11-21 12:59:00,2011-11-21 12:59:00,United Kingdom,178.26,43.0,0,4,1,1,6,411,Recent Customers
17254,5,2,271.19,251,100,2,2,2011-11-24 14:09:00,2011-12-05 12:46:00,United Kingdom,135.595,125.5,10,5,1,2,8,512,Recent Customers
17255,41,2,291.48,227,69,2,2,2011-02-13 15:18:00,2011-10-30 12:18:00,United Kingdom,145.74,113.5,258,3,1,2,6,312,Regular Customers
17256,107,2,240.0,141,12,2,2,2011-01-31 14:53:00,2011-08-24 13:30:00,United Kingdom,120.0,70.5,204,2,1,1,4,211,Regular Customers
17259,148,2,581.23,388,104,2,2,2010-12-06 12:55:00,2011-07-14 15:01:00,United Kingdom,290.615,194.0,220,2,1,3,6,213,Regular Customers
17262,52,5,1253.3600000000001,367,9,5,4,2010-12-08 13:30:00,2011-10-18 12:56:00,United Kingdom,250.67200000000003,73.4,313,3,4,4,11,344,Loyal Customers
17263,208,1,63.440000000000005,36,23,1,1,2011-05-15 14:32:00,2011-05-15 14:32:00,United Kingdom,63.440000000000005,36.0,0,1,1,1,3,111,Regular Customers
17265,139,2,550.01,389,106,2,2,2011-06-12 12:00:00,2011-07-24 10:49:00,United Kingdom,275.005,194.5,41,2,1,3,6,213,Regular Customers
17266,2,3,296.58,153,60,3,3,2011-07-15 11:57:00,2011-12-07 14:12:00,United Kingdom,98.86,51.0,145,5,2,2,9,522,Recent Customers
17267,127,2,317.2,158,37,2,1,2011-08-04 17:19:00,2011-08-04 17:22:00,United Kingdom,158.6,79.0,0,2,1,2,5,212,Regular Customers
17268,108,4,763.64,844,3,4,4,2011-04-08 13:20:00,2011-08-24 10:06:00,United Kingdom,190.91,211.0,137,2,4,3,9,243,Loyal Customers
17272,42,4,2148.63,1778,70,4,4,2011-03-22 12:05:00,2011-10-28 16:37:00,United Kingdom,537.1575,444.5,220,3,4,5,12,345,Loyal Customers
17274,35,1,107.82,77,24,1,1,2011-11-04 13:16:00,2011-11-04 13:16:00,United Kingdom,107.82,77.0,0,3,1,1,5,311,Regular Customers
17277,228,2,1065.3500000000001,430,67,2,2,2011-01-21 12:37:00,2011-04-26 12:47:00,United Kingdom,532.6750000000001,215.0,95,1,1,4,6,114,Big Spenders
17278,241,1,246.04000000000002,179,15,1,1,2011-04-12 13:10:00,2011-04-12 13:10:00,United Kingdom,246.04000000000002,179.0,0,1,1,1,3,111,Regular Customers
17279,58,1,187.82999999999998,48,8,1,1,2011-10-13 11:58:00,2011-10-13 11:58:00,United Kingdom,187.82999999999998,48.0,0,3,1,1,5,311,Regular Customers
17282,130,3,1685.46,1866,79,3,3,2011-02-13 11:36:00,2011-08-01 14:29:00,United Kingdom,561.82,622.0,169,2,2,4,8,224,Big Spenders
17284,60,6,1647.48,1362,229,6,6,2011-01-07 14:31:00,2011-10-10 14:38:00,United Kingdom,274.58,227.0,276,3,5,4,12,354,Loyal Customers
17286,22,1,151.37,117,44,1,1,2011-11-18 12:47:00,2011-11-18 12:47:00,United Kingdom,151.37,117.0,0,4,1,1,6,411,Recent Customers
17287,26,7,1049.06,556,88,7,7,2010-12-02 12:22:00,2011-11-13 13:27:00,United Kingdom,149.8657142857143,79.42857142857143,346,4,5,4,13,454,Champions
17288,9,7,1417.6299999999999,1201,118,7,7,2010-12-16 13:33:00,2011-11-30 16:09:00,United Kingdom,202.51857142857142,171.57142857142858,349,5,5,4,14,554,Champions
17289,32,3,931.02,513,86,3,3,2011-06-12 13:51:00,2011-11-08 12:01:00,United Kingdom,310.34,171.0,148,4,2,4,10,424,Big Spenders
17290,4,2,513.01,397,92,2,2,2011-11-23 15:53:00,2011-12-06 12:38:00,United Kingdom,256.505,198.5,12,5,1,3,9,513,Recent Customers
17291,308,1,550.8000000000001,72,1,1,1,2011-02-04 13:04:00,2011-02-04 13:04:00,United Kingdom,550.8000000000001,72.0,0,1,1,3,5,113,Regular Customers
17293,8,9,1854.06,1135,93,9,8,2010-12-13 14:55:00,2011-12-01 14:37:00,United Kingdom,206.00666666666666,126.11111111111111,352,5,5,4,14,554,Champions
17295,29,3,547.0,293,53,3,2,2011-10-06 12:22:00,2011-11-11 10:49:00,United Kingdom,182.33333333333334,97.66666666666667,35,4,2,3,9,423,Recent Customers
17297,17,1,128.18,65,49,1,1,2011-11-22 14:43:00,2011-11-22 14:43:00,United Kingdom,128.18,65.0,0,4,1,1,6,411,Recent Customers
17298,101,2,498.42,387,30,2,2,2011-08-07 12:21:00,2011-08-30 16:43:00,United Kingdom,249.21,193.5,23,2,1,3,6,213,Regular Customers
17299,12,4,656.61,668,50,4,4,2011-06-19 16:04:00,2011-11-28 12:01:00,United Kingdom,164.1525,167.0,161,5,4,3,12,543,Loyal Customers
17301,21,1,163.24,137,59,1,1,2011-11-18 13:43:00,2011-11-18 13:43:00,United Kingdom,163.24,137.0,0,4,1,1,6,411,Recent Customers
17302,15,5,1135.63,575,68,5,5,2011-02-07 10:14:00,2011-11-25 09:36:00,United Kingdom,227.12600000000003,115.0,290,4,4,4,12,444,Champions
17303,361,1,250.04,144,53,1,1,2010-12-13 13:32:00,2010-12-13 13:32:00,United Kingdom,250.04,144.0,0,1,1,2,4,112,Regular Customers
17306,11,19,8631.31,11491,13,19,15,2010-12-21 13:34:00,2011-11-29 12:14:00,United Kingdom,454.2794736842105,604.7894736842105,342,5,5,5,15,555,Champions
17309,95,1,82.75,41,11,1,1,2011-09-05 15:20:00,2011-09-05 15:20:00,United Kingdom,82.75,41.0,0,2,1,1,4,211,Regular Customers
17311,78,2,1384.85,1005,55,2,2,2011-01-27 10:56:00,2011-09-22 14:11:00,United Kingdom,692.425,502.5,238,2,1,4,7,214,Big Spenders
17312,139,3,644.3,372,11,3,3,2011-07-03 13:12:00,2011-07-24 11:52:00,United Kingdom,214.76666666666665,124.0,20,2,2,3,7,223,At Risk
17313,31,1,2328.84,1402,24,1,1,2011-11-08 15:45:00,2011-11-08 15:45:00,United Kingdom,2328.84,1402.0,0,4,1,5,10,415,Big Spenders
17314,25,8,2527.92,1896,120,8,8,2011-01-31 11:25:00,2011-11-15 09:41:00,United Kingdom,315.99,237.0,287,4,5,5,14,455,Champions
17315,2,36,6241.15,3837,254,36,35,2010-12-17 12:24:00,2011-12-08 12:15:00,United Kingdom,173.36527777777778,106.58333333333333,355,5,5,5,15,555,Champions
17317,46,3,2600.34,1146,8,3,3,2011-09-11 12:45:00,2011-10-24 17:19:00,United Kingdom,866.7800000000001,382.0,43,3,2,5,10,325,Big Spenders
17320,100,3,1200.6200000000001,634,57,3,3,2010-12-06 15:38:00,2011-08-31 13:31:00,United Kingdom,400.2066666666667,211.33333333333334,267,2,2,4,8,224,Big Spenders
17321,8,2,657.16,364,94,2,2,2011-10-03 11:34:00,2011-12-01 13:41:00,United Kingdom,328.58,182.0,59,5,1,3,9,513,Recent Customers
17323,15,7,903.12,756,124,7,7,2011-02-20 14:38:00,2011-11-24 17:29:00,United Kingdom,129.01714285714286,108.0,277,4,5,3,12,453,Loyal Customers
17324,18,4,986.48,843,43,4,4,2010-12-08 12:45:00,2011-11-22 10:34:00,United Kingdom,246.62,210.75,348,4,4,4,12,444,Champions
17325,280,1,96.8,60,6,1,1,2011-03-04 13:09:00,2011-03-04 13:09:00,United Kingdom,96.8,60.0,0,1,1,1,3,111,Regular Customers
17329,14,2,523.11,142,29,2,2,2011-01-28 15:29:00,2011-11-25 14:24:00,United Kingdom,261.555,71.0,300,5,1,3,9,513,Recent Customers
17330,23,2,363.9,120,5,2,2,2011-10-03 11:26:00,2011-11-17 08:56:00,United Kingdom,181.95,60.0,44,4,1,2,7,412,Recent Customers
17331,124,1,175.2,16,1,1,1,2011-08-08 11:55:00,2011-08-08 11:55:00,United Kingdom,175.2,16.0,0,2,1,1,4,211,Regular Customers
17333,86,1,494.25,375,28,1,1,2011-09-15 10:11:00,2011-09-15 10:11:00,United Kingdom,494.25,375.0,0,2,1,3,6,213,Regular Customers
17334,302,2,307.02000000000004,315,11,2,2,2011-02-04 09:03:00,2011-02-10 14:59:00,United Kingdom,153.51000000000002,157.5,6,1,1,2,4,112,Regular Customers
17337,151,4,1979.61,1246,420,4,4,2011-02-02 17:06:00,2011-07-11 14:55:00,United Kingdom,494.9025,311.5,158,2,4,4,10,244,Loyal Customers
17338,17,8,6484.75,3044,388,8,8,2010-12-13 12:57:00,2011-11-22 14:23:00,United Kingdom,810.59375,380.5,344,4,5,5,14,455,Champions
17339,94,2,243.36,152,9,2,2,2010-12-09 14:44:00,2011-09-06 13:29:00,United Kingdom,121.68,76.0,270,2,1,1,4,211,Regular Customers
17340,30,11,12353.29,5967,229,11,8,2010-12-08 15:56:00,2011-11-10 10:45:00,United Kingdom,1123.0263636363636,542.4545454545455,336,4,5,5,14,455,Champions
17341,157,3,682.29,443,147,3,2,2010-12-08 12:46:00,2011-07-06 12:33:00,United Kingdom,227.42999999999998,147.66666666666666,209,2,2,3,7,223,At Risk
17343,355,1,193.64,56,17,1,1,2010-12-19 15:07:00,2010-12-19 15:07:00,United Kingdom,193.64,56.0,0,1,1,1,3,111,Regular Customers
17344,46,1,157.62,65,31,1,1,2011-10-24 12:56:00,2011-10-24 12:56:00,United Kingdom,157.62,65.0,0,3,1,1,5,311,Regular Customers
17345,15,4,519.6899999999999,341,70,4,3,2011-05-27 12:26:00,2011-11-24 15:03:00,United Kingdom,129.92249999999999,85.25,181,4,4,3,11,443,Loyal Customers
17346,4,15,2622.88,1617,299,15,14,2010-12-01 14:34:00,2011-12-06 12:18:00,United Kingdom,174.85866666666666,107.8,369,5,5,5,15,555,Champions
17347,86,1,228.96,216,1,1,1,2011-09-14 13:12:00,2011-09-14 13:12:00,United Kingdom,228.96,216.0,0,2,1,1,4,211,Regular Customers
17348,15,5,1156.6,1398,180,5,5,2011-02-15 10:49:00,2011-11-25 11:25:00,United Kingdom,231.32,279.6,283,4,4,4,12,444,Champions
17349,179,1,98.25,102,8,1,1,2011-06-13 14:29:00,2011-06-13 14:29:00,United Kingdom,98.25,102.0,0,2,1,1,4,211,Regular Customers
17350,8,4,1281.32,770,66,4,3,2011-10-19 16:05:00,2011-12-01 15:47:00,United Kingdom,320.33,192.5,42,5,4,4,13,544,Champions
17351,36,3,587.15,113,22,3,3,2011-03-11 16:05:00,2011-11-03 18:45:00,United Kingdom,195.71666666666667,37.666666666666664,237,3,2,3,8,323,Regular Customers
17353,129,2,1740.0,1200,5,2,2,2011-07-08 16:17:00,2011-08-02 17:19:00,United Kingdom,870.0,600.0,25,2,1,4,7,214,Big Spenders
17354,51,1,1393.06,1006,15,1,1,2011-10-20 10:34:00,2011-10-20 10:34:00,United Kingdom,1393.06,1006.0,0,3,1,4,8,314,Big Spenders
17356,312,1,178.22,166,19,1,1,2011-02-01 11:07:00,2011-02-01 11:07:00,United Kingdom,178.22,166.0,0,1,1,1,3,111,Regular Customers
17357,24,2,384.39,152,41,2,1,2011-11-15 16:29:00,2011-11-15 16:30:00,United Kingdom,192.195,76.0,0,4,1,2,7,412,Recent Customers
17358,303,2,360.81,190,55,2,2,2010-12-19 14:16:00,2011-02-09 16:57:00,United Kingdom,180.405,95.0,52,1,1,2,4,112,Regular Customers
17359,11,1,127.86,161,13,1,1,2011-11-28 14:37:00,2011-11-28 14:37:00,United Kingdom,127.86,161.0,0,5,1,1,7,511,Recent Customers
17360,17,3,568.24,328,113,3,2,2011-06-08 17:09:00,2011-11-22 13:11:00,United Kingdom,189.41333333333333,109.33333333333333,166,4,2,3,9,423,Recent Customers
17361,49,3,488.2,157,26,3,3,2011-02-21 09:55:00,2011-10-21 15:43:00,United Kingdom,162.73333333333332,52.333333333333336,242,3,2,3,8,323,Regular Customers
17362,239,2,312.23,191,30,2,2,2011-02-03 10:26:00,2011-04-14 14:43:00,United Kingdom,156.115,95.5,70,1,1,2,4,112,Regular Customers
17364,1,11,4462.68,2692,288,11,10,2011-01-12 16:57:00,2011-12-09 09:00:00,United Kingdom,405.69818181818187,244.72727272727272,330,5,5,5,15,555,Champions
17365,13,8,4762.32,4737,277,8,7,2011-01-11 12:11:00,2011-11-27 12:13:00,United Kingdom,595.29,592.125,320,5,5,5,15,555,Champions
17367,238,1,167.55,149,33,1,1,2011-04-15 14:21:00,2011-04-15 14:21:00,United Kingdom,167.55,149.0,0,1,1,1,3,111,Regular Customers
17368,23,8,1878.87,1377,93,8,8,2011-01-06 11:57:00,2011-11-16 15:26:00,United Kingdom,234.85875,172.125,314,4,5,4,13,454,Champions
17370,73,4,446.18,540,31,4,4,2011-06-23 11:50:00,2011-09-28 10:14:00,United Kingdom,111.545,135.0,96,2,4,2,8,242,At Risk
17371,17,3,418.4,151,83,3,2,2010-12-13 15:20:00,2011-11-22 13:30:00,United Kingdom,139.46666666666667,50.333333333333336,343,4,2,2,8,422,Recent Customers
17372,41,8,1337.18,747,215,8,8,2010-12-12 12:00:00,2011-10-30 11:37:00,United Kingdom,167.1475,93.375,321,3,5,4,12,354,Loyal Customers
17373,40,4,646.92,408,47,4,4,2011-01-31 11:46:00,2011-10-30 15:28:00,United Kingdom,161.73,102.0,272,3,4,3,10,343,Loyal Customers
17374,219,2,495.77,85,24,2,2,2011-03-03 12:53:00,2011-05-05 09:05:00,United Kingdom,247.885,42.5,62,1,1,3,5,113,Regular Customers
17375,199,3,400.1,367,63,3,3,2010-12-13 15:16:00,2011-05-24 15:45:00,United Kingdom,133.36666666666667,122.33333333333333,162,1,2,2,5,122,At Risk
17376,71,2,203.2,86,23,2,2,2011-02-01 14:12:00,2011-09-30 12:36:00,United Kingdom,101.6,43.0,240,3,1,1,5,311,Regular Customers
17377,24,20,4058.32,2038,190,20,20,2010-12-01 12:35:00,2011-11-16 11:17:00,United Kingdom,202.916,101.9,349,4,5,5,14,455,Champions
17379,11,1,389.71999999999997,623,71,1,1,2011-11-28 13:56:00,2011-11-28 13:56:00,United Kingdom,389.71999999999997,623.0,0,5,1,2,8,512,Recent Customers
17381,9,29,20275.61,25649,40,29,20,2010-12-02 12:58:00,2011-12-01 11:59:00,United Kingdom,699.1589655172414,884.448275862069,363,5,5,5,15,555,Champions
17382,65,1,65.4,25,2,1,1,2011-10-05 13:05:00,2011-10-05 13:05:00,United Kingdom,65.4,25.0,0,3,1,1,5,311,Regular Customers
17383,4,1,193.39000000000001,148,49,1,1,2011-12-05 17:36:00,2011-12-05 17:36:00,United Kingdom,193.39000000000001,148.0,0,5,1,1,7,511,Recent Customers
17384,19,2,336.4,88,12,2,2,2011-05-04 16:07:00,2011-11-20 15:48:00,United Kingdom,168.2,44.0,199,4,1,2,7,412,Recent Customers
17385,15,1,256.11,197,42,1,1,2011-11-25 11:02:00,2011-11-25 11:02:00,United Kingdom,256.11,197.0,0,4,1,2,7,412,Recent Customers
17386,8,6,2686.42,1902,23,6,4,2011-06-27 12:11:00,2011-12-02 11:28:00,United Kingdom,447.7366666666667,317.0,157,5,5,5,15,555,Champions
17387,20,2,746.81,522,71,2,2,2011-11-06 11:25:00,2011-11-20 11:00:00,United Kingdom,373.405,261.0,13,4,1,3,8,413,Recent Customers
17388,78,4,1259.56,1068,13,4,4,2011-02-25 12:28:00,2011-09-23 10:31:00,United Kingdom,314.89,267.0,209,2,4,4,10,244,Loyal Customers
17389,1,34,31833.68,7612,45,34,32,2011-01-12 15:48:00,2011-12-09 09:38:00,United Kingdom,936.2847058823529,223.88235294117646,330,5,5,5,15,555,Champions
17391,164,2,508.8,480,2,2,2,2011-06-28 12:21:00,2011-06-29 09:58:00,United Kingdom,254.4,240.0,0,2,1,3,6,213,Regular Customers
17392,307,2,411.27,275,52,2,2,2010-12-16 19:04:00,2011-02-06 12:48:00,United Kingdom,205.635,137.5,51,1,1,2,4,112,Regular Customers
17394,219,1,203.86999999999998,241,4,1,1,2011-05-04 13:22:00,2011-05-04 13:22:00,United Kingdom,203.86999999999998,241.0,0,1,1,1,3,111,Regular Customers
17396,39,7,7312.8,2004,23,7,4,2010-12-03 09:45:00,2011-10-31 14:12:00,United Kingdom,1044.6857142857143,286.2857142857143,332,3,5,5,13,355,Loyal Customers
17397,22,2,681.41,250,88,2,1,2011-11-17 13:58:00,2011-11-17 14:08:00,United Kingdom,340.705,125.0,0,4,1,3,8,413,Recent Customers
17398,115,3,653.38,310,30,3,3,2011-03-29 13:04:00,2011-08-17 09:48:00,United Kingdom,217.79333333333332,103.33333333333333,140,2,2,3,7,223,At Risk
17400,126,5,2097.84,1088,175,5,5,2010-12-21 17:16:00,2011-08-05 15:38:00,United Kingdom,419.56800000000004,217.6,226,2,4,5,11,245,Loyal Customers
17402,5,12,2598.85,700,32,12,11,2010-12-05 13:53:00,2011-12-05 10:15:00,United Kingdom,216.57083333333333,58.333333333333336,364,5,5,5,15,555,Champions
17403,36,1,263.92,111,32,1,1,2011-11-03 15:18:00,2011-11-03 15:18:00,United Kingdom,263.92,111.0,0,3,1,2,6,312,Regular Customers
17404,4,13,31781.82,32744,109,13,13,2010-12-14 13:28:00,2011-12-05 16:26:00,Sweden,2444.7553846153846,2518.769230769231,356,5,5,5,15,555,Champions
17405,1,3,1031.41,726,77,3,3,2011-07-12 14:17:00,2011-12-08 17:12:00,United Kingdom,343.80333333333334,242.0,149,5,2,4,11,524,Big Spenders
17406,333,3,2184.42,780,99,3,2,2010-12-08 10:35:00,2011-01-10 15:07:00,United Kingdom,728.14,260.0,33,1,2,5,8,125,Big Spenders
17408,163,1,32.65,3,2,1,1,2011-06-29 12:53:00,2011-06-29 12:53:00,United Kingdom,32.65,3.0,0,2,1,1,4,211,Regular Customers
17409,185,2,771.85,105,13,2,2,2011-04-05 16:42:00,2011-06-08 10:36:00,United Kingdom,385.925,52.5,63,1,1,3,5,113,Regular Customers
17410,16,5,1214.72,616,57,5,5,2011-05-08 15:21:00,2011-11-23 15:46:00,United Kingdom,242.94400000000002,123.2,199,4,4,4,12,444,Champions
17411,12,3,778.94,306,39,3,3,2011-03-23 13:44:00,2011-11-27 14:25:00,United Kingdom,259.6466666666667,102.0,249,5,2,3,10,523,Recent Customers
17412,3,7,1258.06,738,48,7,7,2010-12-02 16:29:00,2011-12-07 11:36:00,United Kingdom,179.72285714285712,105.42857142857143,369,5,5,4,14,554,Champions
17414,44,2,778.0,2100,5,2,2,2011-06-08 11:43:00,2011-10-27 12:13:00,United Kingdom,389.0,1050.0,141,3,1,3,7,313,Regular Customers
17415,80,1,507.84,114,14,1,1,2011-09-21 12:50:00,2011-09-21 12:50:00,United Kingdom,507.84,114.0,0,2,1,3,6,213,Regular Customers
17416,30,7,6893.42,4302,186,7,7,2011-03-03 13:45:00,2011-11-10 12:47:00,United Kingdom,984.7742857142857,614.5714285714286,251,4,5,5,14,455,Champions
17418,42,2,463.46000000000004,289,29,2,2,2011-01-20 11:39:00,2011-10-28 13:00:00,United Kingdom,231.73000000000002,144.5,281,3,1,2,6,312,Regular Customers
17419,11,12,4226.57,1876,155,12,11,2010-12-07 15:03:00,2011-11-28 13:47:00,United Kingdom,352.21416666666664,156.33333333333334,355,5,5,5,15,555,Champions
17420,50,3,598.83,265,28,3,3,2010-12-01 09:56:00,2011-10-20 14:52:00,United Kingdom,199.61,88.33333333333333,323,3,2,3,8,323,Regular Customers
17422,16,6,1979.37,2253,93,6,6,2011-02-16 14:44:00,2011-11-23 13:27:00,United Kingdom,329.895,375.5,279,4,5,4,13,454,Champions
17423,46,2,698.41,459,26,2,2,2011-05-06 09:14:00,2011-10-24 13:36:00,United Kingdom,349.205,229.5,171,3,1,3,7,313,Regular Customers
17425,19,2,759.1700000000001,407,42,2,2,2011-10-10 11:37:00,2011-11-20 15:30:00,United Kingdom,379.58500000000004,203.5,41,4,1,3,8,413,Recent Customers
17426,8,6,5037.26,3094,179,6,4,2011-03-02 16:34:00,2011-12-01 18:07:00,United Kingdom,839.5433333333334,515.6666666666666,274,5,5,5,15,555,Champions
17427,72,1,100.8,34,2,1,1,2011-09-29 11:29:00,2011-09-29 11:29:00,United Kingdom,100.8,34.0,0,3,1,1,5,311,Regular Customers
17428,1,28,17256.85,9474,252,28,21,2010-12-06 09:37:00,2011-12-09 09:45:00,United Kingdom,616.3160714285714,338.35714285714283,368,5,5,5,15,555,Champions
17429,128,3,524.9200000000001,624,36,3,3,2011-05-05 09:53:00,2011-08-03 13:22:00,United Kingdom,174.97333333333336,208.0,90,2,2,3,7,223,At Risk
17430,33,2,265.76,190,14,2,2,2010-12-09 13:05:00,2011-11-07 09:24:00,United Kingdom,132.88,95.0,332,4,1,2,7,412,Recent Customers
17431,313,1,403.3,292,41,1,1,2011-01-30 14:36:00,2011-01-30 14:36:00,United Kingdom,403.3,292.0,0,1,1,2,4,112,Regular Customers
17432,18,2,365.76,207,44,2,2,2011-11-02 17:30:00,2011-11-21 17:33:00,United Kingdom,182.88,103.5,19,4,1,2,7,412,Recent Customers
17433,88,1,303.16,185,53,1,1,2011-09-12 14:24:00,2011-09-12 14:24:00,United Kingdom,303.16,185.0,0,2,1,2,5,212,Regular Customers
17434,2,7,2373.82,1693,100,7,7,2011-09-15 13:54:00,2011-12-07 13:16:00,United Kingdom,339.1171428571429,241.85714285714286,82,5,5,5,15,555,Champions
17436,2,2,216.3,90,7,2,2,2011-04-27 11:33:00,2011-12-08 12:30:00,United Kingdom,108.15,45.0,225,5,1,1,7,511,Recent Customers
17438,254,1,388.45000000000005,103,17,1,1,2011-03-31 10:26:00,2011-03-31 10:26:00,United Kingdom,388.45000000000005,103.0,0,1,1,2,4,112,Regular Customers
17440,157,3,186.42000000000002,246,3,3,2,2011-04-06 12:05:00,2011-07-06 11:54:00,United Kingdom,62.14000000000001,82.0,90,2,2,1,5,221,At Risk
17442,37,6,2248.56,1496,96,6,6,2011-02-22 13:02:00,2011-11-03 09:17:00,United Kingdom,374.76,249.33333333333334,253,3,5,5,13,355,Loyal Customers
17443,220,1,534.24,504,1,1,1,2011-05-04 10:47:00,2011-05-04 10:47:00,Canada,534.24,504.0,0,1,1,3,5,113,Regular Customers
17444,152,2,2389.1,2118,131,2,2,2011-06-20 09:04:00,2011-07-11 10:33:00,Canada,1194.55,1059.0,21,2,1,5,8,215,Big Spenders
17446,177,2,120.89999999999999,198,6,2,2,2011-02-02 14:40:00,2011-06-16 10:42:00,United Kingdom,60.449999999999996,99.0,133,2,1,1,4,211,Regular Customers
17447,40,2,541.53,443,33,2,2,2011-09-29 10:10:00,2011-10-30 14:18:00,United Kingdom,270.765,221.5,31,3,1,3,7,313,Regular Customers
17449,2,7,2516.21,1120,177,7,6,2010-12-15 10:57:00,2011-12-07 16:56:00,United Kingdom,359.4585714285714,160.0,357,5,5,5,15,555,Champions
17450,8,46,194390.79,69973,124,46,27,2010-12-07 09:23:00,2011-12-01 13:29:00,United Kingdom,4225.886739130435,1521.1521739130435,359,5,5,5,15,555,Champions
17451,1,7,1721.4,1203,83,7,5,2011-08-26 11:54:00,2011-12-08 15:02:00,United Kingdom,245.91428571428574,171.85714285714286,104,5,5,4,14,554,Champions
17453,18,2,486.72,219,19,2,2,2011-10-06 17:02:00,2011-11-22 09:42:00,United Kingdom,243.36,109.5,46,4,1,3,8,413,Recent Customers
17454,192,4,517.53,243,57,4,4,2010-12-15 10:54:00,2011-05-31 13:58:00,United Kingdom,129.3825,60.75,167,1,4,3,8,143,Loyal Customers
17455,204,1,131.7,66,8,1,1,2011-05-20 12:31:00,2011-05-20 12:31:00,United Kingdom,131.7,66.0,0,1,1,1,3,111,Regular Customers
17456,365,1,249.86,222,17,1,1,2010-12-09 15:23:00,2010-12-09 15:23:00,United Kingdom,249.86,222.0,0,1,1,2,4,112,Regular Customers
17457,127,5,1737.7,826,14,5,5,2011-01-04 14:33:00,2011-08-05 12:48:00,United Kingdom,347.54,165.2,212,2,4,4,10,244,Loyal Customers
17458,15,1,316.5,170,52,1,1,2011-11-24 13:01:00,2011-11-24 13:01:00,United Kingdom,316.5,170.0,0,4,1,2,7,412,Recent Customers
17459,43,2,657.3,537,88,2,2,2011-10-10 17:00:00,2011-10-27 13:25:00,United Kingdom,328.65,268.5,16,3,1,3,7,313,Regular Customers
17460,94,6,622.4300000000001,236,18,6,6,2010-12-01 16:24:00,2011-09-06 15:04:00,United Kingdom,103.73833333333334,39.333333333333336,278,2,5,3,10,253,Loyal Customers
17461,23,3,735.82,770,104,3,2,2011-11-10 12:01:00,2011-11-17 10:21:00,United Kingdom,245.27333333333334,256.6666666666667,6,4,2,3,9,423,Recent Customers
17462,60,2,675.69,227,25,2,2,2011-02-28 17:01:00,2011-10-10 13:56:00,United Kingdom,337.845,113.5,223,3,1,3,7,313,Regular Customers
17463,16,5,1875.8600000000001,1086,162,5,5,2011-01-30 15:48:00,2011-11-23 13:40:00,United Kingdom,375.172,217.2,296,4,4,4,12,444,Champions
17464,158,1,289.96000000000004,220,9,1,1,2011-07-04 13:19:00,2011-07-04 13:19:00,United Kingdom,289.96000000000004,220.0,0,2,1,2,5,212,Regular Customers
17466,10,2,763.28,306,41,2,2,2011-09-22 09:16:00,2011-11-29 13:15:00,United Kingdom,381.64,153.0,68,5,1,3,9,513,Recent Customers
17468,10,2,137.0,116,5,2,2,2011-11-25 12:52:00,2011-11-29 15:33:00,United Kingdom,68.5,58.0,4,5,1,1,7,511,Recent Customers
17469,16,5,1870.97,787,61,5,5,2011-05-19 08:55:00,2011-11-23 13:15:00,United Kingdom,374.194,157.4,188,4,4,4,12,444,Champions
17470,45,5,1125.07,1675,67,5,5,2010-12-07 09:57:00,2011-10-26 12:42:00,United Kingdom,225.01399999999998,335.0,323,3,4,4,11,344,Loyal Customers
17472,191,3,697.54,455,142,3,3,2011-02-13 14:40:00,2011-06-01 14:57:00,United Kingdom,232.51333333333332,151.66666666666666,108,1,2,3,6,123,At Risk
17475,79,1,194.37,178,14,1,1,2011-09-21 14:55:00,2011-09-21 14:55:00,United Kingdom,194.37,178.0,0,2,1,1,4,211,Regular Customers
17480,78,1,511.82,338,29,1,1,2011-09-23 11:39:00,2011-09-23 11:39:00,United Kingdom,511.82,338.0,0,2,1,3,6,213,Regular Customers
17481,4,4,1255.59,1061,69,4,4,2011-09-07 09:57:00,2011-12-06 12:28:00,United Kingdom,313.8975,265.25,90,5,4,4,13,544,Champions
17483,65,3,414.04,191,18,3,3,2011-06-09 19:40:00,2011-10-05 13:10:00,United Kingdom,138.01333333333335,63.666666666666664,117,3,2,2,7,322,Regular Customers
17486,261,1,396.87,191,24,1,1,2011-03-23 14:00:00,2011-03-23 14:00:00,United Kingdom,396.87,191.0,0,1,1,2,4,112,Regular Customers
17489,59,2,376.64,428,28,2,2,2011-05-11 11:34:00,2011-10-12 08:56:00,United Kingdom,188.32,214.0,153,3,1,2,6,312,Regular Customers
17490,1,7,2092.32,1134,63,7,6,2011-06-16 09:15:00,2011-12-09 09:08:00,United Kingdom,298.90285714285716,162.0,175,5,5,5,15,555,Champions
17491,1,10,3558.87,2013,72,10,10,2010-12-07 12:18:00,2011-12-08 16:18:00,United Kingdom,355.887,201.3,366,5,5,5,15,555,Champions
17492,248,1,374.57,155,12,1,1,2011-04-05 15:21:00,2011-04-05 15:21:00,United Kingdom,374.57,155.0,0,1,1,2,4,112,Regular Customers
17495,8,2,497.56,229,21,2,2,2011-11-01 12:06:00,2011-12-02 12:08:00,United Kingdom,248.78,114.5,31,5,1,3,9,513,Recent Customers
17496,359,1,271.05,79,10,1,1,2010-12-16 08:39:00,2010-12-16 08:39:00,United Kingdom,271.05,79.0,0,1,1,2,4,112,Regular Customers
17498,76,1,272.21999999999997,394,17,1,1,2011-09-25 12:25:00,2011-09-25 12:25:00,United Kingdom,272.21999999999997,394.0,0,2,1,2,5,212,Regular Customers
17499,290,1,622.88,711,40,1,1,2011-02-23 09:14:00,2011-02-23 09:14:00,United Kingdom,622.88,711.0,0,1,1,3,5,113,Regular Customers
17500,17,3,1138.0,17,3,3,3,2011-11-10 09:08:00,2011-11-22 14:25:00,United Kingdom,379.3333333333333,5.666666666666667,12,4,2,4,10,424,Big Spenders
17501,221,2,288.6,160,18,2,1,2011-05-03 09:46:00,2011-05-03 09:47:00,United Kingdom,144.3,80.0,0,1,1,2,4,112,Regular Customers
17502,9,4,689.1,376,25,4,4,2011-11-10 16:39:00,2011-11-30 13:13:00,United Kingdom,172.275,94.0,19,5,4,3,12,543,Loyal Customers
17503,3,2,558.96,486,36,2,2,2011-11-01 11:12:00,2011-12-07 09:18:00,United Kingdom,279.48,243.0,35,5,1,3,9,513,Recent Customers
17504,206,9,2997.03,1664,112,9,6,2011-01-21 11:09:00,2011-05-17 12:59:00,United Kingdom,333.00333333333333,184.88888888888889,116,1,5,5,11,155,Loyal Customers
17505,162,2,1145.8400000000001,556,48,2,2,2011-05-18 09:01:00,2011-07-01 12:50:00,United Kingdom,572.9200000000001,278.0,44,2,1,4,7,214,Big Spenders
17506,76,1,302.2,139,14,1,1,2011-09-25 11:39:00,2011-09-25 11:39:00,United Kingdom,302.2,139.0,0,2,1,2,5,212,Regular Customers
17507,262,2,605.58,359,79,2,2,2011-02-03 18:08:00,2011-03-23 11:48:00,United Kingdom,302.79,179.5,47,1,1,3,5,113,Regular Customers
17508,281,1,387.31,289,22,1,1,2011-03-04 08:10:00,2011-03-04 08:10:00,Greece,387.31,289.0,0,1,1,2,4,112,Regular Customers
17509,58,8,6083.64,3512,75,8,3,2011-10-07 13:14:00,2011-10-13 10:26:00,United Kingdom,760.455,439.0,5,3,5,5,13,355,Loyal Customers
17510,25,1,308.48,214,20,1,1,2011-11-15 10:00:00,2011-11-15 10:00:00,United Kingdom,308.48,214.0,0,4,1,2,7,412,Recent Customers
17511,3,31,91062.38,64549,453,31,28,2010-12-01 10:19:00,2011-12-07 10:12:00,United Kingdom,2937.496129032258,2082.2258064516127,370,5,5,5,15,555,Champions
17512,29,10,2924.9900000000002,2753,61,10,10,2011-02-11 12:22:00,2011-11-11 12:11:00,United Kingdom,292.499,275.3,272,4,5,5,14,455,Champions
17513,72,1,513.2,254,6,1,1,2011-09-28 16:42:00,2011-09-28 16:42:00,United Kingdom,513.2,254.0,0,3,1,3,7,313,Regular Customers
17514,128,1,208.65,135,40,1,1,2011-08-03 15:45:00,2011-08-03 15:45:00,United Kingdom,208.65,135.0,0,2,1,1,4,211,Regular Customers
17515,31,4,639.02,243,49,4,4,2011-01-25 14:33:00,2011-11-08 14:04:00,United Kingdom,159.755,60.75,286,4,4,3,11,443,Loyal Customers
17516,15,5,764.88,414,113,5,4,2011-02-27 12:41:00,2011-11-24 16:51:00,United Kingdom,152.976,82.8,270,4,4,3,11,443,Loyal Customers
17517,309,1,153.94,102,11,1,1,2011-02-04 11:48:00,2011-02-04 11:48:00,United Kingdom,153.94,102.0,0,1,1,1,3,111,Regular Customers
17519,17,6,1844.02,1236,60,6,6,2010-12-06 15:18:00,2011-11-22 16:43:00,United Kingdom,307.33666666666664,206.0,351,4,5,4,13,454,Champions
17520,54,1,546.81,365,30,1,1,2011-10-17 12:04:00,2011-10-17 12:04:00,United Kingdom,546.81,365.0,0,3,1,3,7,313,Regular Customers
17521,30,3,723.21,519,38,3,3,2011-05-24 15:14:00,2011-11-10 11:22:00,United Kingdom,241.07000000000002,173.0,169,4,2,3,9,423,Recent Customers
17522,2,5,1066.15,1022,58,5,5,2011-05-05 16:31:00,2011-12-08 12:31:00,United Kingdom,213.23000000000002,204.4,216,5,4,4,13,544,Champions
17523,11,4,652.74,872,25,4,3,2011-11-20 13:40:00,2011-11-28 13:20:00,United Kingdom,163.185,218.0,7,5,4,3,12,543,Loyal Customers
17524,361,1,145.0,90,6,1,1,2010-12-13 14:32:00,2010-12-13 14:32:00,United Kingdom,145.0,90.0,0,1,1,1,3,111,Regular Customers
17525,360,1,422.7,82,9,1,1,2010-12-15 12:05:00,2010-12-15 12:05:00,United Kingdom,422.7,82.0,0,1,1,2,4,112,Regular Customers
17526,5,4,1195.8999999999999,310,17,4,4,2010-12-09 12:20:00,2011-12-05 11:05:00,United Kingdom,298.97499999999997,77.5,360,5,4,4,13,544,Champions
17527,54,4,939.37,488,45,4,4,2011-05-05 13:43:00,2011-10-17 12:32:00,United Kingdom,234.8425,122.0,164,3,4,4,11,344,Loyal Customers
17528,1,8,3628.5,2138,183,8,7,2011-09-29 13:04:00,2011-12-08 13:27:00,United Kingdom,453.5625,267.25,70,5,5,5,15,555,Champions
17530,1,10,2362.53,1511,305,10,9,2010-12-09 20:01:00,2011-12-08 18:42:00,United Kingdom,236.25300000000001,151.1,363,5,5,5,15,555,Champions
17531,190,1,296.7,136,14,1,1,2011-06-02 19:17:00,2011-06-02 19:17:00,United Kingdom,296.7,136.0,0,1,1,2,4,112,Regular Customers
17534,54,1,223.36,103,9,1,1,2011-10-17 12:47:00,2011-10-17 12:47:00,United Kingdom,223.36,103.0,0,3,1,1,5,311,Regular Customers
17535,280,1,164.4,136,13,1,1,2011-03-04 15:20:00,2011-03-04 15:20:00,United Kingdom,164.4,136.0,0,1,1,1,3,111,Regular Customers
17536,177,1,76.5,6,3,1,1,2011-06-15 13:23:00,2011-06-15 13:23:00,United Kingdom,76.5,6.0,0,2,1,1,4,211,Regular Customers
17537,30,2,887.6700000000001,699,74,2,2,2011-02-09 13:37:00,2011-11-10 10:56:00,United Kingdom,443.83500000000004,349.5,273,4,1,3,8,413,Recent Customers
17538,26,1,98.42,134,9,1,1,2011-11-14 12:12:00,2011-11-14 12:12:00,United Kingdom,98.42,134.0,0,4,1,1,6,411,Recent Customers
17540,25,2,578.9,194,20,2,2,2011-01-27 14:35:00,2011-11-15 11:56:00,United Kingdom,289.45,97.0,291,4,1,3,8,413,Recent Customers
17542,270,1,170.75,134,24,1,1,2011-03-15 11:45:00,2011-03-15 11:45:00,United Kingdom,170.75,134.0,0,1,1,1,3,111,Regular Customers
17545,43,3,642.32,337,122,3,1,2011-10-27 13:48:00,2011-10-27 14:04:00,United Kingdom,214.10666666666668,112.33333333333333,0,3,2,3,8,323,Regular Customers
17548,234,1,103.3,58,5,1,1,2011-04-20 12:01:00,2011-04-20 12:01:00,United Kingdom,103.3,58.0,0,1,1,1,3,111,Regular Customers
17549,24,2,148.86,210,5,2,2,2011-10-19 10:05:00,2011-11-16 09:59:00,United Kingdom,74.43,105.0,27,4,1,1,6,411,Recent Customers
17550,197,3,267.16,86,42,3,2,2011-04-10 15:19:00,2011-05-26 14:09:00,United Kingdom,89.05333333333334,28.666666666666668,45,1,2,2,5,122,At Risk
17551,359,1,290.34,142,39,1,1,2010-12-15 14:12:00,2010-12-15 14:12:00,United Kingdom,290.34,142.0,0,1,1,2,4,112,Regular Customers
17552,60,4,930.41,719,43,4,3,2010-12-02 18:45:00,2011-10-10 17:00:00,United Kingdom,232.6025,179.75,311,3,4,4,11,344,Loyal Customers
17553,130,1,1487.6,1048,2,1,1,2011-08-02 10:00:00,2011-08-02 10:00:00,United Kingdom,1487.6,1048.0,0,2,1,4,7,214,Big Spenders
17554,1,5,1952.45,1763,58,5,5,2011-07-14 20:01:00,2011-12-08 14:15:00,United Kingdom,390.49,352.6,146,5,4,4,13,544,Champions
17555,20,2,480.31,348,101,2,2,2011-01-09 12:31:00,2011-11-20 12:22:00,United Kingdom,240.155,174.0,314,4,1,2,7,412,Recent Customers
17556,206,1,157.9,101,6,1,1,2011-05-18 10:48:00,2011-05-18 10:48:00,United Kingdom,157.9,101.0,0,1,1,1,3,111,Regular Customers
17557,14,3,541.46,306,27,3,3,2011-09-19 14:23:00,2011-11-25 12:57:00,United Kingdom,180.48666666666668,102.0,66,5,2,3,10,523,Recent Customers
17560,95,4,854.95,635,22,4,4,2011-02-02 11:14:00,2011-09-06 09:18:00,United Kingdom,213.7375,158.75,215,2,4,3,9,243,Loyal Customers
17561,19,1,165.12,144,44,1,1,2011-11-20 12:53:00,2011-11-20 12:53:00,United Kingdom,165.12,144.0,0,4,1,1,6,411,Recent Customers
17562,14,7,1122.38,817,48,7,7,2011-06-19 13:06:00,2011-11-25 14:21:00,United Kingdom,160.34,116.71428571428571,159,5,5,4,14,554,Champions
17564,24,3,454.01,146,38,3,3,2011-09-20 14:00:00,2011-11-15 13:27:00,United Kingdom,151.33666666666667,48.666666666666664,55,4,2,2,8,422,Recent Customers
17566,8,2,869.77,497,113,2,2,2011-11-14 13:42:00,2011-12-01 19:54:00,United Kingdom,434.885,248.5,17,5,1,3,9,513,Recent Customers
17567,7,8,4331.48,2632,110,8,8,2010-12-02 15:18:00,2011-12-02 15:48:00,United Kingdom,541.435,329.0,365,5,5,5,15,555,Champions
17569,332,1,344.14,159,29,1,1,2011-01-11 14:15:00,2011-01-11 14:15:00,United Kingdom,344.14,159.0,0,1,1,2,4,112,Regular Customers
17571,50,4,1424.42,875,246,4,4,2011-02-14 15:15:00,2011-10-20 15:57:00,United Kingdom,356.105,218.75,248,3,4,4,11,344,Loyal Customers
17572,71,4,226.75000000000003,95,7,4,4,2010-12-01 12:51:00,2011-09-29 17:53:00,United Kingdom,56.68750000000001,23.75,302,3,4,1,8,341,Regular Customers
17573,29,3,380.6,308,24,3,3,2011-09-07 10:36:00,2011-11-10 13:01:00,United Kingdom,126.86666666666667,102.66666666666667,64,4,2,2,8,422,Recent Customers
17574,243,1,185.65,77,8,1,1,2011-04-11 09:47:00,2011-04-11 09:47:00,United Kingdom,185.65,77.0,0,1,1,1,3,111,Regular Customers
17576,8,19,3564.83,1967,245,19,18,2010-12-09 16:57:00,2011-12-01 17:56:00,United Kingdom,187.62263157894736,103.52631578947368,357,5,5,5,15,555,Champions
17578,218,1,143.45999999999998,138,5,1,1,2011-05-05 18:38:00,2011-05-05 18:38:00,United Kingdom,143.45999999999998,138.0,0,1,1,1,3,111,Regular Customers
17579,5,3,448.90000000000003,258,46,3,3,2011-06-13 14:12:00,2011-12-05 12:28:00,United Kingdom,149.63333333333335,86.0,174,5,2,2,9,522,Recent Customers
17580,253,3,212.77,87,42,3,3,2010-12-16 15:27:00,2011-04-01 12:41:00,United Kingdom,70.92333333333333,29.0,105,1,2,1,4,121,At Risk
17581,1,25,11025.24,5915,229,25,10,2010-12-02 14:47:00,2011-12-09 12:21:00,United Kingdom,441.0096,236.6,371,5,5,5,15,555,Champions
17582,236,1,175.27,123,28,1,1,2011-04-17 13:18:00,2011-04-17 13:18:00,United Kingdom,175.27,123.0,0,1,1,1,3,111,Regular Customers
17584,7,2,1242.3,458,30,2,2,2011-08-04 14:12:00,2011-12-02 17:12:00,United Kingdom,621.15,229.0,120,5,1,4,10,514,Big Spenders
17585,109,4,1116.68,1650,176,4,4,2011-01-05 15:09:00,2011-08-22 13:30:00,United Kingdom,279.17,412.5,228,2,4,4,10,244,Loyal Customers
17588,100,3,1240.2,676,19,3,3,2011-04-21 10:31:00,2011-08-31 13:37:00,United Kingdom,413.40000000000003,225.33333333333334,132,2,2,4,8,224,Big Spenders
17589,60,4,2402.92,1630,171,4,4,2011-04-13 13:47:00,2011-10-10 16:58:00,United Kingdom,600.73,407.5,180,3,4,5,12,345,Loyal Customers
17590,2,3,1466.77,821,161,3,3,2011-10-30 14:05:00,2011-12-07 12:55:00,United Kingdom,488.92333333333335,273.6666666666667,37,5,2,4,11,524,Big Spenders
17591,73,7,2203.67,1000,81,7,7,2010-12-07 15:39:00,2011-09-27 13:42:00,United Kingdom,314.81,142.85714285714286,293,2,5,5,12,255,Loyal Customers
17593,4,5,3923.86,3089,190,5,5,2010-12-22 10:29:00,2011-12-06 10:30:00,United Kingdom,784.772,617.8,349,5,4,5,14,545,Champions
17594,85,2,993.1800000000001,550,42,2,2,2011-03-30 10:32:00,2011-09-15 16:34:00,United Kingdom,496.59000000000003,275.0,169,2,1,4,7,214,Big Spenders
17595,12,2,386.69,228,68,2,2,2011-11-02 16:19:00,2011-11-27 16:08:00,United Kingdom,193.345,114.0,24,5,1,2,8,512,Recent Customers
17596,23,7,2806.69,4376,168,7,7,2010-12-06 12:34:00,2011-11-16 14:11:00,United Kingdom,400.9557142857143,625.1428571428571,345,4,5,5,14,455,Champions
17597,214,1,2044.3700000000001,1176,55,1,1,2011-05-10 11:54:00,2011-05-10 11:54:00,United Kingdom,2044.3700000000001,1176.0,0,1,1,5,7,115,Big Spenders
17600,18,1,161.67000000000002,144,13,1,1,2011-11-22 09:43:00,2011-11-22 09:43:00,United Kingdom,161.67000000000002,144.0,0,4,1,1,6,411,Recent Customers
17601,239,1,116.00999999999999,103,9,1,1,2011-04-14 18:02:00,2011-04-14 18:02:00,United Kingdom,116.00999999999999,103.0,0,1,1,1,3,111,Regular Customers
17602,2,6,5054.42,4116,335,6,6,2011-01-19 16:18:00,2011-12-07 13:53:00,United Kingdom,842.4033333333333,686.0,321,5,5,5,15,555,Champions
17603,78,1,394.72,74,11,1,1,2011-09-22 14:18:00,2011-09-22 14:18:00,United Kingdom,394.72,74.0,0,2,1,2,5,212,Regular Customers
17604,217,2,309.36,169,57,2,2,2011-01-31 15:09:00,2011-05-06 13:43:00,United Kingdom,154.68,84.5,94,1,1,2,4,112,Regular Customers
17608,33,2,191.99,229,54,2,1,2011-11-06 13:00:00,2011-11-06 13:06:00,United Kingdom,95.995,114.5,0,4,1,1,6,411,Recent Customers
17609,41,5,1098.28,692,198,5,4,2011-01-16 16:23:00,2011-10-30 12:28:00,United Kingdom,219.656,138.4,286,3,4,4,11,344,Loyal Customers
17611,7,15,3961.12,2550,440,15,14,2010-12-13 13:52:00,2011-12-02 13:29:00,United Kingdom,264.07466666666664,170.0,353,5,5,5,15,555,Champions
17612,53,6,2048.45,1808,116,6,6,2011-02-15 10:40:00,2011-10-17 14:59:00,United Kingdom,341.4083333333333,301.3333333333333,244,3,5,5,13,355,Loyal Customers
17613,23,14,4544.55,2490,211,14,11,2011-02-07 11:20:00,2011-11-17 10:51:00,United Kingdom,324.6107142857143,177.85714285714286,282,4,5,5,14,455,Champions
17614,57,1,386.32,235,97,1,1,2011-10-13 16:01:00,2011-10-13 16:01:00,United Kingdom,386.32,235.0,0,3,1,2,6,312,Regular Customers
17615,130,3,329.6,140,13,3,3,2011-05-01 15:33:00,2011-08-01 14:06:00,United Kingdom,109.86666666666667,46.666666666666664,91,2,2,2,6,222,At Risk
17616,174,3,571.1999999999999,224,1,3,3,2010-12-07 10:04:00,2011-06-19 10:11:00,United Kingdom,190.39999999999998,74.66666666666667,194,2,2,3,7,223,At Risk
17618,6,3,930.28,319,56,3,3,2010-12-12 16:05:00,2011-12-04 11:50:00,United Kingdom,310.0933333333333,106.33333333333333,356,5,2,4,11,524,Big Spenders
17619,312,1,214.37,124,71,1,1,2011-01-31 14:18:00,2011-01-31 14:18:00,United Kingdom,214.37,124.0,0,1,1,1,3,111,Regular Customers
17620,60,1,81.44,60,4,1,1,2011-10-11 12:08:00,2011-10-11 12:08:00,United Kingdom,81.44,60.0,0,3,1,1,5,311,Regular Customers
17621,21,3,1379.9,514,24,3,3,2010-12-20 13:31:00,2011-11-18 17:11:00,United Kingdom,459.9666666666667,171.33333333333334,333,4,2,4,10,424,Big Spenders
17623,33,1,527.05,265,33,1,1,2011-11-07 11:32:00,2011-11-07 11:32:00,United Kingdom,527.05,265.0,0,4,1,3,8,413,Recent Customers
17624,15,2,843.48,554,49,2,2,2011-05-05 17:59:00,2011-11-25 10:52:00,United Kingdom,421.74,277.0,203,4,1,3,8,413,Recent Customers
17625,18,4,2020.4,1180,223,4,4,2011-03-27 12:21:00,2011-11-21 13:36:00,United Kingdom,505.1,295.0,239,4,4,4,12,444,Champions
17628,81,1,75.75,79,5,1,1,2011-09-19 15:21:00,2011-09-19 15:21:00,United Kingdom,75.75,79.0,0,2,1,1,4,211,Regular Customers
17629,6,8,1814.1200000000001,1629,106,8,8,2010-12-15 09:58:00,2011-12-04 10:56:00,United Kingdom,226.76500000000001,203.625,354,5,5,4,14,554,Champions
17630,170,2,503.6,158,24,2,2,2011-04-21 14:03:00,2011-06-23 11:58:00,United Kingdom,251.8,79.0,62,2,1,3,6,213,Regular Customers
17631,2,3,528.33,334,39,3,3,2011-04-21 13:22:00,2011-12-08 09:47:00,United Kingdom,176.11,111.33333333333333,230,5,2,3,10,523,Recent Customers
17633,31,4,1324.84,644,59,4,4,2011-08-11 15:43:00,2011-11-08 13:25:00,United Kingdom,331.21,161.0,88,4,4,4,12,444,Champions
17634,36,9,2358.59,838,209,9,9,2011-01-06 12:45:00,2011-11-03 13:09:00,United Kingdom,262.0655555555556,93.11111111111111,301,3,5,5,13,355,Loyal Customers
17636,19,1,285.56,182,20,1,1,2011-11-20 14:40:00,2011-11-20 14:40:00,United Kingdom,285.56,182.0,0,4,1,2,7,412,Recent Customers
17637,31,2,547.0600000000001,280,35,2,2,2011-08-16 13:25:00,2011-11-08 12:51:00,United Kingdom,273.53000000000003,140.0,83,4,1,3,8,413,Recent Customers
17639,276,1,108.5,49,7,1,1,2011-03-08 15:22:00,2011-03-08 15:22:00,United Kingdom,108.5,49.0,0,1,1,1,3,111,Regular Customers
17640,87,1,621.66,250,5,1,1,2011-09-14 09:13:00,2011-09-14 09:13:00,United Kingdom,621.66,250.0,0,2,1,3,6,213,Regular Customers
17642,120,2,712.29,474,34,2,2,2011-06-16 12:55:00,2011-08-12 09:11:00,United Kingdom,356.145,237.0,56,2,1,3,6,213,Regular Customers
17643,373,1,101.55,71,8,1,1,2010-12-01 14:38:00,2010-12-01 14:38:00,United Kingdom,101.55,71.0,0,1,1,1,3,111,Regular Customers
17644,1,11,2895.64,1793,102,11,8,2011-03-24 09:44:00,2011-12-08 13:43:00,United Kingdom,263.24,163.0,259,5,5,5,15,555,Champions
17646,219,3,1008.39,323,46,3,3,2010-12-09 14:28:00,2011-05-04 13:17:00,United Kingdom,336.13,107.66666666666667,145,1,2,4,7,124,Big Spenders
17647,65,1,133.06,30,7,1,1,2011-10-05 15:38:00,2011-10-05 15:38:00,United Kingdom,133.06,30.0,0,3,1,1,5,311,Regular Customers
17648,61,4,1797.5,487,81,4,3,2011-04-04 10:29:00,2011-10-10 09:41:00,United Kingdom,449.375,121.75,188,3,4,4,11,344,Loyal Customers
17649,138,1,868.49,399,52,1,1,2011-07-24 15:53:00,2011-07-24 15:53:00,United Kingdom,868.49,399.0,0,2,1,3,6,213,Regular Customers
17650,21,1,166.07999999999998,150,8,1,1,2011-11-18 14:52:00,2011-11-18 14:52:00,United Kingdom,166.07999999999998,150.0,0,4,1,1,6,411,Recent Customers
17651,12,10,3945.0,3112,149,10,9,2011-06-15 15:57:00,2011-11-28 10:29:00,United Kingdom,394.5,311.2,165,5,5,5,15,555,Champions
17652,25,12,4867.72,2509,118,12,12,2011-03-03 14:05:00,2011-11-14 12:55:00,United Kingdom,405.6433333333334,209.08333333333334,255,4,5,5,14,455,Champions
17653,37,4,1207.56,1409,44,4,4,2011-08-11 15:24:00,2011-11-03 12:46:00,United Kingdom,301.89,352.25,83,3,4,4,11,344,Loyal Customers
17654,277,1,117.55,41,22,1,1,2011-03-07 13:17:00,2011-03-07 13:17:00,United Kingdom,117.55,41.0,0,1,1,1,3,111,Regular Customers
17655,11,7,2638.94,1116,66,7,7,2010-12-08 16:45:00,2011-11-29 11:34:00,United Kingdom,376.99142857142857,159.42857142857142,355,5,5,5,15,555,Champions
17656,73,5,1674.69,1399,67,5,5,2011-08-03 10:45:00,2011-09-27 13:04:00,United Kingdom,334.938,279.8,55,2,4,4,10,244,Loyal Customers
17658,26,2,595.42,616,17,2,2,2011-05-12 15:23:00,2011-11-14 12:07:00,United Kingdom,297.71,308.0,185,4,1,3,8,413,Recent Customers
17659,17,12,2999.46,1525,127,12,12,2010-12-02 16:46:00,2011-11-22 13:29:00,United Kingdom,249.955,127.08333333333333,354,4,5,5,14,455,Champions
17660,141,1,178.75,121,37,1,1,2011-07-21 13:37:00,2011-07-21 13:37:00,United Kingdom,178.75,121.0,0,2,1,1,4,211,Regular Customers
17663,26,7,1802.91,797,63,7,7,2011-02-25 14:11:00,2011-11-14 08:56:00,United Kingdom,257.55857142857144,113.85714285714286,261,4,5,4,13,454,Champions
17664,19,2,604.64,604,41,2,2,2011-05-11 14:17:00,2011-11-21 11:29:00,United Kingdom,302.32,302.0,193,4,1,3,8,413,Recent Customers
17666,4,2,728.16,596,14,2,2,2011-10-05 11:06:00,2011-12-06 09:06:00,United Kingdom,364.08,298.0,61,5,1,3,9,513,Recent Customers
17667,66,5,2055.51,1033,85,5,4,2011-02-14 09:24:00,2011-10-04 14:32:00,United Kingdom,411.10200000000003,206.6,232,3,4,5,12,345,Loyal Customers
17668,1,2,347.75,93,14,2,2,2011-11-01 14:45:00,2011-12-08 13:25:00,United Kingdom,173.875,46.5,36,5,1,2,8,512,Recent Customers
17669,43,7,3406.7200000000003,1916,45,7,7,2011-04-04 10:11:00,2011-10-28 08:53:00,United Kingdom,486.67428571428576,273.7142857142857,206,3,5,5,13,355,Loyal Customers
17670,228,1,205.7,110,11,1,1,2011-04-26 09:12:00,2011-04-26 09:12:00,United Kingdom,205.7,110.0,0,1,1,1,3,111,Regular Customers
17671,16,4,1572.71,772,40,4,4,2010-12-09 14:27:00,2011-11-24 12:21:00,United Kingdom,393.1775,193.0,349,4,4,4,12,444,Champions
17672,50,2,3178.17,1690,105,2,2,2011-02-03 13:29:00,2011-10-20 14:18:00,United Kingdom,1589.085,845.0,259,3,1,5,9,315,Big Spenders
17673,2,6,1594.97,1462,118,6,6,2011-01-23 15:16:00,2011-12-08 12:50:00,United Kingdom,265.8283333333333,243.66666666666666,318,5,5,4,14,554,Champions
17674,74,2,551.04,672,19,2,2,2010-12-06 10:20:00,2011-09-26 13:35:00,United Kingdom,275.52,336.0,294,2,1,3,6,213,Regular Customers
17675,1,31,20374.28,8360,239,31,29,2010-12-07 13:22:00,2011-12-08 18:03:00,United Kingdom,657.2348387096774,269.6774193548387,366,5,5,5,15,555,Champions
17676,4,6,1371.18,922,49,6,6,2010-12-08 13:49:00,2011-12-05 15:16:00,United Kingdom,228.53,153.66666666666666,362,5,5,4,14,554,Champions
17677,2,30,16345.38,9772,178,30,18,2010-12-06 08:42:00,2011-12-08 09:56:00,United Kingdom,544.846,325.73333333333335,367,5,5,5,15,555,Champions
17678,264,1,298.11,207,16,1,1,2011-03-21 11:52:00,2011-03-21 11:52:00,United Kingdom,298.11,207.0,0,1,1,2,4,112,Regular Customers
17679,53,2,1992.1100000000001,729,29,2,2,2011-09-15 10:35:00,2011-10-18 07:43:00,United Kingdom,996.0550000000001,364.5,32,3,1,4,8,314,Big Spenders
17680,24,1,184.4,96,11,1,1,2011-11-16 12:42:00,2011-11-16 12:42:00,United Kingdom,184.4,96.0,0,4,1,1,6,411,Recent Customers
17682,10,6,2474.33,1367,48,6,6,2010-12-06 13:35:00,2011-11-29 15:59:00,United Kingdom,412.3883333333333,227.83333333333334,358,5,5,5,15,555,Champions
17684,44,1,239.41,145,15,1,1,2011-10-27 11:10:00,2011-10-27 11:10:00,United Kingdom,239.41,145.0,0,3,1,1,5,311,Regular Customers
17685,17,7,3155.83,1907,88,7,7,2010-12-02 14:42:00,2011-11-23 11:36:00,United Kingdom,450.8328571428571,272.42857142857144,355,4,5,5,14,455,Champions
17686,7,7,5739.46,2478,205,7,5,2011-02-10 10:18:00,2011-12-02 15:39:00,United Kingdom,819.9228571428572,354.0,295,5,5,5,15,555,Champions
17690,30,15,4726.8,1769,186,15,14,2010-12-01 16:15:00,2011-11-09 15:17:00,United Kingdom,315.12,117.93333333333334,342,4,5,5,14,455,Champions
17691,358,2,290.40000000000003,134,18,2,2,2010-12-06 11:10:00,2010-12-16 17:20:00,United Kingdom,145.20000000000002,67.0,10,1,1,2,4,112,Regular Customers
17692,127,4,725.58,624,33,4,4,2010-12-15 13:37:00,2011-08-04 14:01:00,United Kingdom,181.395,156.0,232,2,4,3,9,243,Loyal Customers
17693,137,1,200.47,231,16,1,1,2011-07-25 15:48:00,2011-07-25 15:48:00,United Kingdom,200.47,231.0,0,2,1,1,4,211,Regular Customers
17694,142,1,283.12,184,15,1,1,2011-07-21 12:00:00,2011-07-21 12:00:00,United Kingdom,283.12,184.0,0,2,1,2,5,212,Regular Customers
17695,132,2,765.34,779,30,2,2,2011-06-21 12:35:00,2011-07-31 10:40:00,United Kingdom,382.67,389.5,39,2,1,3,6,213,Regular Customers
17696,38,8,2285.71,1756,78,8,7,2010-12-10 09:51:00,2011-11-01 13:43:00,United Kingdom,285.71375,219.5,326,3,5,5,13,355,Loyal Customers
17697,236,1,338.95,93,19,1,1,2011-04-17 15:40:00,2011-04-17 15:40:00,United Kingdom,338.95,93.0,0,1,1,2,4,112,Regular Customers
17698,261,1,154.95,93,8,1,1,2011-03-24 11:34:00,2011-03-24 11:34:00,United Kingdom,154.95,93.0,0,1,1,1,3,111,Regular Customers
17700,17,4,2534.64,1266,116,4,4,2011-03-03 16:34:00,2011-11-23 11:51:00,United Kingdom,633.66,316.5,264,4,4,5,13,445,Champions
17701,253,1,417.95,109,24,1,1,2011-04-01 12:25:00,2011-04-01 12:25:00,United Kingdom,417.95,109.0,0,1,1,2,4,112,Regular Customers
17702,30,4,1824.37,1353,58,4,4,2011-05-17 16:23:00,2011-11-09 16:03:00,United Kingdom,456.0925,338.25,175,4,4,4,12,444,Champions
17703,35,3,798.74,590,47,3,3,2011-07-24 13:30:00,2011-11-04 15:51:00,United Kingdom,266.24666666666667,196.66666666666666,103,3,2,3,8,323,Regular Customers
17704,169,2,885.19,343,27,2,2,2011-04-14 09:28:00,2011-06-24 09:40:00,United Kingdom,442.595,171.5,71,2,1,3,6,213,Regular Customers
17705,3,9,1823.52,963,63,9,9,2011-02-11 10:57:00,2011-12-06 13:45:00,United Kingdom,202.61333333333334,107.0,298,5,5,4,14,554,Champions
17706,4,17,10504.49,3899,270,17,12,2010-12-08 11:02:00,2011-12-05 13:34:00,United Kingdom,617.9111764705882,229.35294117647058,362,5,5,5,15,555,Champions
17707,185,2,152.4,144,3,2,2,2011-01-07 13:30:00,2011-06-07 15:03:00,United Kingdom,76.2,72.0,151,1,1,1,3,111,Regular Customers
17708,188,2,263.33,90,28,2,2,2011-01-19 10:09:00,2011-06-05 10:12:00,United Kingdom,131.665,45.0,137,1,1,2,4,112,Regular Customers
17709,170,1,137.45,17,7,1,1,2011-06-23 11:55:00,2011-06-23 11:55:00,United Kingdom,137.45,17.0,0,2,1,1,4,211,Regular Customers
17711,11,2,385.1,246,22,2,2,2011-02-23 11:32:00,2011-11-29 11:40:00,United Kingdom,192.55,123.0,279,5,1,2,8,512,Recent Customers
17712,45,1,522.91,215,29,1,1,2011-10-26 12:28:00,2011-10-26 12:28:00,United Kingdom,522.91,215.0,0,3,1,3,7,313,Regular Customers
17714,321,1,153.0,92,10,1,1,2011-01-23 10:32:00,2011-01-23 10:32:00,United Kingdom,153.0,92.0,0,1,1,1,3,111,Regular Customers
17715,201,1,326.4,384,1,1,1,2011-05-23 12:32:00,2011-05-23 12:32:00,United Kingdom,326.4,384.0,0,1,1,2,4,112,Regular Customers
17716,23,11,5655.99,3072,171,11,9,2011-03-17 10:38:00,2011-11-17 12:00:00,United Kingdom,514.180909090909,279.27272727272725,245,4,5,5,14,455,Champions
17718,232,1,139.35,83,6,1,1,2011-04-21 13:39:00,2011-04-21 13:39:00,United Kingdom,139.35,83.0,0,1,1,1,3,111,Regular Customers
17719,38,15,5396.04,2466,111,15,15,2011-03-29 11:29:00,2011-11-02 10:36:00,United Kingdom,359.736,164.4,217,3,5,5,13,355,Loyal Customers
17720,26,4,1195.94,576,39,4,4,2010-12-07 10:43:00,2011-11-13 15:04:00,United Kingdom,298.985,144.0,341,4,4,4,12,444,Champions
17722,96,4,2424.04,1595,111,4,4,2010-12-08 12:41:00,2011-09-04 15:22:00,United Kingdom,606.01,398.75,270,2,4,5,11,245,Loyal Customers
17723,127,6,3276.4000000000005,792,4,6,6,2011-05-09 14:44:00,2011-08-04 18:37:00,United Kingdom,546.0666666666667,132.0,87,2,5,5,12,255,Loyal Customers
17724,71,3,1033.0,300,38,3,3,2011-07-24 13:26:00,2011-09-29 15:26:00,United Kingdom,344.3333333333333,100.0,67,3,2,4,9,324,Big Spenders
17725,16,11,3439.08,2162,115,11,11,2011-03-17 19:47:00,2011-11-23 16:34:00,United Kingdom,312.64363636363635,196.54545454545453,250,4,5,5,14,455,Champions
17727,15,1,1060.25,645,66,1,1,2011-11-24 17:06:00,2011-11-24 17:06:00,United Kingdom,1060.25,645.0,0,4,1,4,9,414,Big Spenders
17728,4,3,2876.01,1469,153,3,3,2011-09-14 11:39:00,2011-12-06 08:52:00,United Kingdom,958.6700000000001,489.6666666666667,82,5,2,5,12,525,Big Spenders
17730,3,13,5298.4800000000005,3576,127,13,13,2011-01-17 14:49:00,2011-12-06 15:43:00,United Kingdom,407.5753846153847,275.0769230769231,323,5,5,5,15,555,Champions
17731,79,4,1240.11,493,54,4,3,2011-06-09 14:18:00,2011-09-21 15:02:00,United Kingdom,310.0275,123.25,104,2,4,4,10,244,Loyal Customers
17732,373,1,303.97,93,18,1,1,2010-12-02 09:29:00,2010-12-02 09:29:00,United Kingdom,303.97,93.0,0,1,1,2,4,112,Regular Customers
17733,39,2,692.19,463,33,2,2,2011-03-23 09:54:00,2011-11-01 08:16:00,United Kingdom,346.095,231.5,222,3,1,3,7,313,Regular Customers
17734,54,3,700.63,422,40,3,3,2011-04-20 10:04:00,2011-10-17 12:33:00,United Kingdom,233.54333333333332,140.66666666666666,180,3,2,3,8,323,Regular Customers
17735,2,19,13110.02,8439,319,19,18,2010-12-07 10:32:00,2011-12-07 16:47:00,United Kingdom,690.001052631579,444.1578947368421,365,5,5,5,15,555,Champions
17736,9,3,377.44,238,24,3,3,2011-08-18 14:33:00,2011-11-30 15:36:00,United Kingdom,125.81333333333333,79.33333333333333,104,5,2,2,9,522,Recent Customers
17737,9,2,168.24,108,8,2,2,2011-10-12 14:42:00,2011-11-30 15:16:00,United Kingdom,84.12,54.0,49,5,1,1,7,511,Recent Customers
17738,19,4,1879.05,1029,89,4,3,2011-03-02 16:26:00,2011-11-20 15:05:00,United Kingdom,469.7625,257.25,262,4,4,4,12,444,Champions
17739,12,7,2791.35,861,29,7,7,2010-12-14 14:26:00,2011-11-28 09:12:00,United Kingdom,398.7642857142857,123.0,348,5,5,5,15,555,Champions
17742,113,2,355.11,89,13,2,2,2011-01-11 10:04:00,2011-08-18 15:28:00,United Kingdom,177.555,44.5,219,2,1,2,5,212,Regular Customers
17744,4,6,2322.4,3412,110,6,6,2010-12-16 14:17:00,2011-12-06 12:11:00,United Kingdom,387.06666666666666,568.6666666666666,354,5,5,5,15,555,Champions
17746,240,1,110.25,29,6,1,1,2011-04-13 14:31:00,2011-04-13 14:31:00,United Kingdom,110.25,29.0,0,1,1,1,3,111,Regular Customers
17747,113,1,71.4,12,1,1,1,2011-08-19 08:13:00,2011-08-19 08:13:00,United Kingdom,71.4,12.0,0,2,1,1,4,211,Regular Customers
17749,178,2,674.52,320,33,2,2,2011-03-28 13:39:00,2011-06-14 15:45:00,United Kingdom,337.26,160.0,78,2,1,3,6,213,Regular Customers
17750,5,9,1694.16,3696,100,9,9,2011-06-28 15:44:00,2011-12-04 14:09:00,United Kingdom,188.24,410.6666666666667,158,5,5,4,14,554,Champions
17752,359,1,80.64,192,1,1,1,2010-12-15 16:19:00,2010-12-15 16:19:00,United Kingdom,80.64,192.0,0,1,1,1,3,111,Regular Customers
17754,1,5,1664.6499999999999,1816,82,5,5,2011-03-24 13:54:00,2011-12-09 11:20:00,United Kingdom,332.92999999999995,363.2,259,5,4,4,13,544,Champions
17757,1,30,5589.4400000000005,3317,274,30,30,2010-12-02 17:17:00,2011-12-08 15:31:00,United Kingdom,186.31466666666668,110.56666666666666,370,5,5,5,15,555,Champions
17758,19,8,3408.2,2054,310,8,6,2011-04-03 15:22:00,2011-11-20 14:45:00,United Kingdom,426.025,256.75,230,4,5,5,14,455,Champions
17759,17,3,818.71,696,81,3,2,2011-06-23 13:35:00,2011-11-22 16:02:00,United Kingdom,272.90333333333336,232.0,152,4,2,3,9,423,Recent Customers
17760,22,2,287.59,239,25,2,2,2010-12-01 15:08:00,2011-11-18 10:56:00,United Kingdom,143.795,119.5,351,4,1,2,7,412,Recent Customers
17761,33,1,712.78,398,19,1,1,2011-11-07 10:23:00,2011-11-07 10:23:00,United Kingdom,712.78,398.0,0,4,1,3,8,413,Recent Customers
17763,263,1,15.0,12,1,1,1,2011-03-21 14:25:00,2011-03-21 14:25:00,United Kingdom,15.0,12.0,0,1,1,1,3,111,Regular Customers
17764,51,2,772.55,351,71,2,2,2011-05-12 16:11:00,2011-10-20 11:03:00,United Kingdom,386.275,175.5,160,3,1,3,7,313,Regular Customers
17765,159,3,367.63,143,51,3,3,2011-03-28 11:58:00,2011-07-04 12:41:00,United Kingdom,122.54333333333334,47.666666666666664,98,2,2,2,6,222,At Risk
17767,15,1,271.2,128,21,1,1,2011-11-24 14:42:00,2011-11-24 14:42:00,United Kingdom,271.2,128.0,0,4,1,2,7,412,Recent Customers
17768,8,3,2081.9,1122,77,3,3,2011-06-26 13:46:00,2011-12-01 13:22:00,United Kingdom,693.9666666666667,374.0,157,5,2,5,12,525,Big Spenders
17769,13,10,3957.43,1850,200,10,10,2011-01-23 11:15:00,2011-11-27 11:18:00,United Kingdom,395.743,185.0,308,5,5,5,15,555,Champions
17770,199,5,1143.27,365,33,5,4,2011-03-02 13:35:00,2011-05-25 12:34:00,United Kingdom,228.654,73.0,83,1,4,4,9,144,Loyal Customers
17771,57,2,245.33,283,50,2,2,2011-01-20 14:13:00,2011-10-14 11:43:00,United Kingdom,122.665,141.5,266,3,1,1,5,311,Regular Customers
17772,11,2,173.45,55,50,2,1,2011-11-29 10:57:00,2011-11-29 11:05:00,United Kingdom,86.725,27.5,0,5,1,1,7,511,Recent Customers
17774,97,4,1213.73,508,123,4,4,2011-02-07 13:13:00,2011-09-04 12:49:00,United Kingdom,303.4325,127.0,208,2,4,4,10,244,Loyal Customers
17775,255,1,56.4,72,3,1,1,2011-03-30 10:50:00,2011-03-30 10:50:00,United Kingdom,56.4,72.0,0,1,1,1,3,111,Regular Customers
17777,25,3,647.56,501,141,3,3,2011-08-31 14:35:00,2011-11-15 12:02:00,United Kingdom,215.85333333333332,167.0,75,4,2,3,9,423,Recent Customers
17779,21,3,650.32,396,73,3,3,2011-07-19 12:19:00,2011-11-18 14:15:00,United Kingdom,216.77333333333334,132.0,122,4,2,3,9,423,Recent Customers
17781,159,2,188.02,34,12,2,2,2011-03-31 19:54:00,2011-07-03 16:00:00,United Kingdom,94.01,17.0,93,2,1,1,4,211,Regular Customers
17783,72,2,283.47,354,67,2,2,2011-04-06 10:07:00,2011-09-28 16:07:00,United Kingdom,141.735,177.0,175,3,1,2,6,312,Regular Customers
17785,53,1,131.94,67,13,1,1,2011-10-17 13:43:00,2011-10-17 13:43:00,United Kingdom,131.94,67.0,0,3,1,1,5,311,Regular Customers
17786,85,2,266.85,195,57,2,2,2011-01-26 14:35:00,2011-09-15 12:51:00,United Kingdom,133.425,97.5,231,2,1,2,5,212,Regular Customers
17787,153,4,1817.54,896,94,4,4,2010-12-03 13:43:00,2011-07-10 11:24:00,United Kingdom,454.385,224.0,218,2,4,4,10,244,Loyal Customers
17788,74,2,1112.95,210,2,2,2,2011-08-02 10:38:00,2011-09-27 10:09:00,United Kingdom,556.475,105.0,55,2,1,4,7,214,Big Spenders
17789,281,1,225.9,74,14,1,1,2011-03-03 13:14:00,2011-03-03 13:14:00,United Kingdom,225.9,74.0,0,1,1,1,3,111,Regular Customers
17790,27,14,1964.3,835,121,14,12,2010-12-10 10:47:00,2011-11-13 11:30:00,United Kingdom,140.30714285714285,59.642857142857146,338,4,5,4,13,454,Champions
17791,30,1,106.1,46,10,1,1,2011-11-10 12:09:00,2011-11-10 12:09:00,United Kingdom,106.1,46.0,0,4,1,1,6,411,Recent Customers
17793,25,1,300.34,226,49,1,1,2011-11-14 14:24:00,2011-11-14 14:24:00,United Kingdom,300.34,226.0,0,4,1,2,7,412,Recent Customers
17795,180,2,342.83,305,43,2,2,2011-03-20 12:02:00,2011-06-13 12:36:00,United Kingdom,171.415,152.5,85,1,1,2,4,112,Regular Customers
17796,40,4,690.0,176,63,4,4,2010-12-05 12:23:00,2011-10-30 15:38:00,United Kingdom,172.5,44.0,329,3,4,3,10,343,Loyal Customers
17797,22,3,780.43,498,102,3,2,2011-06-10 11:29:00,2011-11-17 13:21:00,United Kingdom,260.1433333333333,166.0,160,4,2,3,9,423,Recent Customers
17799,22,10,3039.17,1753,280,10,9,2010-12-13 13:10:00,2011-11-17 15:16:00,United Kingdom,303.91700000000003,175.3,339,4,5,5,14,455,Champions
17800,37,9,1186.21,731,50,9,9,2011-01-09 13:50:00,2011-11-02 12:57:00,United Kingdom,131.8011111111111,81.22222222222223,296,3,5,4,12,354,Loyal Customers
17802,82,3,1285.04,752,102,3,3,2010-12-02 13:44:00,2011-09-18 14:56:00,United Kingdom,428.34666666666664,250.66666666666666,290,2,2,4,8,224,Big Spenders
17805,74,1,512.31,478,10,1,1,2011-09-27 11:49:00,2011-09-27 11:49:00,United Kingdom,512.31,478.0,0,2,1,3,6,213,Regular Customers
17806,11,1,546.04,727,43,1,1,2011-11-28 14:12:00,2011-11-28 14:12:00,United Kingdom,546.04,727.0,0,5,1,3,9,513,Recent Customers
17809,16,12,5411.91,2057,46,12,10,2010-12-01 09:41:00,2011-11-23 12:59:00,United Kingdom,450.9925,171.41666666666666,357,4,5,5,14,455,Champions
17811,4,39,7755.12,4145,358,39,38,2011-01-10 10:58:00,2011-12-05 13:46:00,United Kingdom,198.84923076923076,106.28205128205128,329,5,5,5,15,555,Champions
17812,13,4,699.81,329,113,4,4,2010-12-06 15:27:00,2011-11-27 11:47:00,United Kingdom,174.9525,82.25,355,5,4,3,12,543,Loyal Customers
17813,14,5,1698.07,752,297,5,5,2011-09-29 15:57:00,2011-11-25 16:13:00,United Kingdom,339.614,150.4,57,5,4,4,13,544,Champions
17816,37,4,36.56,30,16,4,4,2010-12-09 14:10:00,2011-11-03 11:34:00,United Kingdom,9.14,7.5,328,3,4,1,8,341,Regular Customers
17817,4,3,387.68,67,32,3,2,2011-03-07 17:30:00,2011-12-05 14:39:00,United Kingdom,129.22666666666666,22.333333333333332,272,5,2,2,9,522,Recent Customers
17819,72,7,3704.87,1031,36,7,7,2010-12-03 14:26:00,2011-09-29 10:52:00,United Kingdom,529.2671428571429,147.28571428571428,299,3,5,5,13,355,Loyal Customers
17824,51,1,298.4,408,13,1,1,2011-10-19 14:14:00,2011-10-19 14:14:00,United Kingdom,298.4,408.0,0,3,1,2,6,312,Regular Customers
17827,5,5,1987.33,1240,190,5,3,2010-12-10 10:18:00,2011-12-04 15:00:00,United Kingdom,397.466,248.0,359,5,4,4,13,544,Champions
17828,23,4,1165.09,655,53,4,4,2011-06-08 08:31:00,2011-11-17 08:41:00,Malta,291.2725,163.75,162,4,4,4,12,444,Champions
17829,299,1,889.24,496,30,1,1,2011-02-14 12:46:00,2011-02-14 12:46:00,United Arab Emirates,889.24,496.0,0,1,1,3,5,113,Regular Customers
17830,2,3,398.7,92,18,3,3,2011-02-24 10:15:00,2011-12-08 12:28:00,United Kingdom,132.9,30.666666666666668,287,5,2,2,9,522,Recent Customers
17831,33,1,35.400000000000006,12,2,1,1,2011-11-06 15:09:00,2011-11-06 15:09:00,United Kingdom,35.400000000000006,12.0,0,4,1,1,6,411,Recent Customers
17832,50,1,155.37,208,61,1,1,2011-10-21 11:43:00,2011-10-21 11:43:00,United Kingdom,155.37,208.0,0,3,1,1,5,311,Regular Customers
17835,3,3,342.24,344,45,3,3,2011-11-16 16:30:00,2011-12-07 11:48:00,United Kingdom,114.08,114.66666666666667,20,5,2,2,9,522,Recent Customers
17836,47,1,109.83,87,22,1,1,2011-10-23 16:13:00,2011-10-23 16:13:00,United Kingdom,109.83,87.0,0,3,1,1,5,311,Regular Customers
17837,42,8,1535.33,508,109,8,8,2011-06-29 16:44:00,2011-10-28 16:13:00,United Kingdom,191.91625,63.5,120,3,5,4,12,354,Loyal Customers
17838,27,5,2720.8,1831,96,5,5,2010-12-02 15:55:00,2011-11-13 11:20:00,United Kingdom,544.1600000000001,366.2,345,4,4,5,13,445,Champions
17839,42,1,318.15,257,50,1,1,2011-10-28 17:27:00,2011-10-28 17:27:00,United Kingdom,318.15,257.0,0,3,1,2,6,312,Regular Customers
17841,2,124,40495.99,22816,1322,124,112,2010-12-01 14:41:00,2011-12-08 12:07:00,United Kingdom,326.580564516129,184.0,371,5,5,5,15,555,Champions
17843,303,1,197.73,88,35,1,1,2011-02-09 15:33:00,2011-02-09 15:33:00,United Kingdom,197.73,88.0,0,1,1,1,3,111,Regular Customers
17844,107,1,51.559999999999995,52,5,1,1,2011-08-25 11:27:00,2011-08-25 11:27:00,Canada,51.559999999999995,52.0,0,2,1,1,4,211,Regular Customers
17848,81,9,901.2,398,41,9,9,2010-12-16 18:38:00,2011-09-19 16:49:00,United Kingdom,100.13333333333334,44.22222222222222,276,2,5,3,10,253,Loyal Customers
17849,218,4,605.8000000000001,114,14,4,4,2011-01-10 11:59:00,2011-05-05 13:46:00,United Kingdom,151.45000000000002,28.5,115,1,4,3,8,143,Loyal Customers
17850,372,34,5391.21,1733,21,34,2,2010-12-01 08:26:00,2010-12-02 15:27:00,United Kingdom,158.565,50.970588235294116,1,1,5,5,11,155,Loyal Customers
17852,12,2,114.34,53,21,2,1,2011-11-28 12:31:00,2011-11-28 12:36:00,United Kingdom,57.17,26.5,0,5,1,1,7,511,Recent Customers
17854,185,2,311.26,84,15,2,2,2011-04-26 16:53:00,2011-06-07 16:21:00,United Kingdom,155.63,42.0,41,1,1,2,4,112,Regular Customers
17855,373,1,208.97,197,17,1,1,2010-12-02 09:44:00,2010-12-02 09:44:00,United Kingdom,208.97,197.0,0,1,1,1,3,111,Regular Customers
17856,2,4,1418.03,842,12,4,4,2011-03-03 11:40:00,2011-12-08 09:40:00,United Kingdom,354.5075,210.5,279,5,4,4,13,544,Champions
17857,4,22,25301.54,14822,18,22,20,2010-12-09 11:35:00,2011-12-05 13:13:00,United Kingdom,1150.07,673.7272727272727,361,5,5,5,15,555,Champions
17858,6,12,5140.66,2694,101,12,12,2010-12-05 13:08:00,2011-12-04 11:56:00,United Kingdom,428.3883333333333,224.5,363,5,5,5,15,555,Champions
17859,305,1,141.92,102,23,1,1,2011-02-08 10:32:00,2011-02-08 10:32:00,United Kingdom,141.92,102.0,0,1,1,1,3,111,Regular Customers
17860,369,1,226.45000000000002,93,49,1,1,2010-12-06 12:41:00,2010-12-06 12:41:00,United Kingdom,226.45000000000002,93.0,0,1,1,1,3,111,Regular Customers
17861,3,8,2097.88,1985,172,8,7,2011-01-24 11:34:00,2011-12-06 16:21:00,United Kingdom,262.235,248.125,316,5,5,5,15,555,Champions
17862,324,1,330.9,100,11,1,1,2011-01-20 12:23:00,2011-01-20 12:23:00,United Kingdom,330.9,100.0,0,1,1,2,4,112,Regular Customers
17863,59,6,3160.0,2638,110,6,6,2010-12-05 13:21:00,2011-10-11 13:45:00,United Kingdom,526.6666666666666,439.6666666666667,310,3,5,5,13,355,Loyal Customers
17864,13,3,554.85,706,70,3,3,2011-03-09 11:44:00,2011-11-27 11:15:00,United Kingdom,184.95000000000002,235.33333333333334,262,5,2,3,10,523,Recent Customers
17865,31,20,10524.22,5756,190,20,16,2010-12-10 14:53:00,2011-11-09 12:08:00,United Kingdom,526.211,287.8,333,4,5,5,14,455,Champions
17866,143,1,329.65000000000003,174,9,1,1,2011-07-20 11:07:00,2011-07-20 11:07:00,United Kingdom,329.65000000000003,174.0,0,2,1,2,5,212,Regular Customers
17867,30,6,1157.8700000000001,508,62,6,4,2011-02-24 12:25:00,2011-11-09 14:15:00,United Kingdom,192.97833333333335,84.66666666666667,258,4,5,4,13,454,Champions
17869,107,5,428.18,111,37,5,4,2010-12-06 17:16:00,2011-08-24 16:16:00,United Kingdom,85.636,22.2,260,2,4,2,8,242,At Risk
17870,2,12,1865.8899999999999,1351,214,12,9,2010-12-08 08:12:00,2011-12-07 15:07:00,United Kingdom,155.4908333333333,112.58333333333333,364,5,5,4,14,554,Champions
17871,205,1,155.9,182,10,1,1,2011-05-19 11:32:00,2011-05-19 11:32:00,United Kingdom,155.9,182.0,0,1,1,1,3,111,Regular Customers
17873,80,5,1719.5800000000002,1034,23,5,5,2010-12-01 14:54:00,2011-09-20 16:41:00,United Kingdom,343.91600000000005,206.8,293,2,4,4,10,244,Loyal Customers
17874,185,6,683.46,221,37,6,3,2011-03-29 11:25:00,2011-06-07 12:54:00,United Kingdom,113.91000000000001,36.833333333333336,70,1,5,3,9,153,Loyal Customers
17877,170,1,237.61,98,12,1,1,2011-06-22 13:00:00,2011-06-22 13:00:00,United Kingdom,237.61,98.0,0,2,1,1,4,211,Regular Customers
17878,44,1,379.45,401,26,1,1,2011-10-27 11:24:00,2011-10-27 11:24:00,United Kingdom,379.45,401.0,0,3,1,2,6,312,Regular Customers
17879,174,1,178.52,45,6,1,1,2011-06-19 12:36:00,2011-06-19 12:36:00,United Kingdom,178.52,45.0,0,2,1,1,4,211,Regular Customers
17880,365,1,458.92,314,26,1,1,2010-12-10 10:21:00,2010-12-10 10:21:00,United Kingdom,458.92,314.0,0,1,1,2,4,112,Regular Customers
17881,304,1,133.35,32,8,1,1,2011-02-08 17:16:00,2011-02-08 17:16:00,United Kingdom,133.35,32.0,0,1,1,1,3,111,Regular Customers
17883,3,4,664.34,374,133,4,4,2011-04-07 19:16:00,2011-12-06 17:49:00,United Kingdom,166.085,93.5,242,5,4,3,12,543,Loyal Customers
17884,4,4,695.07,817,107,4,4,2010-12-03 12:11:00,2011-12-06 11:33:00,United Kingdom,173.7675,204.25,367,5,4,3,12,543,Loyal Customers
17885,12,1,156.34,110,50,1,1,2011-11-27 14:40:00,2011-11-27 14:40:00,United Kingdom,156.34,110.0,0,5,1,1,7,511,Recent Customers
17886,32,3,869.28,469,93,3,3,2011-04-04 12:34:00,2011-11-08 10:09:00,United Kingdom,289.76,156.33333333333334,217,4,2,3,9,423,Recent Customers
17887,129,1,111.35,30,10,1,1,2011-08-02 17:29:00,2011-08-02 17:29:00,United Kingdom,111.35,30.0,0,2,1,1,4,211,Regular Customers
17888,21,8,716.0,973,60,8,8,2010-12-17 13:56:00,2011-11-18 13:45:00,United Kingdom,89.5,121.625,335,4,5,3,12,453,Loyal Customers
17889,212,2,201.37,77,20,2,2,2011-01-21 17:14:00,2011-05-11 16:26:00,United Kingdom,100.685,38.5,109,1,1,1,3,111,Regular Customers
17890,323,2,586.89,402,88,2,2,2010-12-13 15:12:00,2011-01-21 11:19:00,United Kingdom,293.445,201.0,38,1,1,3,5,113,Regular Customers
17891,162,1,203.85999999999999,393,34,1,1,2011-06-30 20:08:00,2011-06-30 20:08:00,United Kingdom,203.85999999999999,393.0,0,2,1,1,4,211,Regular Customers
17892,56,3,244.1,109,27,3,3,2011-07-07 12:56:00,2011-10-14 16:49:00,United Kingdom,81.36666666666666,36.333333333333336,99,3,2,1,6,321,Regular Customers
17893,225,1,107.21,149,15,1,1,2011-04-28 13:50:00,2011-04-28 13:50:00,United Kingdom,107.21,149.0,0,1,1,1,3,111,Regular Customers
17894,72,8,1118.54,402,126,8,8,2010-12-08 14:50:00,2011-09-29 09:23:00,United Kingdom,139.8175,50.25,294,3,5,4,12,354,Loyal Customers
17895,44,1,95.45,127,15,1,1,2011-10-26 17:00:00,2011-10-26 17:00:00,United Kingdom,95.45,127.0,0,3,1,1,5,311,Regular Customers
17896,23,1,256.32,288,2,1,1,2011-11-16 13:59:00,2011-11-16 13:59:00,United Kingdom,256.32,288.0,0,4,1,2,7,412,Recent Customers
17897,173,3,541.81,222,100,3,3,2010-12-01 12:31:00,2011-06-20 11:23:00,United Kingdom,180.60333333333332,74.0,200,2,2,3,7,223,At Risk
17898,85,2,152.06,190,27,2,2,2011-05-16 17:13:00,2011-09-15 14:56:00,United Kingdom,76.03,95.0,121,2,1,1,4,211,Regular Customers
17899,159,1,154.55,170,29,1,1,2011-07-03 14:58:00,2011-07-03 14:58:00,United Kingdom,154.55,170.0,0,2,1,1,4,211,Regular Customers
17900,190,2,112.19999999999999,73,4,2,1,2011-06-02 14:28:00,2011-06-02 14:38:00,United Kingdom,56.099999999999994,36.5,0,1,1,1,3,111,Regular Customers
17901,29,1,110.38,24,19,1,1,2011-11-10 17:29:00,2011-11-10 17:29:00,United Kingdom,110.38,24.0,0,4,1,1,6,411,Recent Customers
17904,21,1,181.07,59,33,1,1,2011-11-18 12:57:00,2011-11-18 12:57:00,United Kingdom,181.07,59.0,0,4,1,1,6,411,Recent Customers
17905,71,4,798.99,406,33,4,4,2010-12-01 13:21:00,2011-09-29 17:33:00,United Kingdom,199.7475,101.5,302,3,4,3,10,343,Loyal Customers
17906,247,1,72.9,26,12,1,1,2011-04-06 17:25:00,2011-04-06 17:25:00,United Kingdom,72.9,26.0,0,1,1,1,3,111,Regular Customers
17908,374,1,232.03,169,51,1,1,2010-12-01 11:45:00,2010-12-01 11:45:00,United Kingdom,232.03,169.0,0,1,1,1,3,111,Regular Customers
17911,9,1,366.23,223,39,1,1,2011-11-30 14:52:00,2011-11-30 14:52:00,United Kingdom,366.23,223.0,0,5,1,2,8,512,Recent Customers
17912,310,5,310.06,184,35,5,4,2010-12-10 11:11:00,2011-02-02 14:25:00,United Kingdom,62.012,36.8,54,1,4,2,7,142,At Risk
17913,59,2,408.65,288,55,2,2,2010-12-19 11:35:00,2011-10-12 10:45:00,United Kingdom,204.325,144.0,296,3,1,2,6,312,Regular Customers
17914,4,1,329.36,457,72,1,1,2011-12-06 11:58:00,2011-12-06 11:58:00,United Kingdom,329.36,457.0,0,5,1,2,8,512,Recent Customers
17917,45,3,335.03,184,77,3,3,2010-12-12 12:08:00,2011-10-25 13:20:00,United Kingdom,111.67666666666666,61.333333333333336,317,3,2,2,7,322,Regular Customers
17919,88,1,1304.04,756,23,1,1,2011-09-12 13:41:00,2011-09-12 13:41:00,United Kingdom,1304.04,756.0,0,2,1,4,7,214,Big Spenders
17920,4,17,4107.6,2471,406,17,17,2010-12-01 11:49:00,2011-12-05 14:29:00,United Kingdom,241.62352941176474,145.35294117647058,369,5,5,5,15,555,Champions
17921,64,4,820.23,425,114,4,4,2011-03-18 13:19:00,2011-10-06 18:56:00,United Kingdom,205.0575,106.25,202,3,4,3,10,343,Loyal Customers
17923,282,1,207.50000000000003,50,1,1,1,2011-03-02 15:15:00,2011-03-02 15:15:00,United Kingdom,207.50000000000003,50.0,0,1,1,1,3,111,Regular Customers
17924,12,7,2962.5,1160,26,7,5,2010-12-01 10:51:00,2011-11-28 09:11:00,United Kingdom,423.2142857142857,165.71428571428572,361,5,5,5,15,555,Champions
17925,373,1,244.08,72,1,1,1,2010-12-02 10:10:00,2010-12-02 10:10:00,United Kingdom,244.08,72.0,0,1,1,1,3,111,Regular Customers
17926,133,2,397.29,306,17,2,2,2011-05-20 09:24:00,2011-07-29 14:39:00,United Kingdom,198.645,153.0,70,2,1,2,5,212,Regular Customers
17928,45,2,184.46,68,22,2,2,2011-04-07 18:03:00,2011-10-25 13:52:00,United Kingdom,92.23,34.0,200,3,1,1,5,311,Regular Customers
17929,11,4,843.0,108,4,4,4,2011-02-04 11:40:00,2011-11-28 16:01:00,United Kingdom,210.75,27.0,297,5,4,3,12,543,Loyal Customers
17930,36,5,1740.48,1594,26,5,5,2011-04-14 15:46:00,2011-11-04 10:23:00,United Kingdom,348.096,318.8,203,3,4,4,11,344,Loyal Customers
17931,134,2,408.36,249,63,2,2,2011-03-29 12:31:00,2011-07-28 18:33:00,United Kingdom,204.18,124.5,121,2,1,2,5,212,Regular Customers
17932,29,3,1331.57,789,84,3,3,2011-05-12 13:58:00,2011-11-10 19:49:00,United Kingdom,443.8566666666666,263.0,182,4,2,4,10,424,Big Spenders
17934,52,2,704.25,478,21,2,2,2011-10-12 10:50:00,2011-10-19 11:16:00,United Kingdom,352.125,239.0,7,3,1,3,7,313,Regular Customers
17935,138,2,142.89000000000001,81,27,2,2,2011-07-21 11:23:00,2011-07-24 13:18:00,United Kingdom,71.44500000000001,40.5,3,2,1,1,4,211,Regular Customers
17936,5,1,380.13,257,68,1,1,2011-12-04 13:32:00,2011-12-04 13:32:00,United Kingdom,380.13,257.0,0,5,1,2,8,512,Recent Customers
17937,9,7,4301.22,1754,19,7,7,2010-12-12 14:43:00,2011-12-01 11:45:00,United Kingdom,614.46,250.57142857142858,353,5,5,5,15,555,Champions
17939,160,1,99.14,40,12,1,1,2011-07-03 12:27:00,2011-07-03 12:27:00,United Kingdom,99.14,40.0,0,2,1,1,4,211,Regular Customers
17940,49,9,2152.1800000000003,9322,5,9,8,2011-02-10 09:29:00,2011-10-21 13:27:00,United Kingdom,239.13111111111115,1035.7777777777778,253,3,5,5,13,355,Loyal Customers
17941,131,1,304.56,252,2,1,1,2011-08-01 08:30:00,2011-08-01 08:30:00,United Kingdom,304.56,252.0,0,2,1,2,5,212,Regular Customers
17942,8,1,77.50000000000001,38,2,1,1,2011-12-02 10:45:00,2011-12-02 10:45:00,United Kingdom,77.50000000000001,38.0,0,5,1,1,7,511,Recent Customers
17946,233,2,149.57999999999998,75,18,2,2,2011-03-25 14:34:00,2011-04-20 17:00:00,United Kingdom,74.78999999999999,37.5,26,1,1,1,3,111,Regular Customers
17947,37,1,176.68,168,9,1,1,2011-11-02 13:05:00,2011-11-02 13:05:00,United Kingdom,176.68,168.0,0,3,1,1,5,311,Regular Customers
17948,147,1,358.56000000000006,144,1,1,1,2011-07-15 12:58:00,2011-07-15 12:58:00,United Kingdom,358.56000000000006,144.0,0,2,1,2,5,212,Regular Customers
17949,1,44,58030.48,30450,28,44,28,2010-12-03 13:12:00,2011-12-08 18:46:00,United Kingdom,1318.8745454545456,692.0454545454545,370,5,5,5,15,555,Champions
17950,72,3,482.2,366,63,3,2,2010-12-09 15:16:00,2011-09-28 15:18:00,United Kingdom,160.73333333333332,122.0,293,3,2,2,7,322,Regular Customers
17951,40,3,1008.5400000000001,616,18,3,3,2010-12-01 12:40:00,2011-10-31 12:30:00,United Kingdom,336.18,205.33333333333334,333,3,2,4,9,324,Big Spenders
17954,5,12,2314.13,2221,326,12,12,2010-12-03 14:18:00,2011-12-04 14:15:00,United Kingdom,192.84416666666667,185.08333333333334,365,5,5,5,15,555,Champions
17955,199,4,557.3,273,14,4,3,2011-05-04 12:29:00,2011-05-25 12:00:00,United Kingdom,139.325,68.25,20,1,4,3,8,143,Loyal Customers
17956,249,1,12.75,1,1,1,1,2011-04-04 13:47:00,2011-04-04 13:47:00,United Kingdom,12.75,1.0,0,1,1,1,3,111,Regular Customers
17957,66,1,110.72,275,30,1,1,2011-10-04 14:58:00,2011-10-04 14:58:00,United Kingdom,110.72,275.0,0,3,1,1,5,311,Regular Customers
17958,117,1,508.46000000000004,84,7,1,1,2011-08-15 12:19:00,2011-08-15 12:19:00,United Kingdom,508.46000000000004,84.0,0,2,1,3,6,213,Regular Customers
17960,171,1,73.78,41,26,1,1,2011-06-21 14:15:00,2011-06-21 14:15:00,United Kingdom,73.78,41.0,0,2,1,1,4,211,Regular Customers
17961,21,39,1296.44,560,211,39,35,2010-12-02 19:18:00,2011-11-18 16:55:00,United Kingdom,33.242051282051285,14.35897435897436,350,4,5,4,13,454,Champions
17962,142,1,102.41,127,33,1,1,2011-07-20 14:16:00,2011-07-20 14:16:00,United Kingdom,102.41,127.0,0,2,1,1,4,211,Regular Customers
17964,32,2,463.21,294,84,2,2,2010-12-02 13:32:00,2011-11-08 10:44:00,United Kingdom,231.605,147.0,340,4,1,2,7,412,Recent Customers
17965,38,14,2599.19,1532,274,14,13,2010-12-05 15:54:00,2011-11-02 09:31:00,United Kingdom,185.65642857142856,109.42857142857143,331,3,5,5,13,355,Loyal Customers
17966,38,5,1098.43,2571,53,5,4,2011-03-23 17:25:00,2011-11-02 10:26:00,United Kingdom,219.686,514.2,223,3,4,4,11,344,Loyal Customers
17967,372,1,112.27,73,41,1,1,2010-12-03 11:19:00,2010-12-03 11:19:00,United Kingdom,112.27,73.0,0,1,1,1,3,111,Regular Customers
17968,374,1,265.1,151,74,1,1,2010-12-01 12:23:00,2010-12-01 12:23:00,United Kingdom,265.1,151.0,0,1,1,2,4,112,Regular Customers
17969,166,2,228.2,152,14,2,2,2010-12-13 15:34:00,2011-06-26 13:00:00,United Kingdom,114.1,76.0,194,2,1,1,4,211,Regular Customers
17970,211,1,562.79,513,27,1,1,2011-05-12 20:03:00,2011-05-12 20:03:00,United Kingdom,562.79,513.0,0,1,1,3,5,113,Regular Customers
17972,242,1,135.19,36,30,1,1,2011-04-12 12:16:00,2011-04-12 12:16:00,United Kingdom,135.19,36.0,0,1,1,1,3,111,Regular Customers
17973,52,1,337.04,176,15,1,1,2011-10-19 10:34:00,2011-10-19 10:34:00,United Kingdom,337.04,176.0,0,3,1,2,6,312,Regular Customers
17974,25,3,703.99,500,143,3,3,2011-05-04 11:50:00,2011-11-15 11:37:00,United Kingdom,234.66333333333333,166.66666666666666,194,4,2,3,9,423,Recent Customers
17975,15,13,4479.96,1563,188,13,13,2010-12-08 11:38:00,2011-11-24 13:27:00,United Kingdom,344.6123076923077,120.23076923076923,351,4,5,5,14,455,Champions
17976,372,1,321.79,93,56,1,1,2010-12-02 13:49:00,2010-12-02 13:49:00,United Kingdom,321.79,93.0,0,1,1,2,4,112,Regular Customers
17977,29,1,288.14,342,19,1,1,2011-11-10 13:28:00,2011-11-10 13:28:00,United Kingdom,288.14,342.0,0,4,1,2,7,412,Recent Customers
17978,365,1,300.91999999999996,499,12,1,1,2010-12-09 14:05:00,2010-12-09 14:05:00,United Kingdom,300.91999999999996,499.0,0,1,1,2,4,112,Regular Customers
17979,36,4,729.01,379,115,4,3,2011-03-25 11:34:00,2011-11-04 12:05:00,United Kingdom,182.2525,94.75,224,3,4,3,10,343,Loyal Customers
17980,166,3,811.45,682,23,3,3,2010-12-15 15:50:00,2011-06-27 12:01:00,United Kingdom,270.48333333333335,227.33333333333334,193,2,2,3,7,223,At Risk
17984,145,1,152.68,98,48,1,1,2011-07-17 15:59:00,2011-07-17 15:59:00,United Kingdom,152.68,98.0,0,2,1,1,4,211,Regular Customers
17985,22,1,631.35,171,20,1,1,2011-11-17 14:24:00,2011-11-17 14:24:00,United Kingdom,631.35,171.0,0,4,1,3,8,413,Recent Customers
17986,56,1,20.8,10,1,1,1,2011-10-14 14:22:00,2011-10-14 14:22:00,United Kingdom,20.8,10.0,0,3,1,1,5,311,Regular Customers
17987,185,1,198.57,261,13,1,1,2011-06-07 14:22:00,2011-06-07 14:22:00,United Kingdom,198.57,261.0,0,1,1,1,3,111,Regular Customers
17988,12,7,201.12,43,37,7,5,2011-01-17 11:59:00,2011-11-28 11:00:00,United Kingdom,28.731428571428573,6.142857142857143,314,5,5,1,11,551,Regular Customers
17990,237,3,630.84,414,27,3,3,2010-12-13 12:10:00,2011-04-17 11:44:00,United Kingdom,210.28,138.0,124,1,2,3,6,123,At Risk
17991,225,2,93.35,25,4,2,2,2011-04-27 16:39:00,2011-04-28 15:58:00,United Kingdom,46.675,12.5,0,1,1,1,3,111,Regular Customers
17994,122,4,674.89,495,63,4,4,2011-02-22 11:02:00,2011-08-10 11:41:00,United Kingdom,168.7225,123.75,169,2,4,3,9,243,Loyal Customers
17995,282,1,76.1,133,2,1,1,2011-03-03 12:30:00,2011-03-03 12:30:00,United Kingdom,76.1,133.0,0,1,1,1,3,111,Regular Customers
17997,74,8,1962.46,2273,133,8,8,2011-06-28 17:28:00,2011-09-26 16:13:00,United Kingdom,245.3075,284.125,89,2,5,4,11,254,Loyal Customers
17999,37,2,380.39,219,87,2,2,2010-12-08 15:17:00,2011-11-02 15:56:00,United Kingdom,190.195,109.5,329,3,1,2,6,312,Regular Customers
18001,12,2,415.13,362,56,2,2,2011-09-14 11:21:00,2011-11-27 16:02:00,United Kingdom,207.565,181.0,74,5,1,2,8,512,Recent Customers
18004,362,1,157.92,75,32,1,1,2010-12-12 13:47:00,2010-12-12 13:47:00,United Kingdom,157.92,75.0,0,1,1,1,3,111,Regular Customers
18005,4,2,226.47,86,52,2,2,2011-10-23 14:40:00,2011-12-06 11:51:00,United Kingdom,113.235,43.0,43,5,1,1,7,511,Recent Customers
18006,23,1,444.68,220,21,1,1,2011-11-16 16:52:00,2011-11-16 16:52:00,United Kingdom,444.68,220.0,0,4,1,2,7,412,Recent Customers
18008,70,9,2116.19,1581,24,9,8,2011-01-25 12:26:00,2011-09-30 15:17:00,United Kingdom,235.13222222222223,175.66666666666666,248,3,5,5,13,355,Loyal Customers
18009,235,1,247.39,125,31,1,1,2011-04-18 13:36:00,2011-04-18 13:36:00,United Kingdom,247.39,125.0,0,1,1,2,4,112,Regular Customers
18010,257,1,174.8,60,14,1,1,2011-03-28 12:27:00,2011-03-28 12:27:00,United Kingdom,174.8,60.0,0,1,1,1,3,111,Regular Customers
18011,373,1,102.78999999999999,71,28,1,1,2010-12-01 17:35:00,2010-12-01 17:35:00,United Kingdom,102.78999999999999,71.0,0,1,1,1,3,111,Regular Customers
18013,155,2,187.29,285,31,2,1,2011-07-07 14:08:00,2011-07-07 14:11:00,United Kingdom,93.645,142.5,0,2,1,1,4,211,Regular Customers
18014,28,1,154.27,65,28,1,1,2011-11-11 15:28:00,2011-11-11 15:28:00,United Kingdom,154.27,65.0,0,4,1,1,6,411,Recent Customers
18015,4,1,120.03,157,46,1,1,2011-12-05 14:49:00,2011-12-05 14:49:00,United Kingdom,120.03,157.0,0,5,1,1,7,511,Recent Customers
18016,32,5,1477.66,1027,90,5,5,2010-12-10 17:14:00,2011-11-07 13:25:00,United Kingdom,295.53200000000004,205.4,331,4,4,4,12,444,Champions
18017,81,3,523.0,300,1,3,3,2011-02-02 13:57:00,2011-09-19 16:15:00,United Kingdom,174.33333333333334,100.0,229,2,2,3,7,223,At Risk
18018,108,2,122.14,55,29,2,2,2011-05-24 13:22:00,2011-08-23 17:37:00,United Kingdom,61.07,27.5,91,2,1,1,4,211,Regular Customers
18019,52,1,38.45,7,5,1,1,2011-10-19 12:10:00,2011-10-19 12:10:00,United Kingdom,38.45,7.0,0,3,1,1,5,311,Regular Customers
18022,36,1,612.72,703,141,1,1,2011-11-04 12:45:00,2011-11-04 12:45:00,United Kingdom,612.72,703.0,0,3,1,3,7,313,Regular Customers
18024,153,2,389.78,184,21,2,1,2011-07-10 12:28:00,2011-07-10 12:40:00,United Kingdom,194.89,92.0,0,2,1,2,5,212,Regular Customers
18027,99,1,115.31,78,21,1,1,2011-09-02 10:38:00,2011-09-02 10:38:00,United Kingdom,115.31,78.0,0,2,1,1,4,211,Regular Customers
18030,4,2,230.64999999999998,67,8,2,2,2011-10-28 13:55:00,2011-12-05 16:37:00,United Kingdom,115.32499999999999,33.5,38,5,1,1,7,511,Recent Customers
18032,334,1,73.5,42,5,1,1,2011-01-09 15:32:00,2011-01-09 15:32:00,United Kingdom,73.5,42.0,0,1,1,1,3,111,Regular Customers
18033,65,1,93.82000000000001,252,32,1,1,2011-10-05 17:28:00,2011-10-05 17:28:00,United Kingdom,93.82000000000001,252.0,0,3,1,1,5,311,Regular Customers
18034,22,2,418.68,559,99,2,1,2011-11-18 12:08:00,2011-11-18 12:22:00,United Kingdom,209.34,279.5,0,4,1,2,7,412,Recent Customers
18035,36,3,713.89,584,44,3,2,2011-10-27 17:48:00,2011-11-04 12:39:00,United Kingdom,237.96333333333334,194.66666666666666,7,3,2,3,8,323,Regular Customers
18036,32,3,403.12,232,77,3,3,2011-04-08 11:26:00,2011-11-07 14:40:00,United Kingdom,134.37333333333333,77.33333333333333,213,4,2,2,8,422,Recent Customers
18037,154,6,70.02,20,19,6,6,2010-12-12 16:20:00,2011-07-08 13:39:00,United Kingdom,11.67,3.3333333333333335,207,2,5,1,8,251,At Risk
18040,19,2,357.20000000000005,148,18,2,2,2011-04-08 08:27:00,2011-11-20 14:20:00,United Kingdom,178.60000000000002,74.0,226,4,1,2,7,412,Recent Customers
18041,12,21,4097.37,3758,285,21,20,2010-12-02 11:21:00,2011-11-28 11:39:00,United Kingdom,195.11285714285714,178.95238095238096,361,5,5,5,15,555,Champions
18042,54,1,165.04999999999998,33,7,1,1,2011-10-17 11:49:00,2011-10-17 11:49:00,United Kingdom,165.04999999999998,33.0,0,3,1,1,5,311,Regular Customers
18043,25,3,529.29,265,106,3,3,2010-12-08 12:35:00,2011-11-15 12:48:00,United Kingdom,176.42999999999998,88.33333333333333,342,4,2,3,9,423,Recent Customers
18044,4,10,2088.6,1033,88,10,10,2010-12-14 12:25:00,2011-12-05 14:26:00,United Kingdom,208.85999999999999,103.3,356,5,5,5,15,555,Champions
18045,45,1,178.34,138,43,1,1,2011-10-25 13:07:00,2011-10-25 13:07:00,United Kingdom,178.34,138.0,0,3,1,1,5,311,Regular Customers
18048,203,2,172.29000000000002,127,6,2,1,2011-05-20 14:54:00,2011-05-20 14:58:00,United Kingdom,86.14500000000001,63.5,0,1,1,1,3,111,Regular Customers
18050,359,1,74.4,40,5,1,1,2010-12-15 14:25:00,2010-12-15 14:25:00,United Kingdom,74.4,40.0,0,1,1,1,3,111,Regular Customers
18053,71,1,300.02,302,20,1,1,2011-09-30 09:05:00,2011-09-30 09:05:00,United Kingdom,300.02,302.0,0,3,1,2,6,312,Regular Customers
18055,7,10,6761.34,2452,223,10,10,2010-12-05 10:52:00,2011-12-02 14:25:00,United Kingdom,676.134,245.2,362,5,5,5,15,555,Champions
18056,288,1,363.65,211,19,1,1,2011-02-24 14:27:00,2011-02-24 14:27:00,United Kingdom,363.65,211.0,0,1,1,2,4,112,Regular Customers
18058,10,1,170.16,88,3,1,1,2011-11-30 08:38:00,2011-11-30 08:38:00,United Kingdom,170.16,88.0,0,5,1,1,7,511,Recent Customers
18059,23,3,306.46,258,17,3,3,2011-10-03 09:30:00,2011-11-16 16:49:00,United Kingdom,102.15333333333332,86.0,44,4,2,2,8,422,Recent Customers
18061,22,10,2119.41,955,18,10,10,2010-12-08 13:03:00,2011-11-18 11:20:00,United Kingdom,211.94099999999997,95.5,344,4,5,5,14,455,Champions
18062,173,3,720.52,396,23,3,3,2011-01-06 10:03:00,2011-06-19 14:47:00,United Kingdom,240.17333333333332,132.0,164,2,2,3,7,223,At Risk
18064,133,2,814.0,384,7,2,2,2011-04-18 15:08:00,2011-07-29 16:39:00,United Kingdom,407.0,192.0,102,2,1,3,6,213,Regular Customers
18065,6,14,2392.83,1027,110,14,6,2010-12-10 12:44:00,2011-12-04 10:30:00,United Kingdom,170.91642857142855,73.35714285714286,358,5,5,5,15,555,Champions
18066,75,1,318.0,108,10,1,1,2011-09-25 15:30:00,2011-09-25 15:30:00,United Kingdom,318.0,108.0,0,2,1,2,5,212,Regular Customers
18067,40,1,396.33,189,36,1,1,2011-10-30 15:58:00,2011-10-30 15:58:00,United Kingdom,396.33,189.0,0,3,1,2,6,312,Regular Customers
18068,289,1,101.7,6,1,1,1,2011-02-23 14:50:00,2011-02-23 14:50:00,United Kingdom,101.7,6.0,0,1,1,1,3,111,Regular Customers
18069,26,5,2009.24,1296,334,5,5,2011-01-16 15:50:00,2011-11-13 16:03:00,United Kingdom,401.848,259.2,301,4,4,4,12,444,Champions
18071,258,2,453.0,260,23,2,2,2010-12-09 10:33:00,2011-03-27 11:59:00,United Kingdom,226.5,130.0,108,1,1,2,4,112,Regular Customers
18072,186,1,247.44,288,18,1,1,2011-06-07 10:44:00,2011-06-07 10:44:00,United Kingdom,247.44,288.0,0,1,1,2,4,112,Regular Customers
18073,114,12,3859.82,3102,23,12,10,2011-05-26 19:38:00,2011-08-17 14:02:00,United Kingdom,321.6516666666667,258.5,82,2,5,5,12,255,Loyal Customers
18074,374,1,489.6,190,13,1,1,2010-12-01 09:53:00,2010-12-01 09:53:00,United Kingdom,489.6,190.0,0,1,1,3,5,113,Regular Customers
18075,23,10,2611.75,1464,97,10,10,2010-12-14 10:48:00,2011-11-16 15:21:00,United Kingdom,261.175,146.4,337,4,5,5,14,455,Champions
18077,8,11,2584.41,1839,101,11,11,2010-12-08 10:21:00,2011-12-01 13:32:00,United Kingdom,234.94636363636363,167.1818181818182,358,5,5,5,15,555,Champions
18078,217,2,336.13,145,27,2,2,2011-03-25 15:08:00,2011-05-06 14:32:00,United Kingdom,168.065,72.5,41,1,1,2,4,112,Regular Customers
18079,45,4,3613.15,7347,99,4,3,2011-04-15 12:14:00,2011-10-25 15:27:00,United Kingdom,903.2875,1836.75,193,3,4,5,12,345,Loyal Customers
18080,19,2,1231.5,642,2,2,2,2011-04-11 10:10:00,2011-11-21 08:02:00,United Kingdom,615.75,321.0,223,4,1,4,9,414,Big Spenders
18081,36,3,343.45,195,14,3,3,2011-07-29 11:56:00,2011-11-03 16:30:00,United Kingdom,114.48333333333333,65.0,97,3,2,2,7,322,Regular Customers
18082,26,1,680.84,608,62,1,1,2011-11-14 12:45:00,2011-11-14 12:45:00,United Kingdom,680.84,608.0,0,4,1,3,8,413,Recent Customers
18084,16,1,90.48,312,1,1,1,2011-11-23 13:57:00,2011-11-23 13:57:00,United Kingdom,90.48,312.0,0,4,1,1,6,411,Recent Customers
18085,330,2,689.95,265,25,2,2,2010-12-01 12:08:00,2011-01-13 15:17:00,United Kingdom,344.975,132.5,43,1,1,3,5,113,Regular Customers
18086,274,1,101.34,106,7,1,1,2011-03-10 13:34:00,2011-03-10 13:34:00,United Kingdom,101.34,106.0,0,1,1,1,3,111,Regular Customers
18087,291,1,3202.92,3906,1,1,1,2011-02-22 10:43:00,2011-02-22 10:43:00,United Kingdom,3202.92,3906.0,0,1,1,5,7,115,Big Spenders
18088,61,1,166.03,107,35,1,1,2011-10-09 13:41:00,2011-10-09 13:41:00,United Kingdom,166.03,107.0,0,3,1,1,5,311,Regular Customers
18092,2,11,9068.26,4252,28,11,10,2010-12-09 10:00:00,2011-12-07 13:14:00,United Kingdom,824.3872727272727,386.54545454545456,363,5,5,5,15,555,Champions
18093,93,4,2106.52,1392,31,4,4,2011-02-10 12:15:00,2011-09-07 15:43:00,United Kingdom,526.63,348.0,209,2,4,5,11,245,Loyal Customers
18094,82,7,3017.3,2518,39,7,5,2011-02-21 08:50:00,2011-09-19 09:28:00,United Kingdom,431.04285714285714,359.7142857142857,210,2,5,5,12,255,Loyal Customers
18095,313,2,580.05,419,20,2,2,2011-01-11 12:37:00,2011-01-31 12:50:00,United Kingdom,290.025,209.5,20,1,1,3,5,113,Regular Customers
18096,12,3,849.06,788,157,3,3,2011-10-07 11:55:00,2011-11-28 12:44:00,United Kingdom,283.02,262.6666666666667,52,5,2,3,10,523,Recent Customers
18097,8,6,2662.4,1662,65,6,5,2010-12-20 14:49:00,2011-12-02 11:16:00,United Kingdom,443.73333333333335,277.0,346,5,5,5,15,555,Champions
18099,127,1,168.31,149,19,1,1,2011-08-04 15:52:00,2011-08-04 15:52:00,United Kingdom,168.31,149.0,0,2,1,1,4,211,Regular Customers
18101,11,2,222.4,87,37,2,2,2011-07-19 13:05:00,2011-11-28 13:37:00,United Kingdom,111.2,43.5,132,5,1,1,7,511,Recent Customers
18102,1,60,259657.3,64124,150,60,26,2010-12-07 16:42:00,2011-12-09 11:50:00,United Kingdom,4327.621666666667,1068.7333333333333,366,5,5,5,15,555,Champions
18104,37,1,754.64,362,38,1,1,2011-11-02 14:07:00,2011-11-02 14:07:00,United Kingdom,754.64,362.0,0,3,1,3,7,313,Regular Customers
18105,38,1,113.48000000000002,46,18,1,1,2011-11-02 12:04:00,2011-11-02 12:04:00,United Kingdom,113.48000000000002,46.0,0,3,1,1,5,311,Regular Customers
18106,330,1,421.9,126,33,1,1,2011-01-14 12:23:00,2011-01-14 12:23:00,United Kingdom,421.9,126.0,0,1,1,2,4,112,Regular Customers
18108,254,1,271.0,84,17,1,1,2011-03-30 13:56:00,2011-03-30 13:56:00,United Kingdom,271.0,84.0,0,1,1,2,4,112,Regular Customers
18109,2,26,8004.92,4230,119,26,25,2010-12-05 10:58:00,2011-12-08 11:36:00,United Kingdom,307.88153846153847,162.69230769230768,368,5,5,5,15,555,Champions
18110,20,1,198.8,72,33,1,1,2011-11-20 12:34:00,2011-11-20 12:34:00,United Kingdom,198.8,72.0,0,4,1,1,6,411,Recent Customers
18112,12,2,352.69,255,26,2,2,2011-06-26 13:56:00,2011-11-27 14:43:00,United Kingdom,176.345,127.5,154,5,1,2,8,512,Recent Customers
18113,369,1,76.32000000000001,72,1,1,1,2010-12-06 12:31:00,2010-12-06 12:31:00,United Kingdom,76.32000000000001,72.0,0,1,1,1,3,111,Regular Customers
18114,290,1,220.1,55,28,1,1,2011-02-22 13:20:00,2011-02-22 13:20:00,United Kingdom,220.1,55.0,0,1,1,1,3,111,Regular Customers
18116,68,8,1399.51,819,229,8,8,2010-12-10 12:14:00,2011-10-03 11:00:00,United Kingdom,174.93875,102.375,296,3,5,4,12,354,Loyal Customers
18117,26,1,314.4,604,67,1,1,2011-11-14 12:47:00,2011-11-14 12:47:00,United Kingdom,314.4,604.0,0,4,1,2,7,412,Recent Customers
18118,11,26,5622.68,2853,423,26,26,2010-12-05 12:13:00,2011-11-29 11:32:00,United Kingdom,216.2569230769231,109.73076923076923,358,5,5,5,15,555,Champions
18119,368,1,180.7,124,29,1,1,2010-12-07 11:59:00,2010-12-07 11:59:00,United Kingdom,180.7,124.0,0,1,1,1,3,111,Regular Customers
18120,214,1,111.15,31,17,1,1,2011-05-09 13:45:00,2011-05-09 13:45:00,United Kingdom,111.15,31.0,0,1,1,1,3,111,Regular Customers
18121,149,2,653.3000000000001,438,28,2,2,2011-07-08 12:14:00,2011-07-13 12:53:00,United Kingdom,326.65000000000003,219.0,5,2,1,3,6,213,Regular Customers
18122,8,6,1791.84,1215,238,6,6,2011-07-12 11:37:00,2011-12-01 13:08:00,United Kingdom,298.64,202.5,142,5,5,4,14,554,Champions
18123,24,2,574.4399999999999,582,31,2,2,2011-11-08 13:31:00,2011-11-15 14:23:00,United Kingdom,287.21999999999997,291.0,7,4,1,3,8,413,Recent Customers
18125,30,4,1131.75,800,164,4,4,2011-01-27 15:02:00,2011-11-10 12:29:00,United Kingdom,282.9375,200.0,286,4,4,4,12,444,Champions
18126,61,1,198.58,129,51,1,1,2011-10-10 12:19:00,2011-10-10 12:19:00,United Kingdom,198.58,129.0,0,3,1,1,5,311,Regular Customers
18127,19,3,347.08,187,41,3,2,2011-07-29 10:06:00,2011-11-20 14:05:00,United Kingdom,115.69333333333333,62.333333333333336,114,4,2,2,8,422,Recent Customers
18129,243,1,112.55000000000001,48,13,1,1,2011-04-10 14:16:00,2011-04-10 14:16:00,United Kingdom,112.55000000000001,48.0,0,1,1,1,3,111,Regular Customers
18130,15,3,1059.39,824,58,3,3,2011-10-13 15:58:00,2011-11-24 14:40:00,United Kingdom,353.13000000000005,274.6666666666667,41,4,2,4,10,424,Big Spenders
18133,212,1,931.5,1350,1,1,1,2011-05-11 14:14:00,2011-05-11 14:14:00,United Kingdom,931.5,1350.0,0,1,1,4,6,114,Big Spenders
18135,29,5,681.91,349,11,5,5,2011-06-02 14:04:00,2011-11-10 19:32:00,United Kingdom,136.382,69.8,161,4,4,3,11,443,Loyal Customers
18136,63,3,784.33,379,34,3,3,2011-01-24 12:08:00,2011-10-07 15:40:00,United Kingdom,261.4433333333333,126.33333333333333,256,3,2,3,8,323,Regular Customers
18138,295,1,152.65,38,8,1,1,2011-02-17 14:51:00,2011-02-17 14:51:00,United Kingdom,152.65,38.0,0,1,1,1,3,111,Regular Customers
18139,18,6,8438.34,5557,35,6,2,2011-11-21 14:06:00,2011-11-22 10:44:00,United Kingdom,1406.39,926.1666666666666,0,4,5,5,14,455,Champions
18142,157,2,1019.52,1276,9,2,2,2011-05-08 12:31:00,2011-07-05 13:19:00,United Kingdom,509.76,638.0,58,2,1,4,7,214,Big Spenders
18143,117,2,1000.16,570,59,2,2,2011-07-21 10:44:00,2011-08-15 12:07:00,United Kingdom,500.08,285.0,25,2,1,4,7,214,Big Spenders
18144,8,12,2888.75,1343,27,12,11,2010-12-01 13:45:00,2011-12-02 12:46:00,United Kingdom,240.72916666666666,111.91666666666667,365,5,5,5,15,555,Champions
18145,13,4,2861.55,2625,174,4,4,2011-01-31 12:10:00,2011-11-27 11:22:00,United Kingdom,715.3875,656.25,299,5,4,5,14,545,Champions
18146,141,2,160.35,153,10,2,2,2011-05-03 16:35:00,2011-07-22 12:08:00,United Kingdom,80.175,76.5,79,2,1,1,4,211,Regular Customers
18147,46,2,179.34,203,7,2,2,2011-08-23 12:22:00,2011-10-25 11:46:00,United Kingdom,89.67,101.5,62,3,1,1,5,311,Regular Customers
18149,51,3,612.0799999999999,310,11,3,3,2011-03-11 12:44:00,2011-10-20 12:04:00,United Kingdom,204.02666666666664,103.33333333333333,222,3,2,3,8,323,Regular Customers
18150,32,3,566.58,332,29,3,3,2011-05-22 10:47:00,2011-11-07 16:49:00,United Kingdom,188.86,110.66666666666667,169,4,2,3,9,423,Recent Customers
18151,135,2,653.35,355,38,2,2,2011-02-23 08:29:00,2011-07-28 11:35:00,United Kingdom,326.675,177.5,155,2,1,3,6,213,Regular Customers
18154,3,2,399.19,255,15,2,2,2011-10-27 10:40:00,2011-12-06 16:41:00,United Kingdom,199.595,127.5,40,5,1,2,8,512,Recent Customers
18155,75,3,371.62,266,19,3,3,2011-02-21 10:36:00,2011-09-25 13:32:00,United Kingdom,123.87333333333333,88.66666666666667,216,2,2,2,6,222,At Risk
18156,13,2,675.64,283,100,2,2,2010-12-05 12:29:00,2011-11-27 12:24:00,United Kingdom,337.82,141.5,356,5,1,3,9,513,Recent Customers
18158,9,2,453.4,354,24,2,2,2011-09-12 09:03:00,2011-11-30 16:19:00,United Kingdom,226.7,177.0,79,5,1,2,8,512,Recent Customers
18159,301,1,530.15,139,23,1,1,2011-02-11 14:26:00,2011-02-11 14:26:00,United Kingdom,530.15,139.0,0,1,1,3,5,113,Regular Customers
18160,57,2,638.0600000000001,294,37,2,2,2011-05-23 13:41:00,2011-10-13 15:50:00,United Kingdom,319.03000000000003,147.0,143,3,1,3,7,313,Regular Customers
18161,15,5,1618.69,812,49,5,5,2011-01-24 11:56:00,2011-11-24 16:40:00,United Kingdom,323.738,162.4,304,4,4,4,12,444,Champions
18164,37,1,399.65,184,24,1,1,2011-11-02 12:56:00,2011-11-02 12:56:00,United Kingdom,399.65,184.0,0,3,1,2,6,312,Regular Customers
18165,177,1,302.46,254,10,1,1,2011-06-15 13:23:00,2011-06-15 13:23:00,United Kingdom,302.46,254.0,0,2,1,2,5,212,Regular Customers
18167,23,3,1384.8600000000001,382,24,3,3,2011-08-26 11:40:00,2011-11-16 15:56:00,United Kingdom,461.62000000000006,127.33333333333333,82,4,2,4,10,424,Big Spenders
18168,176,6,1160.04,592,97,6,6,2010-12-02 18:08:00,2011-06-16 19:21:00,United Kingdom,193.34,98.66666666666667,196,2,5,4,11,254,Loyal Customers
18169,61,1,202.65,61,9,1,1,2011-10-10 12:18:00,2011-10-10 12:18:00,United Kingdom,202.65,61.0,0,3,1,1,5,311,Regular Customers
18170,33,3,980.3100000000001,409,29,3,3,2011-05-06 15:13:00,2011-11-06 14:35:00,United Kingdom,326.77000000000004,136.33333333333334,183,4,2,4,10,424,Big Spenders
18171,59,5,1231.31,481,43,5,5,2011-01-10 09:55:00,2011-10-12 09:13:00,United Kingdom,246.262,96.2,274,3,4,4,11,344,Loyal Customers
18172,15,20,7561.68,3184,100,20,14,2011-02-23 10:44:00,2011-11-25 11:12:00,United Kingdom,378.084,159.2,275,4,5,5,14,455,Champions
18173,87,4,2106.84,1220,23,4,4,2011-03-10 11:56:00,2011-09-14 11:26:00,United Kingdom,526.71,305.0,187,2,4,5,11,245,Loyal Customers
18174,7,1,104.0,50,1,1,1,2011-12-02 16:56:00,2011-12-02 16:56:00,United Kingdom,104.0,50.0,0,5,1,1,7,511,Recent Customers
18176,358,1,476.35,283,30,1,1,2010-12-16 15:45:00,2010-12-16 15:45:00,United Kingdom,476.35,283.0,0,1,1,2,4,112,Regular Customers
18177,31,6,1340.8700000000001,709,53,6,6,2011-03-29 08:46:00,2011-11-08 14:44:00,United Kingdom,223.47833333333335,118.16666666666667,224,4,5,4,13,454,Champions
18178,129,4,1590.81,983,80,4,4,2010-12-10 12:42:00,2011-08-03 09:30:00,United Kingdom,397.7025,245.75,235,2,4,4,10,244,Loyal Customers
18179,9,6,1793.17,1360,86,6,6,2011-01-07 14:22:00,2011-11-30 16:23:00,United Kingdom,298.8616666666667,226.66666666666666,327,5,5,4,14,554,Champions
18180,5,6,1843.75,1721,108,6,6,2011-07-20 08:59:00,2011-12-05 08:39:00,United Kingdom,307.2916666666667,286.8333333333333,137,5,5,4,14,554,Champions
18181,24,1,366.85,133,40,1,1,2011-11-15 15:08:00,2011-11-15 15:08:00,United Kingdom,366.85,133.0,0,4,1,2,7,412,Recent Customers
18183,227,2,632.07,371,36,2,2,2011-03-10 10:08:00,2011-04-26 15:26:00,United Kingdom,316.035,185.5,47,1,1,3,5,113,Regular Customers
18184,15,1,49.8,60,1,1,1,2011-11-24 15:28:00,2011-11-24 15:28:00,United Kingdom,49.8,60.0,0,4,1,1,6,411,Recent Customers
18185,249,1,304.25,183,17,1,1,2011-04-04 13:42:00,2011-04-04 13:42:00,United Kingdom,304.25,183.0,0,1,1,2,4,112,Regular Customers
18188,15,3,2001.04,1168,63,3,3,2011-02-22 14:43:00,2011-11-24 16:46:00,United Kingdom,667.0133333333333,389.3333333333333,275,4,2,4,10,424,Big Spenders
18189,78,2,1090.24,566,65,2,2,2011-03-17 09:49:00,2011-09-23 12:40:00,United Kingdom,545.12,283.0,190,2,1,4,7,214,Big Spenders
18190,192,2,284.46000000000004,140,14,2,2,2011-01-13 10:35:00,2011-05-31 14:48:00,United Kingdom,142.23000000000002,70.0,138,1,1,2,4,112,Regular Customers
18191,262,1,207.8,140,7,1,1,2011-03-23 12:08:00,2011-03-23 12:08:00,United Kingdom,207.8,140.0,0,1,1,1,3,111,Regular Customers
18192,72,1,957.97,339,45,1,1,2011-09-29 09:53:00,2011-09-29 09:53:00,United Kingdom,957.97,339.0,0,3,1,4,8,314,Big Spenders
18193,165,1,243.76,124,16,1,1,2011-06-27 13:58:00,2011-06-27 13:58:00,United Kingdom,243.76,124.0,0,2,1,1,4,211,Regular Customers
18194,82,1,973.84,632,7,1,1,2011-09-18 13:29:00,2011-09-18 13:29:00,United Kingdom,973.84,632.0,0,2,1,4,7,214,Big Spenders
18196,95,2,686.63,431,131,2,2,2011-02-22 16:13:00,2011-09-05 16:22:00,United Kingdom,343.315,215.5,195,2,1,3,6,213,Regular Customers
18198,4,17,5425.56,4074,81,17,17,2011-01-07 13:39:00,2011-12-05 14:49:00,United Kingdom,319.15058823529415,239.64705882352942,332,5,5,5,15,555,Champions
18200,106,1,150.35,104,29,1,1,2011-08-25 18:45:00,2011-08-25 18:45:00,United Kingdom,150.35,104.0,0,2,1,1,4,211,Regular Customers
18202,200,3,1396.99,581,55,3,2,2011-02-01 13:36:00,2011-05-24 12:12:00,United Kingdom,465.66333333333336,193.66666666666666,111,1,2,4,7,124,Big Spenders
18203,157,1,160.42000000000002,43,19,1,1,2011-07-05 13:07:00,2011-07-05 13:07:00,United Kingdom,160.42000000000002,43.0,0,2,1,1,4,211,Regular Customers
18204,71,3,1975.3500000000001,1190,159,3,3,2011-05-31 15:26:00,2011-09-29 16:44:00,United Kingdom,658.45,396.6666666666667,121,3,2,4,9,324,Big Spenders
18205,36,2,517.36,192,30,2,2,2011-09-26 12:02:00,2011-11-03 13:22:00,United Kingdom,258.68,96.0,38,3,1,3,7,313,Regular Customers
18209,29,1,139.10000000000002,58,8,1,1,2011-11-11 12:07:00,2011-11-11 12:07:00,United Kingdom,139.10000000000002,58.0,0,4,1,1,6,411,Recent Customers
18210,2,6,2621.38,1398,109,6,6,2011-03-17 16:58:00,2011-12-08 11:02:00,United Kingdom,436.8966666666667,233.0,265,5,5,5,15,555,Champions
18211,26,5,600.07,359,37,5,5,2011-03-06 12:09:00,2011-11-14 08:10:00,United Kingdom,120.01400000000001,71.8,252,4,4,3,11,443,Loyal Customers
18212,326,1,216.07,92,30,1,1,2011-01-17 16:14:00,2011-01-17 16:14:00,United Kingdom,216.07,92.0,0,1,1,1,3,111,Regular Customers
18213,237,1,232.48000000000002,232,15,1,1,2011-04-17 10:21:00,2011-04-17 10:21:00,United Kingdom,232.48000000000002,232.0,0,1,1,1,3,111,Regular Customers
18215,89,1,299.34000000000003,118,13,1,1,2011-09-11 16:05:00,2011-09-11 16:05:00,United Kingdom,299.34000000000003,118.0,0,2,1,2,5,212,Regular Customers
18216,31,1,481.75,200,26,1,1,2011-11-08 16:55:00,2011-11-08 16:55:00,United Kingdom,481.75,200.0,0,4,1,2,7,412,Recent Customers
18217,29,2,621.75,491,27,2,2,2011-09-30 10:44:00,2011-11-10 13:18:00,United Kingdom,310.875,245.5,41,4,1,3,8,413,Recent Customers
18218,211,2,641.92,536,17,2,2,2011-03-03 12:24:00,2011-05-12 12:53:00,United Kingdom,320.96,268.0,70,1,1,3,5,113,Regular Customers
18219,3,10,2069.77,885,58,10,9,2010-12-06 10:05:00,2011-12-07 11:43:00,United Kingdom,206.977,88.5,366,5,5,5,15,555,Champions
18220,227,1,305.28,288,2,1,1,2011-04-27 09:03:00,2011-04-27 09:03:00,United Kingdom,305.28,288.0,0,1,1,2,4,112,Regular Customers
18221,22,5,1041.61,791,59,5,5,2011-05-12 14:13:00,2011-11-17 14:40:00,United Kingdom,208.32199999999997,158.2,189,4,4,4,12,444,Champions
18222,93,1,443.0,335,19,1,1,2011-09-08 10:45:00,2011-09-08 10:45:00,United Kingdom,443.0,335.0,0,2,1,2,5,212,Regular Customers
18223,5,14,6484.54,2948,116,14,13,2010-12-16 16:42:00,2011-12-05 09:11:00,United Kingdom,463.18142857142857,210.57142857142858,353,5,5,5,15,555,Champions
18224,264,1,158.95000000000002,69,10,1,1,2011-03-21 10:30:00,2011-03-21 10:30:00,United Kingdom,158.95000000000002,69.0,0,1,1,1,3,111,Regular Customers
18225,3,12,5504.96,3242,150,12,12,2010-12-09 15:46:00,2011-12-06 13:27:00,United Kingdom,458.74666666666667,270.1666666666667,361,5,5,5,15,555,Champions
18226,44,11,5228.05,3466,141,11,11,2011-01-06 09:00:00,2011-10-26 13:36:00,United Kingdom,475.27727272727276,315.09090909090907,293,3,5,5,13,355,Loyal Customers
18227,218,1,93.75,21,5,1,1,2011-05-06 12:23:00,2011-05-06 12:23:00,United Kingdom,93.75,21.0,0,1,1,1,3,111,Regular Customers
18228,57,2,779.9,238,23,2,2,2011-09-21 10:48:00,2011-10-14 09:21:00,United Kingdom,389.95,119.0,22,3,1,3,7,313,Regular Customers
18229,12,20,7276.9,2488,66,20,20,2010-12-01 16:25:00,2011-11-28 09:48:00,United Kingdom,363.84499999999997,124.4,361,5,5,5,15,555,Champions
18230,9,7,2810.2000000000003,1316,32,7,7,2011-02-10 13:06:00,2011-11-30 13:22:00,United Kingdom,401.4571428571429,188.0,293,5,5,5,15,555,Champions
18231,192,5,2071.77,819,106,5,5,2011-02-24 09:08:00,2011-05-31 14:18:00,United Kingdom,414.354,163.8,96,1,4,5,10,145,Loyal Customers
18232,82,4,592.97,302,31,4,4,2011-05-26 16:30:00,2011-09-19 11:49:00,United Kingdom,148.2425,75.5,115,2,4,3,9,243,Loyal Customers
18233,326,1,440.0,4,1,1,1,2011-01-18 08:44:00,2011-01-18 08:44:00,United Kingdom,440.0,4.0,0,1,1,2,4,112,Regular Customers
18235,72,3,1796.48,1578,100,3,3,2011-05-06 13:35:00,2011-09-29 08:27:00,United Kingdom,598.8266666666667,526.0,145,3,2,4,9,324,Big Spenders
18236,30,6,882.24,403,42,6,6,2011-04-13 09:52:00,2011-11-10 08:06:00,United Kingdom,147.04,67.16666666666667,210,4,5,3,12,453,Loyal Customers
18237,3,5,987.1,622,40,5,5,2011-07-28 13:05:00,2011-12-07 12:49:00,United Kingdom,197.42000000000002,124.4,131,5,4,4,13,544,Champions
18239,219,5,1561.6100000000001,795,80,5,5,2010-12-02 17:48:00,2011-05-05 12:38:00,United Kingdom,312.322,159.0,153,1,4,4,9,144,Loyal Customers
18240,46,1,422.58,126,6,1,1,2011-10-24 13:06:00,2011-10-24 13:06:00,United Kingdom,422.58,126.0,0,3,1,2,6,312,Regular Customers
18241,10,17,2073.09,1051,60,17,17,2011-05-06 09:22:00,2011-11-30 12:10:00,United Kingdom,121.9464705882353,61.8235294117647,208,5,5,5,15,555,Champions
18242,72,4,2232.4900000000002,1017,72,4,3,2011-05-10 11:20:00,2011-09-28 13:43:00,United Kingdom,558.1225000000001,254.25,141,3,4,5,12,345,Loyal Customers
18245,7,7,2567.06,1788,153,7,5,2010-12-19 14:58:00,2011-12-02 14:48:00,United Kingdom,366.72285714285715,255.42857142857142,347,5,5,5,15,555,Champions
18246,24,2,596.1,166,3,2,2,2011-04-20 13:55:00,2011-11-16 11:49:00,United Kingdom,298.05,83.0,209,4,1,3,8,413,Recent Customers
18248,123,2,804.02,511,39,2,2,2011-06-06 13:18:00,2011-08-09 10:19:00,United Kingdom,402.01,255.5,63,2,1,3,6,213,Regular Customers
18249,17,1,95.34,128,8,1,1,2011-11-22 15:07:00,2011-11-22 15:07:00,United Kingdom,95.34,128.0,0,4,1,1,6,411,Recent Customers
18250,310,1,349.27,199,21,1,1,2011-02-02 13:16:00,2011-02-02 13:16:00,United Kingdom,349.27,199.0,0,1,1,2,4,112,Regular Customers
18251,87,1,4314.72,7824,16,1,1,2011-09-13 15:03:00,2011-09-13 15:03:00,United Kingdom,4314.72,7824.0,0,2,1,5,8,215,Big Spenders
18252,51,2,518.27,234,90,2,2,2011-06-21 11:47:00,2011-10-20 12:43:00,United Kingdom,259.135,117.0,121,3,1,3,7,313,Regular Customers
18255,89,1,103.30000000000001,74,6,1,1,2011-09-11 13:16:00,2011-09-11 13:16:00,United Kingdom,103.30000000000001,74.0,0,2,1,1,4,211,Regular Customers
18257,39,8,2337.63,1041,97,8,7,2011-02-16 15:13:00,2011-10-31 14:48:00,United Kingdom,292.20375,130.125,256,3,5,5,13,355,Loyal Customers
18259,25,3,2338.6,714,27,3,3,2010-12-08 13:38:00,2011-11-15 12:34:00,United Kingdom,779.5333333333333,238.0,341,4,2,5,11,425,Big Spenders
18260,173,6,2628.35,1475,86,6,6,2010-12-16 18:23:00,2011-06-20 12:37:00,United Kingdom,438.05833333333334,245.83333333333334,185,2,5,5,12,255,Loyal Customers
18261,43,2,324.24,146,19,2,2,2011-09-05 09:34:00,2011-10-27 15:36:00,United Kingdom,162.12,73.0,52,3,1,2,6,312,Regular Customers
18262,140,1,149.48,182,13,1,1,2011-07-22 16:04:00,2011-07-22 16:04:00,United Kingdom,149.48,182.0,0,2,1,1,4,211,Regular Customers
18263,26,3,1213.16,1468,59,3,3,2011-04-01 11:48:00,2011-11-14 09:00:00,United Kingdom,404.3866666666667,489.3333333333333,226,4,2,4,10,424,Big Spenders
18265,72,2,801.51,311,44,2,2,2011-07-04 15:26:00,2011-09-28 14:10:00,United Kingdom,400.755,155.5,85,3,1,3,7,313,Regular Customers
18268,134,1,25.5,2,1,1,1,2011-07-28 19:13:00,2011-07-28 19:13:00,United Kingdom,25.5,2.0,0,2,1,1,4,211,Regular Customers
18269,366,1,168.60000000000002,76,7,1,1,2010-12-08 13:53:00,2010-12-08 13:53:00,United Kingdom,168.60000000000002,76.0,0,1,1,1,3,111,Regular Customers
18270,38,2,283.15000000000003,101,11,2,2,2011-03-18 12:41:00,2011-11-01 13:57:00,United Kingdom,141.57500000000002,50.5,228,3,1,2,6,312,Regular Customers
18272,3,6,3078.58,2050,99,6,6,2011-04-07 09:35:00,2011-12-07 12:43:00,United Kingdom,513.0966666666667,341.6666666666667,244,5,5,5,15,555,Champions
18273,2,3,204.0,80,1,3,3,2011-03-27 11:22:00,2011-12-07 13:16:00,United Kingdom,68.0,26.666666666666668,255,5,2,1,8,521,Recent Customers
18274,30,1,175.92,88,11,1,1,2011-11-09 17:03:00,2011-11-09 17:03:00,United Kingdom,175.92,88.0,0,4,1,1,6,411,Recent Customers
18276,44,1,335.86,186,14,1,1,2011-10-27 10:54:00,2011-10-27 10:54:00,United Kingdom,335.86,186.0,0,3,1,2,6,312,Regular Customers
18277,58,1,110.38,68,8,1,1,2011-10-12 15:22:00,2011-10-12 15:22:00,United Kingdom,110.38,68.0,0,3,1,1,5,311,Regular Customers
18278,74,1,173.9,66,9,1,1,2011-09-27 11:58:00,2011-09-27 11:58:00,United Kingdom,173.9,66.0,0,2,1,1,4,211,Regular Customers
18280,278,1,180.60000000000002,45,10,1,1,2011-03-07 09:52:00,2011-03-07 09:52:00,United Kingdom,180.60000000000002,45.0,0,1,1,1,3,111,Regular Customers
18281,181,1,80.82,54,7,1,1,2011-06-12 10:53:00,2011-06-12 10:53:00,United Kingdom,80.82,54.0,0,1,1,1,3,111,Regular Customers
18282,8,2,178.05,103,12,2,2,2011-08-05 13:35:00,2011-12-02 11:43:00,United Kingdom,89.025,51.5,118,5,1,1,7,511,Recent Customers
18283,4,16,2039.58,1355,262,16,14,2011-01-06 14:14:00,2011-12-06 12:02:00,United Kingdom,127.47375,84.6875,333,5,5,5,15,555,Champions
18287,43,3,1837.28,1586,59,3,3,2011-05-22 10:39:00,2011-10-28 09:29:00,United Kingdom,612.4266666666666,528.6666666666666,158,3,2,4,9,324,Big Spenders
