CustomerID,future_invoice_count,future_revenue,repeat_purchase_90d,cutoff_date
12346,0,0.0,0,2011-09-10 12:50:00
12347,2,1519.14,1,2011-09-10 12:50:00
12348,1,270.0,1,2011-09-10 12:50:00
12350,0,0.0,0,2011-09-10 12:50:00
12352,3,744.23,1,2011-09-10 12:50:00
12353,0,0.0,0,2011-09-10 12:50:00
12354,0,0.0,0,2011-09-10 12:50:00
12355,0,0.0,0,2011-09-10 12:50:00
12356,1,58.349999999999994,1,2011-09-10 12:50:00
12358,1,523.2,1,2011-09-10 12:50:00
12359,1,2814.3,1,2011-09-10 12:50:00
12360,1,923.78,1,2011-09-10 12:50:00
12361,0,0.0,0,2011-09-10 12:50:00
12362,6,3154.88,1,2011-09-10 12:50:00
12363,0,0.0,0,2011-09-10 12:50:00
12364,3,629.18,1,2011-09-10 12:50:00
12365,0,0.0,0,2011-09-10 12:50:00
12370,1,739.28,1,2011-09-10 12:50:00
12372,1,353.12,1,2011-09-10 12:50:00
12373,0,0.0,0,2011-09-10 12:50:00
12375,1,187.20000000000002,1,2011-09-10 12:50:00
12377,0,0.0,0,2011-09-10 12:50:00
12378,0,0.0,0,2011-09-10 12:50:00
12379,1,362.40000000000003,1,2011-09-10 12:50:00
12380,3,1865.26,1,2011-09-10 12:50:00
12381,2,446.07,1,2011-09-10 12:50:00
12383,0,0.0,0,2011-09-10 12:50:00
12384,1,212.58,1,2011-09-10 12:50:00
12386,0,0.0,0,2011-09-10 12:50:00
12388,2,1112.3200000000002,1,2011-09-10 12:50:00
12393,1,521.5,1,2011-09-10 12:50:00
12394,1,729.4,1,2011-09-10 12:50:00
12395,4,1008.0600000000001,1,2011-09-10 12:50:00
12397,1,1105.09,1,2011-09-10 12:50:00
12399,0,0.0,0,2011-09-10 12:50:00
12401,0,0.0,0,2011-09-10 12:50:00
12402,0,0.0,0,2011-09-10 12:50:00
12405,0,0.0,0,2011-09-10 12:50:00
12406,1,1794.05,1,2011-09-10 12:50:00
12407,1,264.76,1,2011-09-10 12:50:00
12408,1,679.5,1,2011-09-10 12:50:00
12409,2,4865.59,1,2011-09-10 12:50:00
12410,0,0.0,0,2011-09-10 12:50:00
12412,1,306.14,1,2011-09-10 12:50:00
12413,1,176.20000000000002,1,2011-09-10 12:50:00
12414,0,0.0,0,2011-09-10 12:50:00
12415,6,22826.65,1,2011-09-10 12:50:00
12417,2,742.58,1,2011-09-10 12:50:00
12418,0,0.0,0,2011-09-10 12:50:00
12421,1,150.48000000000002,1,2011-09-10 12:50:00
12422,0,0.0,0,2011-09-10 12:50:00
12423,1,193.64000000000001,1,2011-09-10 12:50:00
12424,0,0.0,0,2011-09-10 12:50:00
12426,0,0.0,0,2011-09-10 12:50:00
12427,2,450.3,1,2011-09-10 12:50:00
12428,1,328.34000000000003,1,2011-09-10 12:50:00
12429,1,905.52,1,2011-09-10 12:50:00
12431,4,1582.88,1,2011-09-10 12:50:00
12432,2,1042.66,1,2011-09-10 12:50:00
12433,4,6980.64,1,2011-09-10 12:50:00
12434,1,519.89,1,2011-09-10 12:50:00
12435,1,3850.9000000000005,1,2011-09-10 12:50:00
12436,0,0.0,0,2011-09-10 12:50:00
12437,7,1942.0,1,2011-09-10 12:50:00
12438,1,1696.78,1,2011-09-10 12:50:00
12441,0,0.0,0,2011-09-10 12:50:00
12444,3,1738.19,1,2011-09-10 12:50:00
12447,0,0.0,0,2011-09-10 12:50:00
12449,1,1216.71,1,2011-09-10 12:50:00
12450,0,0.0,0,2011-09-10 12:50:00
12451,3,3687.7,1,2011-09-10 12:50:00
12453,0,0.0,0,2011-09-10 12:50:00
12455,1,262.5,1,2011-09-10 12:50:00
12456,1,755.64,1,2011-09-10 12:50:00
12457,3,1135.98,1,2011-09-10 12:50:00
12458,1,425.48,1,2011-09-10 12:50:00
12461,0,0.0,0,2011-09-10 12:50:00
12462,1,343.48,1,2011-09-10 12:50:00
12463,1,322.99,1,2011-09-10 12:50:00
12464,2,341.5,1,2011-09-10 12:50:00
12465,1,271.25,1,2011-09-10 12:50:00
12468,0,0.0,0,2011-09-10 12:50:00
12471,10,7723.65,1,2011-09-10 12:50:00
12472,2,1518.51,1,2011-09-10 12:50:00
12473,1,1571.98,1,2011-09-10 12:50:00
12474,5,2710.03,1,2011-09-10 12:50:00
12476,5,3210.75,1,2011-09-10 12:50:00
12477,3,4385.71,1,2011-09-10 12:50:00
12480,1,992.68,1,2011-09-10 12:50:00
12481,2,1332.56,1,2011-09-10 12:50:00
12483,2,620.9200000000001,1,2011-09-10 12:50:00
12484,1,728.67,1,2011-09-10 12:50:00
12489,0,0.0,0,2011-09-10 12:50:00
12490,4,1649.34,1,2011-09-10 12:50:00
12492,1,118.82,1,2011-09-10 12:50:00
12493,0,0.0,0,2011-09-10 12:50:00
12494,2,323.24,1,2011-09-10 12:50:00
12500,5,2411.98,1,2011-09-10 12:50:00
12501,0,0.0,0,2011-09-10 12:50:00
12502,0,0.0,0,2011-09-10 12:50:00
12506,0,0.0,0,2011-09-10 12:50:00
12507,0,0.0,0,2011-09-10 12:50:00
12509,0,0.0,0,2011-09-10 12:50:00
12510,0,0.0,0,2011-09-10 12:50:00
12513,0,0.0,0,2011-09-10 12:50:00
12514,0,0.0,0,2011-09-10 12:50:00
12515,0,0.0,0,2011-09-10 12:50:00
12516,1,656.86,1,2011-09-10 12:50:00
12517,2,870.15,1,2011-09-10 12:50:00
12518,4,1552.06,1,2011-09-10 12:50:00
12520,1,516.41,1,2011-09-10 12:50:00
12521,0,0.0,0,2011-09-10 12:50:00
12523,4,772.02,1,2011-09-10 12:50:00
12524,2,1201.24,1,2011-09-10 12:50:00
12526,2,688.36,1,2011-09-10 12:50:00
12527,1,63.79,1,2011-09-10 12:50:00
12528,2,556.11,1,2011-09-10 12:50:00
12530,1,404.63,1,2011-09-10 12:50:00
12534,0,0.0,0,2011-09-10 12:50:00
12535,0,0.0,0,2011-09-10 12:50:00
12539,1,1050.66,1,2011-09-10 12:50:00
12540,6,3705.38,1,2011-09-10 12:50:00
12541,1,361.04,1,2011-09-10 12:50:00
12545,1,288.24,1,2011-09-10 12:50:00
12547,0,0.0,0,2011-09-10 12:50:00
12548,0,0.0,0,2011-09-10 12:50:00
12551,0,0.0,0,2011-09-10 12:50:00
12553,3,1164.69,1,2011-09-10 12:50:00
12556,1,290.81,1,2011-09-10 12:50:00
12557,1,2990.0,1,2011-09-10 12:50:00
12559,0,0.0,0,2011-09-10 12:50:00
12560,1,625.7,1,2011-09-10 12:50:00
12561,0,0.0,0,2011-09-10 12:50:00
12562,4,1942.51,1,2011-09-10 12:50:00
12564,0,0.0,0,2011-09-10 12:50:00
12565,0,0.0,0,2011-09-10 12:50:00
12567,1,1443.3,1,2011-09-10 12:50:00
12569,17,1507.01,1,2011-09-10 12:50:00
12571,1,271.26,1,2011-09-10 12:50:00
12573,0,0.0,0,2011-09-10 12:50:00
12574,0,0.0,0,2011-09-10 12:50:00
12576,1,379.28000000000003,1,2011-09-10 12:50:00
12577,2,426.76,1,2011-09-10 12:50:00
12578,1,989.85,1,2011-09-10 12:50:00
12580,0,0.0,0,2011-09-10 12:50:00
12582,0,0.0,0,2011-09-10 12:50:00
12583,6,2797.17,1,2011-09-10 12:50:00
12584,5,1555.56,1,2011-09-10 12:50:00
12585,0,0.0,0,2011-09-10 12:50:00
12589,1,461.18,1,2011-09-10 12:50:00
12590,0,0.0,0,2011-09-10 12:50:00
12591,0,0.0,0,2011-09-10 12:50:00
12592,0,0.0,0,2011-09-10 12:50:00
12593,0,0.0,0,2011-09-10 12:50:00
12594,2,808.32,1,2011-09-10 12:50:00
12596,1,236.32,1,2011-09-10 12:50:00
12597,2,2074.41,1,2011-09-10 12:50:00
12598,4,1384.7,1,2011-09-10 12:50:00
12599,1,157.54,1,2011-09-10 12:50:00
12600,2,590.48,1,2011-09-10 12:50:00
12601,0,0.0,0,2011-09-10 12:50:00
12604,1,75.67999999999999,1,2011-09-10 12:50:00
12609,1,290.12,1,2011-09-10 12:50:00
12610,2,643.29,1,2011-09-10 12:50:00
12613,1,1755.8600000000001,1,2011-09-10 12:50:00
12614,0,0.0,0,2011-09-10 12:50:00
12615,3,1512.45,1,2011-09-10 12:50:00
12616,0,0.0,0,2011-09-10 12:50:00
12619,4,1409.78,1,2011-09-10 12:50:00
12620,2,741.75,1,2011-09-10 12:50:00
12621,5,3188.63,1,2011-09-10 12:50:00
12622,0,0.0,0,2011-09-10 12:50:00
12623,0,0.0,0,2011-09-10 12:50:00
12624,0,0.0,0,2011-09-10 12:50:00
12625,0,0.0,0,2011-09-10 12:50:00
12626,3,1666.48,1,2011-09-10 12:50:00
12627,2,1588.7,1,2011-09-10 12:50:00
12633,1,197.23000000000002,1,2011-09-10 12:50:00
12635,1,879.54,1,2011-09-10 12:50:00
12637,1,308.0,1,2011-09-10 12:50:00
12639,0,0.0,0,2011-09-10 12:50:00
12641,0,0.0,0,2011-09-10 12:50:00
12642,2,574.81,1,2011-09-10 12:50:00
12643,0,0.0,0,2011-09-10 12:50:00
12644,0,0.0,0,2011-09-10 12:50:00
12645,1,410.32,1,2011-09-10 12:50:00
12647,3,674.11,1,2011-09-10 12:50:00
12648,0,0.0,0,2011-09-10 12:50:00
12649,0,0.0,0,2011-09-10 12:50:00
12651,0,0.0,0,2011-09-10 12:50:00
12652,0,0.0,0,2011-09-10 12:50:00
12653,0,0.0,0,2011-09-10 12:50:00
12654,2,228.23000000000002,1,2011-09-10 12:50:00
12656,2,1104.5,1,2011-09-10 12:50:00
12662,4,1106.1200000000001,1,2011-09-10 12:50:00
12664,6,2634.4,1,2011-09-10 12:50:00
12665,0,0.0,0,2011-09-10 12:50:00
12668,1,738.6800000000001,1,2011-09-10 12:50:00
12669,0,0.0,0,2011-09-10 12:50:00
12670,2,1253.58,1,2011-09-10 12:50:00
12672,0,0.0,0,2011-09-10 12:50:00
12673,1,353.62,1,2011-09-10 12:50:00
12674,1,532.6,1,2011-09-10 12:50:00
12676,2,253.34,1,2011-09-10 12:50:00
12678,3,8857.2,1,2011-09-10 12:50:00
12679,2,152.64000000000001,1,2011-09-10 12:50:00
12680,3,515.03,1,2011-09-10 12:50:00
12681,7,3416.96,1,2011-09-10 12:50:00
12682,11,3645.9,1,2011-09-10 12:50:00
12683,2,1656.38,1,2011-09-10 12:50:00
12684,3,832.15,1,2011-09-10 12:50:00
12685,4,1112.66,1,2011-09-10 12:50:00
12686,0,0.0,0,2011-09-10 12:50:00
12688,0,0.0,0,2011-09-10 12:50:00
12689,1,664.58,1,2011-09-10 12:50:00
12690,0,0.0,0,2011-09-10 12:50:00
12691,2,443.5,1,2011-09-10 12:50:00
12693,0,0.0,0,2011-09-10 12:50:00
12694,1,376.17,1,2011-09-10 12:50:00
12695,2,248.2,1,2011-09-10 12:50:00
12697,1,183.68,1,2011-09-10 12:50:00
12700,2,2574.94,1,2011-09-10 12:50:00
12701,1,424.63,1,2011-09-10 12:50:00
12704,5,839.92,1,2011-09-10 12:50:00
12705,4,2453.77,1,2011-09-10 12:50:00
12707,0,0.0,0,2011-09-10 12:50:00
12708,3,609.14,1,2011-09-10 12:50:00
12709,4,2469.73,1,2011-09-10 12:50:00
12710,0,0.0,0,2011-09-10 12:50:00
12712,2,429.05,1,2011-09-10 12:50:00
12714,1,1229.16,1,2011-09-10 12:50:00
12715,0,0.0,0,2011-09-10 12:50:00
12716,1,339.59000000000003,1,2011-09-10 12:50:00
12717,0,0.0,0,2011-09-10 12:50:00
12720,8,1839.89,1,2011-09-10 12:50:00
12721,2,885.22,1,2011-09-10 12:50:00
12722,1,49.980000000000004,1,2011-09-10 12:50:00
12724,2,679.05,1,2011-09-10 12:50:00
12725,0,0.0,0,2011-09-10 12:50:00
12726,2,1051.78,1,2011-09-10 12:50:00
12727,1,571.0,1,2011-09-10 12:50:00
12728,1,201.02,1,2011-09-10 12:50:00
12729,0,0.0,0,2011-09-10 12:50:00
12731,4,7571.66,1,2011-09-10 12:50:00
12732,0,0.0,0,2011-09-10 12:50:00
12733,0,0.0,0,2011-09-10 12:50:00
12734,0,0.0,0,2011-09-10 12:50:00
12735,0,0.0,0,2011-09-10 12:50:00
12736,0,0.0,0,2011-09-10 12:50:00
12738,0,0.0,0,2011-09-10 12:50:00
12739,0,0.0,0,2011-09-10 12:50:00
12743,0,0.0,0,2011-09-10 12:50:00
12744,1,999.26,1,2011-09-10 12:50:00
12747,3,1426.6100000000001,1,2011-09-10 12:50:00
12748,75,18262.29,1,2011-09-10 12:50:00
12749,2,1285.65,1,2011-09-10 12:50:00
12750,0,0.0,0,2011-09-10 12:50:00
12753,1,4808.48,1,2011-09-10 12:50:00
12754,0,0.0,0,2011-09-10 12:50:00
12755,0,0.0,0,2011-09-10 12:50:00
12757,6,2495.07,1,2011-09-10 12:50:00
12758,0,0.0,0,2011-09-10 12:50:00
12759,1,403.92,1,2011-09-10 12:50:00
12763,0,0.0,0,2011-09-10 12:50:00
12764,0,0.0,0,2011-09-10 12:50:00
12766,2,1925.44,1,2011-09-10 12:50:00
12769,0,0.0,0,2011-09-10 12:50:00
12770,0,0.0,0,2011-09-10 12:50:00
12775,1,206.36,1,2011-09-10 12:50:00
12778,2,261.17,1,2011-09-10 12:50:00
12779,1,981.95,1,2011-09-10 12:50:00
12781,1,237.48000000000002,1,2011-09-10 12:50:00
12782,1,224.25,1,2011-09-10 12:50:00
12785,0,0.0,0,2011-09-10 12:50:00
12787,1,104.0,1,2011-09-10 12:50:00
12790,0,0.0,0,2011-09-10 12:50:00
12791,0,0.0,0,2011-09-10 12:50:00
12792,0,0.0,0,2011-09-10 12:50:00
12793,0,0.0,0,2011-09-10 12:50:00
12794,1,543.41,1,2011-09-10 12:50:00
12797,0,0.0,0,2011-09-10 12:50:00
12798,2,5370.0,1,2011-09-10 12:50:00
12802,0,0.0,0,2011-09-10 12:50:00
12808,1,202.3,1,2011-09-10 12:50:00
12809,0,0.0,0,2011-09-10 12:50:00
12811,0,0.0,0,2011-09-10 12:50:00
12814,0,0.0,0,2011-09-10 12:50:00
12815,0,0.0,0,2011-09-10 12:50:00
12816,0,0.0,0,2011-09-10 12:50:00
12817,0,0.0,0,2011-09-10 12:50:00
12818,0,0.0,0,2011-09-10 12:50:00
12820,3,771.88,1,2011-09-10 12:50:00
12821,0,0.0,0,2011-09-10 12:50:00
12823,1,535.5,1,2011-09-10 12:50:00
12826,3,656.1,1,2011-09-10 12:50:00
12828,3,603.2,1,2011-09-10 12:50:00
12829,0,0.0,0,2011-09-10 12:50:00
12830,1,400.32000000000005,1,2011-09-10 12:50:00
12831,0,0.0,0,2011-09-10 12:50:00
12832,1,115.23,1,2011-09-10 12:50:00
12833,0,0.0,0,2011-09-10 12:50:00
12834,0,0.0,0,2011-09-10 12:50:00
12836,1,497.83000000000004,1,2011-09-10 12:50:00
12837,0,0.0,0,2011-09-10 12:50:00
12838,1,281.16,1,2011-09-10 12:50:00
12839,5,2494.03,1,2011-09-10 12:50:00
12840,0,0.0,0,2011-09-10 12:50:00
12841,8,1161.67,1,2011-09-10 12:50:00
12842,1,808.26,1,2011-09-10 12:50:00
12843,1,9.95,1,2011-09-10 12:50:00
12844,1,151.08,1,2011-09-10 12:50:00
12845,0,0.0,0,2011-09-10 12:50:00
12849,1,341.44,1,2011-09-10 12:50:00
12851,0,0.0,0,2011-09-10 12:50:00
12852,0,0.0,0,2011-09-10 12:50:00
12853,0,0.0,0,2011-09-10 12:50:00
12854,1,505.88,1,2011-09-10 12:50:00
12855,0,0.0,0,2011-09-10 12:50:00
12857,0,0.0,0,2011-09-10 12:50:00
12864,0,0.0,0,2011-09-10 12:50:00
12865,1,586.85,1,2011-09-10 12:50:00
12866,0,0.0,0,2011-09-10 12:50:00
12867,1,993.38,1,2011-09-10 12:50:00
12868,0,0.0,0,2011-09-10 12:50:00
12871,1,248.64,1,2011-09-10 12:50:00
12872,0,0.0,0,2011-09-10 12:50:00
12873,0,0.0,0,2011-09-10 12:50:00
12875,0,0.0,0,2011-09-10 12:50:00
12876,1,1386.5900000000001,1,2011-09-10 12:50:00
12877,3,476.54,1,2011-09-10 12:50:00
12878,0,0.0,0,2011-09-10 12:50:00
12879,2,432.72,1,2011-09-10 12:50:00
12881,0,0.0,0,2011-09-10 12:50:00
12885,2,529.87,1,2011-09-10 12:50:00
12886,1,603.4,1,2011-09-10 12:50:00
12888,0,0.0,0,2011-09-10 12:50:00
12891,0,0.0,0,2011-09-10 12:50:00
12897,0,0.0,0,2011-09-10 12:50:00
12901,9,6015.07,1,2011-09-10 12:50:00
12902,0,0.0,0,2011-09-10 12:50:00
12904,1,251.37,1,2011-09-10 12:50:00
12908,0,0.0,0,2011-09-10 12:50:00
12909,2,650.3000000000001,1,2011-09-10 12:50:00
12910,4,1588.14,1,2011-09-10 12:50:00
12913,2,1617.24,1,2011-09-10 12:50:00
12915,0,0.0,0,2011-09-10 12:50:00
12916,0,0.0,0,2011-09-10 12:50:00
12917,0,0.0,0,2011-09-10 12:50:00
12919,3,893.54,1,2011-09-10 12:50:00
12921,13,6503.62,1,2011-09-10 12:50:00
12922,0,0.0,0,2011-09-10 12:50:00
12924,1,278.43,1,2011-09-10 12:50:00
12928,2,926.56,1,2011-09-10 12:50:00
12929,0,0.0,0,2011-09-10 12:50:00
12930,1,194.24,1,2011-09-10 12:50:00
12931,4,9525.26,1,2011-09-10 12:50:00
12933,1,250.04,1,2011-09-10 12:50:00
12935,3,625.36,1,2011-09-10 12:50:00
12937,2,1076.04,1,2011-09-10 12:50:00
12939,4,3591.72,1,2011-09-10 12:50:00
12942,0,0.0,0,2011-09-10 12:50:00
12944,1,317.56,1,2011-09-10 12:50:00
12945,0,0.0,0,2011-09-10 12:50:00
12947,0,0.0,0,2011-09-10 12:50:00
12948,3,640.99,1,2011-09-10 12:50:00
12949,1,717.8000000000001,1,2011-09-10 12:50:00
12951,1,312.29,1,2011-09-10 12:50:00
12955,5,2913.8,1,2011-09-10 12:50:00
12956,0,0.0,0,2011-09-10 12:50:00
12957,4,2302.25,1,2011-09-10 12:50:00
12962,1,95.85000000000001,1,2011-09-10 12:50:00
12963,7,1490.83,1,2011-09-10 12:50:00
12967,0,0.0,0,2011-09-10 12:50:00
12968,0,0.0,0,2011-09-10 12:50:00
12970,2,381.67,1,2011-09-10 12:50:00
12971,22,3024.59,1,2011-09-10 12:50:00
12974,0,0.0,0,2011-09-10 12:50:00
12976,0,0.0,0,2011-09-10 12:50:00
12977,0,0.0,0,2011-09-10 12:50:00
12980,0,0.0,0,2011-09-10 12:50:00
12981,1,185.04,1,2011-09-10 12:50:00
12982,0,0.0,0,2011-09-10 12:50:00
12987,1,254.4,1,2011-09-10 12:50:00
12988,0,0.0,0,2011-09-10 12:50:00
12989,7,2454.97,1,2011-09-10 12:50:00
12990,1,145.6,1,2011-09-10 12:50:00
12991,1,200.2,1,2011-09-10 12:50:00
12993,1,42.36000000000001,1,2011-09-10 12:50:00
12994,1,328.95,1,2011-09-10 12:50:00
12997,2,618.42,1,2011-09-10 12:50:00
12999,0,0.0,0,2011-09-10 12:50:00
13000,0,0.0,0,2011-09-10 12:50:00
13001,2,1203.3999999999999,1,2011-09-10 12:50:00
13002,0,0.0,0,2011-09-10 12:50:00
13003,0,0.0,0,2011-09-10 12:50:00
13004,6,1870.82,1,2011-09-10 12:50:00
13005,0,0.0,0,2011-09-10 12:50:00
13008,0,0.0,0,2011-09-10 12:50:00
13011,0,0.0,0,2011-09-10 12:50:00
13012,4,634.53,1,2011-09-10 12:50:00
13013,4,1124.8500000000001,1,2011-09-10 12:50:00
13014,5,1443.8,1,2011-09-10 12:50:00
13015,1,1576.6,1,2011-09-10 12:50:00
13016,2,364.64,1,2011-09-10 12:50:00
13018,10,2201.9900000000002,1,2011-09-10 12:50:00
13021,5,1463.91,1,2011-09-10 12:50:00
13023,1,308.5,1,2011-09-10 12:50:00
13026,2,371.15999999999997,1,2011-09-10 12:50:00
13027,0,0.0,0,2011-09-10 12:50:00
13029,1,474.3,1,2011-09-10 12:50:00
13030,1,350.08,1,2011-09-10 12:50:00
13033,0,0.0,0,2011-09-10 12:50:00
13034,1,476.91,1,2011-09-10 12:50:00
13035,1,588.88,1,2011-09-10 12:50:00
13037,0,0.0,0,2011-09-10 12:50:00
13038,1,316.70000000000005,1,2011-09-10 12:50:00
13043,0,0.0,0,2011-09-10 12:50:00
13044,0,0.0,0,2011-09-10 12:50:00
13045,0,0.0,0,2011-09-10 12:50:00
13046,1,431.59,1,2011-09-10 12:50:00
13047,1,550.58,1,2011-09-10 12:50:00
13048,1,460.86,1,2011-09-10 12:50:00
13049,1,502.90000000000003,1,2011-09-10 12:50:00
13050,4,1327.1200000000001,1,2011-09-10 12:50:00
13052,0,0.0,0,2011-09-10 12:50:00
13055,2,869.55,1,2011-09-10 12:50:00
13058,2,223.85,1,2011-09-10 12:50:00
13059,0,0.0,0,2011-09-10 12:50:00
13060,0,0.0,0,2011-09-10 12:50:00
13062,0,0.0,0,2011-09-10 12:50:00
13064,2,446.34000000000003,1,2011-09-10 12:50:00
13065,0,0.0,0,2011-09-10 12:50:00
13068,1,179.0,1,2011-09-10 12:50:00
13069,4,561.42,1,2011-09-10 12:50:00
13070,0,0.0,0,2011-09-10 12:50:00
13072,0,0.0,0,2011-09-10 12:50:00
13075,0,0.0,0,2011-09-10 12:50:00
13077,1,151.83,1,2011-09-10 12:50:00
13078,11,5710.79,1,2011-09-10 12:50:00
13079,3,160.60000000000002,1,2011-09-10 12:50:00
13080,0,0.0,0,2011-09-10 12:50:00
13081,3,9467.26,1,2011-09-10 12:50:00
13082,0,0.0,0,2011-09-10 12:50:00
13085,0,0.0,0,2011-09-10 12:50:00
13089,26,15501.34,1,2011-09-10 12:50:00
13090,5,3998.8,1,2011-09-10 12:50:00
13092,1,38.08,1,2011-09-10 12:50:00
13093,0,0.0,0,2011-09-10 12:50:00
13094,2,381.6,1,2011-09-10 12:50:00
13097,2,1366.71,1,2011-09-10 12:50:00
13098,10,13712.98,1,2011-09-10 12:50:00
13099,0,0.0,0,2011-09-10 12:50:00
13101,0,0.0,0,2011-09-10 12:50:00
13102,5,1462.39,1,2011-09-10 12:50:00
13104,3,722.04,1,2011-09-10 12:50:00
13106,0,0.0,0,2011-09-10 12:50:00
13107,2,596.4,1,2011-09-10 12:50:00
13108,0,0.0,0,2011-09-10 12:50:00
13109,1,416.69,1,2011-09-10 12:50:00
13110,2,446.43,1,2011-09-10 12:50:00
13113,4,1458.9,1,2011-09-10 12:50:00
13115,3,1416.23,1,2011-09-10 12:50:00
13116,0,0.0,0,2011-09-10 12:50:00
13117,1,143.14,1,2011-09-10 12:50:00
13118,2,398.11,1,2011-09-10 12:50:00
13120,0,0.0,0,2011-09-10 12:50:00
13121,0,0.0,0,2011-09-10 12:50:00
13122,0,0.0,0,2011-09-10 12:50:00
13124,1,1239.86,1,2011-09-10 12:50:00
13126,3,1022.22,1,2011-09-10 12:50:00
13130,0,0.0,0,2011-09-10 12:50:00
13131,2,748.4,1,2011-09-10 12:50:00
13132,0,0.0,0,2011-09-10 12:50:00
13133,0,0.0,0,2011-09-10 12:50:00
13134,1,907.84,1,2011-09-10 12:50:00
13135,0,0.0,0,2011-09-10 12:50:00
13136,2,1380.93,1,2011-09-10 12:50:00
13137,3,1714.97,1,2011-09-10 12:50:00
13138,3,472.94,1,2011-09-10 12:50:00
13139,4,3354.0,1,2011-09-10 12:50:00
13140,0,0.0,0,2011-09-10 12:50:00
13141,1,987.72,1,2011-09-10 12:50:00
13144,0,0.0,0,2011-09-10 12:50:00
13145,1,118.8,1,2011-09-10 12:50:00
13147,3,594.0,1,2011-09-10 12:50:00
13148,2,917.25,1,2011-09-10 12:50:00
13149,1,543.44,1,2011-09-10 12:50:00
13151,0,0.0,0,2011-09-10 12:50:00
13155,2,402.56,1,2011-09-10 12:50:00
13157,1,868.02,1,2011-09-10 12:50:00
13158,0,0.0,0,2011-09-10 12:50:00
13159,2,586.26,1,2011-09-10 12:50:00
13161,0,0.0,0,2011-09-10 12:50:00
13162,0,0.0,0,2011-09-10 12:50:00
13165,1,666.8399999999999,1,2011-09-10 12:50:00
13166,0,0.0,0,2011-09-10 12:50:00
13167,2,361.78,1,2011-09-10 12:50:00
13168,1,346.53000000000003,1,2011-09-10 12:50:00
13169,1,207.68,1,2011-09-10 12:50:00
13171,2,328.06,1,2011-09-10 12:50:00
13173,1,187.71,1,2011-09-10 12:50:00
13174,1,708.76,1,2011-09-10 12:50:00
13178,3,1333.74,1,2011-09-10 12:50:00
13183,3,1562.8000000000002,1,2011-09-10 12:50:00
13184,1,196.85,1,2011-09-10 12:50:00
13185,0,0.0,0,2011-09-10 12:50:00
13186,1,273.95,1,2011-09-10 12:50:00
13187,0,0.0,0,2011-09-10 12:50:00
13189,1,133.68,1,2011-09-10 12:50:00
13192,0,0.0,0,2011-09-10 12:50:00
13194,0,0.0,0,2011-09-10 12:50:00
13196,3,1285.65,1,2011-09-10 12:50:00
13198,1,392.06,1,2011-09-10 12:50:00
13199,16,5076.96,1,2011-09-10 12:50:00
13200,3,550.77,1,2011-09-10 12:50:00
13203,2,559.6,1,2011-09-10 12:50:00
13207,1,52.74,1,2011-09-10 12:50:00
13208,1,364.35,1,2011-09-10 12:50:00
13209,3,1735.53,1,2011-09-10 12:50:00
13210,0,0.0,0,2011-09-10 12:50:00
13211,1,310.78,1,2011-09-10 12:50:00
13213,1,556.7,1,2011-09-10 12:50:00
13216,0,0.0,0,2011-09-10 12:50:00
13217,0,0.0,0,2011-09-10 12:50:00
13218,0,0.0,0,2011-09-10 12:50:00
13220,1,92.8,1,2011-09-10 12:50:00
13221,0,0.0,0,2011-09-10 12:50:00
13223,0,0.0,0,2011-09-10 12:50:00
13224,1,940.69,1,2011-09-10 12:50:00
13225,2,2164.28,1,2011-09-10 12:50:00
13226,0,0.0,0,2011-09-10 12:50:00
13227,0,0.0,0,2011-09-10 12:50:00
13229,0,0.0,0,2011-09-10 12:50:00
13230,2,560.4,1,2011-09-10 12:50:00
13232,2,309.3,1,2011-09-10 12:50:00
13233,1,300.88,1,2011-09-10 12:50:00
13235,0,0.0,0,2011-09-10 12:50:00
13236,1,305.62,1,2011-09-10 12:50:00
13238,2,381.88,1,2011-09-10 12:50:00
13239,0,0.0,0,2011-09-10 12:50:00
13240,0,0.0,0,2011-09-10 12:50:00
13242,0,0.0,0,2011-09-10 12:50:00
13243,0,0.0,0,2011-09-10 12:50:00
13244,0,0.0,0,2011-09-10 12:50:00
13246,1,123.01,1,2011-09-10 12:50:00
13248,0,0.0,0,2011-09-10 12:50:00
13249,0,0.0,0,2011-09-10 12:50:00
13253,0,0.0,0,2011-09-10 12:50:00
13255,1,173.81,1,2011-09-10 12:50:00
13258,2,473.96,1,2011-09-10 12:50:00
13261,0,0.0,0,2011-09-10 12:50:00
13262,0,0.0,0,2011-09-10 12:50:00
13263,11,2567.14,1,2011-09-10 12:50:00
13265,2,642.0,1,2011-09-10 12:50:00
13266,4,1298.68,1,2011-09-10 12:50:00
13267,4,1402.15,1,2011-09-10 12:50:00
13268,4,1034.9,1,2011-09-10 12:50:00
13269,7,2364.78,1,2011-09-10 12:50:00
13270,0,0.0,0,2011-09-10 12:50:00
13273,0,0.0,0,2011-09-10 12:50:00
13276,1,453.55,1,2011-09-10 12:50:00
13277,2,132.5,1,2011-09-10 12:50:00
13280,0,0.0,0,2011-09-10 12:50:00
13282,1,359.04,1,2011-09-10 12:50:00
13283,1,68.16,1,2011-09-10 12:50:00
13284,0,0.0,0,2011-09-10 12:50:00
13285,1,739.02,1,2011-09-10 12:50:00
13291,0,0.0,0,2011-09-10 12:50:00
13292,1,329.37,1,2011-09-10 12:50:00
13294,0,0.0,0,2011-09-10 12:50:00
13295,0,0.0,0,2011-09-10 12:50:00
13296,0,0.0,0,2011-09-10 12:50:00
13299,0,0.0,0,2011-09-10 12:50:00
13300,0,0.0,0,2011-09-10 12:50:00
13301,0,0.0,0,2011-09-10 12:50:00
13302,0,0.0,0,2011-09-10 12:50:00
13304,0,0.0,0,2011-09-10 12:50:00
13305,2,529.61,1,2011-09-10 12:50:00
13307,0,0.0,0,2011-09-10 12:50:00
13308,2,570.5600000000001,1,2011-09-10 12:50:00
13309,3,910.15,1,2011-09-10 12:50:00
13310,1,314.38,1,2011-09-10 12:50:00
13311,1,108.46000000000001,1,2011-09-10 12:50:00
13313,2,636.98,1,2011-09-10 12:50:00
13316,2,2197.75,1,2011-09-10 12:50:00
13317,1,959.7,1,2011-09-10 12:50:00
13319,7,3455.08,1,2011-09-10 12:50:00
13320,1,551.05,1,2011-09-10 12:50:00
13324,3,3322.96,1,2011-09-10 12:50:00
13327,1,889.02,1,2011-09-10 12:50:00
13328,0,0.0,0,2011-09-10 12:50:00
13329,1,484.79999999999995,1,2011-09-10 12:50:00
13330,0,0.0,0,2011-09-10 12:50:00
13334,1,793.73,1,2011-09-10 12:50:00
13338,0,0.0,0,2011-09-10 12:50:00
13339,0,0.0,0,2011-09-10 12:50:00
13340,2,1506.94,1,2011-09-10 12:50:00
13341,0,0.0,0,2011-09-10 12:50:00
13343,0,0.0,0,2011-09-10 12:50:00
13344,2,855.54,1,2011-09-10 12:50:00
13345,0,0.0,0,2011-09-10 12:50:00
13355,0,0.0,0,2011-09-10 12:50:00
13357,0,0.0,0,2011-09-10 12:50:00
13358,0,0.0,0,2011-09-10 12:50:00
13362,2,1509.21,1,2011-09-10 12:50:00
13365,1,1524.77,1,2011-09-10 12:50:00
13368,0,0.0,0,2011-09-10 12:50:00
13369,0,0.0,0,2011-09-10 12:50:00
13370,0,0.0,0,2011-09-10 12:50:00
13373,1,1256.67,1,2011-09-10 12:50:00
13376,0,0.0,0,2011-09-10 12:50:00
13379,2,436.27,1,2011-09-10 12:50:00
13381,2,1177.98,1,2011-09-10 12:50:00
13382,0,0.0,0,2011-09-10 12:50:00
13384,5,2396.09,1,2011-09-10 12:50:00
13385,0,0.0,0,2011-09-10 12:50:00
13388,0,0.0,0,2011-09-10 12:50:00
13389,2,540.07,1,2011-09-10 12:50:00
13391,0,0.0,0,2011-09-10 12:50:00
13394,3,976.57,1,2011-09-10 12:50:00
13395,0,0.0,0,2011-09-10 12:50:00
13396,1,973.72,1,2011-09-10 12:50:00
13397,1,315.94,1,2011-09-10 12:50:00
13398,0,0.0,0,2011-09-10 12:50:00
13402,0,0.0,0,2011-09-10 12:50:00
13404,1,34.68,1,2011-09-10 12:50:00
13405,0,0.0,0,2011-09-10 12:50:00
13408,21,10280.36,1,2011-09-10 12:50:00
13410,2,458.02,1,2011-09-10 12:50:00
13411,0,0.0,0,2011-09-10 12:50:00
13414,0,0.0,0,2011-09-10 12:50:00
13417,1,404.83,1,2011-09-10 12:50:00
13418,3,1383.3,1,2011-09-10 12:50:00
13420,0,0.0,0,2011-09-10 12:50:00
13421,1,1008.67,1,2011-09-10 12:50:00
13425,0,0.0,0,2011-09-10 12:50:00
13426,5,2082.64,1,2011-09-10 12:50:00
13427,1,117.74000000000001,1,2011-09-10 12:50:00
13434,1,461.40000000000003,1,2011-09-10 12:50:00
13435,4,2721.77,1,2011-09-10 12:50:00
13437,3,1234.46,1,2011-09-10 12:50:00
13439,0,0.0,0,2011-09-10 12:50:00
13441,0,0.0,0,2011-09-10 12:50:00
13448,2,2111.4300000000003,1,2011-09-10 12:50:00
13450,2,622.26,1,2011-09-10 12:50:00
13451,1,512.76,1,2011-09-10 12:50:00
13452,0,0.0,0,2011-09-10 12:50:00
13453,0,0.0,0,2011-09-10 12:50:00
13455,1,365.4,1,2011-09-10 12:50:00
13456,3,911.6600000000001,1,2011-09-10 12:50:00
13458,4,1968.15,1,2011-09-10 12:50:00
13461,1,560.8,1,2011-09-10 12:50:00
13462,0,0.0,0,2011-09-10 12:50:00
13466,0,0.0,0,2011-09-10 12:50:00
13468,8,965.95,1,2011-09-10 12:50:00
13470,0,0.0,0,2011-09-10 12:50:00
13473,1,181.38,1,2011-09-10 12:50:00
13474,0,0.0,0,2011-09-10 12:50:00
13475,0,0.0,0,2011-09-10 12:50:00
13476,0,0.0,0,2011-09-10 12:50:00
13477,2,555.03,1,2011-09-10 12:50:00
13479,0,0.0,0,2011-09-10 12:50:00
13481,1,443.23,1,2011-09-10 12:50:00
13482,0,0.0,0,2011-09-10 12:50:00
13484,0,0.0,0,2011-09-10 12:50:00
13485,0,0.0,0,2011-09-10 12:50:00
13486,1,302.8,1,2011-09-10 12:50:00
13487,1,166.6,1,2011-09-10 12:50:00
13488,4,2371.93,1,2011-09-10 12:50:00
13489,0,0.0,0,2011-09-10 12:50:00
13491,1,127.37,1,2011-09-10 12:50:00
13492,0,0.0,0,2011-09-10 12:50:00
13493,0,0.0,0,2011-09-10 12:50:00
13494,0,0.0,0,2011-09-10 12:50:00
13495,2,972.44,1,2011-09-10 12:50:00
13496,1,152.32,1,2011-09-10 12:50:00
13497,0,0.0,0,2011-09-10 12:50:00
13499,3,695.3199999999999,1,2011-09-10 12:50:00
13500,2,840.37,1,2011-09-10 12:50:00
13501,0,0.0,0,2011-09-10 12:50:00
13502,1,102.83999999999999,1,2011-09-10 12:50:00
13505,1,1490.51,1,2011-09-10 12:50:00
13506,0,0.0,0,2011-09-10 12:50:00
13507,1,456.37,1,2011-09-10 12:50:00
13508,0,0.0,0,2011-09-10 12:50:00
13509,2,274.7,1,2011-09-10 12:50:00
13510,2,893.75,1,2011-09-10 12:50:00
13512,0,0.0,0,2011-09-10 12:50:00
13513,0,0.0,0,2011-09-10 12:50:00
13515,1,367.16,1,2011-09-10 12:50:00
13516,2,1243.41,1,2011-09-10 12:50:00
13517,1,516.24,1,2011-09-10 12:50:00
13520,1,596.37,1,2011-09-10 12:50:00
13523,2,1595.64,1,2011-09-10 12:50:00
13524,2,271.32,1,2011-09-10 12:50:00
13525,1,345.9,1,2011-09-10 12:50:00
13527,3,879.84,1,2011-09-10 12:50:00
13529,1,126.66000000000001,1,2011-09-10 12:50:00
13531,0,0.0,0,2011-09-10 12:50:00
13533,0,0.0,0,2011-09-10 12:50:00
13534,4,1498.55,1,2011-09-10 12:50:00
13538,1,290.1,1,2011-09-10 12:50:00
13539,1,315.69,1,2011-09-10 12:50:00
13544,1,163.05,1,2011-09-10 12:50:00
13546,2,438.83,1,2011-09-10 12:50:00
13548,0,0.0,0,2011-09-10 12:50:00
13549,2,156.15,1,2011-09-10 12:50:00
13551,0,0.0,0,2011-09-10 12:50:00
13552,3,977.1600000000001,1,2011-09-10 12:50:00
13555,2,2508.83,1,2011-09-10 12:50:00
13557,1,343.38,1,2011-09-10 12:50:00
13561,0,0.0,0,2011-09-10 12:50:00
13562,1,589.6,1,2011-09-10 12:50:00
13563,1,466.65,1,2011-09-10 12:50:00
13564,0,0.0,0,2011-09-10 12:50:00
13565,1,130.04,1,2011-09-10 12:50:00
13568,0,0.0,0,2011-09-10 12:50:00
13569,1,227.3,1,2011-09-10 12:50:00
13570,0,0.0,0,2011-09-10 12:50:00
13571,5,1005.11,1,2011-09-10 12:50:00
13572,0,0.0,0,2011-09-10 12:50:00
13573,1,258.48,1,2011-09-10 12:50:00
13575,3,513.32,1,2011-09-10 12:50:00
13576,5,1876.4,1,2011-09-10 12:50:00
13577,1,493.8,1,2011-09-10 12:50:00
13579,1,302.34000000000003,1,2011-09-10 12:50:00
13581,0,0.0,0,2011-09-10 12:50:00
13583,0,0.0,0,2011-09-10 12:50:00
13584,0,0.0,0,2011-09-10 12:50:00
13588,5,1058.23,1,2011-09-10 12:50:00
13589,1,232.65,1,2011-09-10 12:50:00
13590,2,865.54,1,2011-09-10 12:50:00
13591,1,340.9,1,2011-09-10 12:50:00
13592,1,42.45,1,2011-09-10 12:50:00
13593,0,0.0,0,2011-09-10 12:50:00
13599,13,2836.08,1,2011-09-10 12:50:00
13600,0,0.0,0,2011-09-10 12:50:00
13601,1,320.12,1,2011-09-10 12:50:00
13606,1,30.119999999999997,1,2011-09-10 12:50:00
13610,2,317.57,1,2011-09-10 12:50:00
13611,1,517.6800000000001,1,2011-09-10 12:50:00
13614,2,806.58,1,2011-09-10 12:50:00
13615,0,0.0,0,2011-09-10 12:50:00
13617,1,178.48,1,2011-09-10 12:50:00
13618,0,0.0,0,2011-09-10 12:50:00
13621,0,0.0,0,2011-09-10 12:50:00
13623,1,188.57,1,2011-09-10 12:50:00
13626,0,0.0,0,2011-09-10 12:50:00
13627,2,611.47,1,2011-09-10 12:50:00
13629,3,2074.0,1,2011-09-10 12:50:00
13630,2,670.3199999999999,1,2011-09-10 12:50:00
13631,0,0.0,0,2011-09-10 12:50:00
13632,2,1306.67,1,2011-09-10 12:50:00
13634,2,791.39,1,2011-09-10 12:50:00
13636,1,302.57,1,2011-09-10 12:50:00
13637,1,125.65,1,2011-09-10 12:50:00
13642,0,0.0,0,2011-09-10 12:50:00
13643,1,260.04,1,2011-09-10 12:50:00
13644,3,1773.17,1,2011-09-10 12:50:00
13645,0,0.0,0,2011-09-10 12:50:00
13647,2,844.26,1,2011-09-10 12:50:00
13649,0,0.0,0,2011-09-10 12:50:00
13650,4,1090.82,1,2011-09-10 12:50:00
13652,1,456.84000000000003,1,2011-09-10 12:50:00
13654,2,993.0600000000001,1,2011-09-10 12:50:00
13655,0,0.0,0,2011-09-10 12:50:00
13656,0,0.0,0,2011-09-10 12:50:00
13657,1,229.8,1,2011-09-10 12:50:00
13658,4,1705.87,1,2011-09-10 12:50:00
13659,0,0.0,0,2011-09-10 12:50:00
13662,1,364.82,1,2011-09-10 12:50:00
13663,0,0.0,0,2011-09-10 12:50:00
13666,1,20.6,1,2011-09-10 12:50:00
13667,0,0.0,0,2011-09-10 12:50:00
13668,5,1408.8600000000001,1,2011-09-10 12:50:00
13669,1,170.39999999999998,1,2011-09-10 12:50:00
13672,0,0.0,0,2011-09-10 12:50:00
13675,0,0.0,0,2011-09-10 12:50:00
13678,0,0.0,0,2011-09-10 12:50:00
13680,2,1327.53,1,2011-09-10 12:50:00
13681,3,624.37,1,2011-09-10 12:50:00
13682,0,0.0,0,2011-09-10 12:50:00
13684,0,0.0,0,2011-09-10 12:50:00
13686,0,0.0,0,2011-09-10 12:50:00
13692,1,616.74,1,2011-09-10 12:50:00
13694,11,19127.98,1,2011-09-10 12:50:00
13695,3,737.0600000000001,1,2011-09-10 12:50:00
13699,0,0.0,0,2011-09-10 12:50:00
13700,2,613.86,1,2011-09-10 12:50:00
13703,0,0.0,0,2011-09-10 12:50:00
13705,1,189.18,1,2011-09-10 12:50:00
13706,0,0.0,0,2011-09-10 12:50:00
13707,0,0.0,0,2011-09-10 12:50:00
13708,0,0.0,0,2011-09-10 12:50:00
13709,8,3388.84,1,2011-09-10 12:50:00
13711,0,0.0,0,2011-09-10 12:50:00
13712,0,0.0,0,2011-09-10 12:50:00
13715,0,0.0,0,2011-09-10 12:50:00
13716,0,0.0,0,2011-09-10 12:50:00
13717,2,489.02,1,2011-09-10 12:50:00
13718,0,0.0,0,2011-09-10 12:50:00
13719,3,702.9399999999999,1,2011-09-10 12:50:00
13720,0,0.0,0,2011-09-10 12:50:00
13722,0,0.0,0,2011-09-10 12:50:00
13723,0,0.0,0,2011-09-10 12:50:00
13725,1,114.86,1,2011-09-10 12:50:00
13726,1,786.98,1,2011-09-10 12:50:00
13728,1,219.12,1,2011-09-10 12:50:00
13730,0,0.0,0,2011-09-10 12:50:00
13731,0,0.0,0,2011-09-10 12:50:00
13735,2,1473.85,1,2011-09-10 12:50:00
13736,1,372.27,1,2011-09-10 12:50:00
13737,0,0.0,0,2011-09-10 12:50:00
13740,0,0.0,0,2011-09-10 12:50:00
13741,1,305.3,1,2011-09-10 12:50:00
13742,2,475.3,1,2011-09-10 12:50:00
13743,2,429.48,1,2011-09-10 12:50:00
13744,0,0.0,0,2011-09-10 12:50:00
13745,0,0.0,0,2011-09-10 12:50:00
13747,0,0.0,0,2011-09-10 12:50:00
13748,0,0.0,0,2011-09-10 12:50:00
13750,1,330.63,1,2011-09-10 12:50:00
13751,0,0.0,0,2011-09-10 12:50:00
13752,0,0.0,0,2011-09-10 12:50:00
13753,0,0.0,0,2011-09-10 12:50:00
13754,0,0.0,0,2011-09-10 12:50:00
13756,6,2217.19,1,2011-09-10 12:50:00
13758,2,839.03,1,2011-09-10 12:50:00
13760,1,151.70000000000002,1,2011-09-10 12:50:00
13761,1,578.94,1,2011-09-10 12:50:00
13762,0,0.0,0,2011-09-10 12:50:00
13764,1,573.13,1,2011-09-10 12:50:00
13767,9,7543.990000000001,1,2011-09-10 12:50:00
13769,2,619.89,1,2011-09-10 12:50:00
13771,2,1169.6,1,2011-09-10 12:50:00
13772,1,439.66,1,2011-09-10 12:50:00
13777,9,13616.92,1,2011-09-10 12:50:00
13778,0,0.0,0,2011-09-10 12:50:00
13780,1,243.73000000000002,1,2011-09-10 12:50:00
13781,0,0.0,0,2011-09-10 12:50:00
13782,3,424.07,1,2011-09-10 12:50:00
13784,2,338.64,1,2011-09-10 12:50:00
13786,0,0.0,0,2011-09-10 12:50:00
13787,1,202.64,1,2011-09-10 12:50:00
13791,0,0.0,0,2011-09-10 12:50:00
13792,1,120.95,1,2011-09-10 12:50:00
13798,15,7992.71,1,2011-09-10 12:50:00
13799,0,0.0,0,2011-09-10 12:50:00
13800,0,0.0,0,2011-09-10 12:50:00
13802,0,0.0,0,2011-09-10 12:50:00
13803,0,0.0,0,2011-09-10 12:50:00
13804,3,1062.38,1,2011-09-10 12:50:00
13805,1,424.36,1,2011-09-10 12:50:00
13807,0,0.0,0,2011-09-10 12:50:00
13808,3,1024.56,1,2011-09-10 12:50:00
13809,0,0.0,0,2011-09-10 12:50:00
13811,0,0.0,0,2011-09-10 12:50:00
13812,2,224.26,1,2011-09-10 12:50:00
13813,3,837.72,1,2011-09-10 12:50:00
13814,0,0.0,0,2011-09-10 12:50:00
13815,2,977.61,1,2011-09-10 12:50:00
13817,1,218.28,1,2011-09-10 12:50:00
13819,0,0.0,0,2011-09-10 12:50:00
13821,0,0.0,0,2011-09-10 12:50:00
13823,1,307.24,1,2011-09-10 12:50:00
13824,1,269.1,1,2011-09-10 12:50:00
13826,0,0.0,0,2011-09-10 12:50:00
13827,1,109.04,1,2011-09-10 12:50:00
13831,2,747.5999999999999,1,2011-09-10 12:50:00
13833,0,0.0,0,2011-09-10 12:50:00
13835,2,297.23,1,2011-09-10 12:50:00
13837,0,0.0,0,2011-09-10 12:50:00
13838,1,207.28,1,2011-09-10 12:50:00
13841,0,0.0,0,2011-09-10 12:50:00
13842,2,1220.35,1,2011-09-10 12:50:00
13846,1,201.13,1,2011-09-10 12:50:00
13848,0,0.0,0,2011-09-10 12:50:00
13849,1,944.37,1,2011-09-10 12:50:00
13850,0,0.0,0,2011-09-10 12:50:00
13851,0,0.0,0,2011-09-10 12:50:00
13854,5,1640.36,1,2011-09-10 12:50:00
13856,0,0.0,0,2011-09-10 12:50:00
13859,0,0.0,0,2011-09-10 12:50:00
13862,2,428.06,1,2011-09-10 12:50:00
13863,0,0.0,0,2011-09-10 12:50:00
13865,1,118.22,1,2011-09-10 12:50:00
13867,2,866.24,1,2011-09-10 12:50:00
13869,0,0.0,0,2011-09-10 12:50:00
13870,3,591.47,1,2011-09-10 12:50:00
13871,4,1790.6100000000001,1,2011-09-10 12:50:00
13873,0,0.0,0,2011-09-10 12:50:00
13874,0,0.0,0,2011-09-10 12:50:00
13875,1,361.99,1,2011-09-10 12:50:00
13880,5,1539.01,1,2011-09-10 12:50:00
13881,9,7760.84,1,2011-09-10 12:50:00
13883,1,931.7,1,2011-09-10 12:50:00
13884,2,591.35,1,2011-09-10 12:50:00
13885,0,0.0,0,2011-09-10 12:50:00
13887,0,0.0,0,2011-09-10 12:50:00
13888,0,0.0,0,2011-09-10 12:50:00
13889,0,0.0,0,2011-09-10 12:50:00
13890,8,1382.7,1,2011-09-10 12:50:00
13892,3,578.45,1,2011-09-10 12:50:00
13893,0,0.0,0,2011-09-10 12:50:00
13894,2,403.77,1,2011-09-10 12:50:00
13895,2,1655.77,1,2011-09-10 12:50:00
13898,0,0.0,0,2011-09-10 12:50:00
13899,1,90.02,1,2011-09-10 12:50:00
13900,0,0.0,0,2011-09-10 12:50:00
13901,1,214.92000000000002,1,2011-09-10 12:50:00
13904,1,131.52,1,2011-09-10 12:50:00
13908,1,907.94,1,2011-09-10 12:50:00
13911,1,143.28,1,2011-09-10 12:50:00
13917,1,206.66,1,2011-09-10 12:50:00
13918,1,1014.6400000000001,1,2011-09-10 12:50:00
13919,1,153.66,1,2011-09-10 12:50:00
13922,0,0.0,0,2011-09-10 12:50:00
13925,0,0.0,0,2011-09-10 12:50:00
13928,2,239.12,1,2011-09-10 12:50:00
13929,0,0.0,0,2011-09-10 12:50:00
13930,1,127.34,1,2011-09-10 12:50:00
13931,0,0.0,0,2011-09-10 12:50:00
13932,0,0.0,0,2011-09-10 12:50:00
13933,0,0.0,0,2011-09-10 12:50:00
13934,0,0.0,0,2011-09-10 12:50:00
13936,0,0.0,0,2011-09-10 12:50:00
13937,0,0.0,0,2011-09-10 12:50:00
13939,1,178.34,1,2011-09-10 12:50:00
13940,2,448.08000000000004,1,2011-09-10 12:50:00
13941,2,2281.7000000000003,1,2011-09-10 12:50:00
13946,1,75.6,1,2011-09-10 12:50:00
13948,0,0.0,0,2011-09-10 12:50:00
13949,5,1889.42,1,2011-09-10 12:50:00
13950,3,565.75,1,2011-09-10 12:50:00
13951,0,0.0,0,2011-09-10 12:50:00
13952,0,0.0,0,2011-09-10 12:50:00
13953,2,911.32,1,2011-09-10 12:50:00
13955,0,0.0,0,2011-09-10 12:50:00
13956,2,343.2,1,2011-09-10 12:50:00
13959,1,256.6,1,2011-09-10 12:50:00
13962,1,51.95,1,2011-09-10 12:50:00
13963,0,0.0,0,2011-09-10 12:50:00
13967,0,0.0,0,2011-09-10 12:50:00
13969,7,5140.9400000000005,1,2011-09-10 12:50:00
13971,2,772.36,1,2011-09-10 12:50:00
13972,1,44.349999999999994,1,2011-09-10 12:50:00
13973,0,0.0,0,2011-09-10 12:50:00
13975,2,994.57,1,2011-09-10 12:50:00
13976,0,0.0,0,2011-09-10 12:50:00
13982,1,641.6700000000001,1,2011-09-10 12:50:00
13983,4,922.37,1,2011-09-10 12:50:00
13984,1,101.18,1,2011-09-10 12:50:00
13985,8,4287.09,1,2011-09-10 12:50:00
13988,3,2224.46,1,2011-09-10 12:50:00
13989,1,369.41,1,2011-09-10 12:50:00
13990,0,0.0,0,2011-09-10 12:50:00
13991,5,725.53,1,2011-09-10 12:50:00
13993,3,1218.95,1,2011-09-10 12:50:00
13994,4,1854.5800000000002,1,2011-09-10 12:50:00
13995,2,521.79,1,2011-09-10 12:50:00
13999,3,1032.8400000000001,1,2011-09-10 12:50:00
14000,0,0.0,0,2011-09-10 12:50:00
14001,1,733.94,1,2011-09-10 12:50:00
14002,0,0.0,0,2011-09-10 12:50:00
14004,2,1379.38,1,2011-09-10 12:50:00
14005,2,2178.16,1,2011-09-10 12:50:00
14006,0,0.0,0,2011-09-10 12:50:00
14009,0,0.0,0,2011-09-10 12:50:00
14012,0,0.0,0,2011-09-10 12:50:00
14013,0,0.0,0,2011-09-10 12:50:00
14016,0,0.0,0,2011-09-10 12:50:00
14019,1,621.08,1,2011-09-10 12:50:00
14021,0,0.0,0,2011-09-10 12:50:00
14022,0,0.0,0,2011-09-10 12:50:00
14023,1,310.93,1,2011-09-10 12:50:00
14024,0,0.0,0,2011-09-10 12:50:00
14029,1,302.46,1,2011-09-10 12:50:00
14030,2,701.34,1,2011-09-10 12:50:00
14031,6,7659.83,1,2011-09-10 12:50:00
14032,5,1130.22,1,2011-09-10 12:50:00
14034,1,174.98,1,2011-09-10 12:50:00
14035,2,590.76,1,2011-09-10 12:50:00
14036,0,0.0,0,2011-09-10 12:50:00
14037,0,0.0,0,2011-09-10 12:50:00
14038,1,473.96000000000004,1,2011-09-10 12:50:00
14040,2,825.86,1,2011-09-10 12:50:00
14041,0,0.0,0,2011-09-10 12:50:00
14044,1,110.71000000000001,1,2011-09-10 12:50:00
14045,0,0.0,0,2011-09-10 12:50:00
14046,0,0.0,0,2011-09-10 12:50:00
14047,2,672.69,1,2011-09-10 12:50:00
14048,0,0.0,0,2011-09-10 12:50:00
14049,1,2333.98,1,2011-09-10 12:50:00
14050,1,260.38,1,2011-09-10 12:50:00
14051,7,6338.55,1,2011-09-10 12:50:00
14053,0,0.0,0,2011-09-10 12:50:00
14055,0,0.0,0,2011-09-10 12:50:00
14056,6,2818.7400000000002,1,2011-09-10 12:50:00
14057,4,1405.98,1,2011-09-10 12:50:00
14059,0,0.0,0,2011-09-10 12:50:00
14060,5,2037.64,1,2011-09-10 12:50:00
14062,2,1664.18,1,2011-09-10 12:50:00
14064,1,237.31,1,2011-09-10 12:50:00
14066,0,0.0,0,2011-09-10 12:50:00
14067,1,150.03,1,2011-09-10 12:50:00
14068,0,0.0,0,2011-09-10 12:50:00
14071,6,1065.94,1,2011-09-10 12:50:00
14075,2,634.34,1,2011-09-10 12:50:00
14076,0,0.0,0,2011-09-10 12:50:00
14077,2,189.01999999999998,1,2011-09-10 12:50:00
14078,0,0.0,0,2011-09-10 12:50:00
14079,0,0.0,0,2011-09-10 12:50:00
14081,0,0.0,0,2011-09-10 12:50:00
14082,0,0.0,0,2011-09-10 12:50:00
14083,2,469.51,1,2011-09-10 12:50:00
14085,6,1200.35,1,2011-09-10 12:50:00
14088,6,24983.920000000002,1,2011-09-10 12:50:00
14090,0,0.0,0,2011-09-10 12:50:00
14092,4,1331.49,1,2011-09-10 12:50:00
14096,14,53054.54,1,2011-09-10 12:50:00
14099,3,794.25,1,2011-09-10 12:50:00
14100,0,0.0,0,2011-09-10 12:50:00
14101,1,1032.4,1,2011-09-10 12:50:00
14104,0,0.0,0,2011-09-10 12:50:00
14105,0,0.0,0,2011-09-10 12:50:00
14107,1,241.29,1,2011-09-10 12:50:00
14108,1,306.58,1,2011-09-10 12:50:00
14110,7,2423.5299999999997,1,2011-09-10 12:50:00
14111,1,397.35,1,2011-09-10 12:50:00
14112,3,1014.33,1,2011-09-10 12:50:00
14113,3,1406.92,1,2011-09-10 12:50:00
14114,0,0.0,0,2011-09-10 12:50:00
14116,3,753.87,1,2011-09-10 12:50:00
14117,0,0.0,0,2011-09-10 12:50:00
14127,0,0.0,0,2011-09-10 12:50:00
14128,1,331.96,1,2011-09-10 12:50:00
14129,2,397.63,1,2011-09-10 12:50:00
14130,0,0.0,0,2011-09-10 12:50:00
14132,6,2033.57,1,2011-09-10 12:50:00
14133,0,0.0,0,2011-09-10 12:50:00
14135,5,1499.99,1,2011-09-10 12:50:00
14141,3,629.97,1,2011-09-10 12:50:00
14142,0,0.0,0,2011-09-10 12:50:00
14143,0,0.0,0,2011-09-10 12:50:00
14145,1,891.0,1,2011-09-10 12:50:00
14146,3,2287.27,1,2011-09-10 12:50:00
14147,1,300.6,1,2011-09-10 12:50:00
14148,0,0.0,0,2011-09-10 12:50:00
14149,0,0.0,0,2011-09-10 12:50:00
14150,1,352.46,1,2011-09-10 12:50:00
14152,1,306.78000000000003,1,2011-09-10 12:50:00
14154,0,0.0,0,2011-09-10 12:50:00
14155,0,0.0,0,2011-09-10 12:50:00
14156,13,18321.29,1,2011-09-10 12:50:00
14157,1,155.71,1,2011-09-10 12:50:00
14159,4,1895.25,1,2011-09-10 12:50:00
14161,0,0.0,0,2011-09-10 12:50:00
14162,0,0.0,0,2011-09-10 12:50:00
14163,1,786.52,1,2011-09-10 12:50:00
14165,0,0.0,0,2011-09-10 12:50:00
14167,1,172.74,1,2011-09-10 12:50:00
14171,0,0.0,0,2011-09-10 12:50:00
14173,3,336.8,1,2011-09-10 12:50:00
14175,1,2016.31,1,2011-09-10 12:50:00
14176,0,0.0,0,2011-09-10 12:50:00
14177,1,250.0,1,2011-09-10 12:50:00
14178,4,1102.97,1,2011-09-10 12:50:00
14180,3,489.6,1,2011-09-10 12:50:00
14185,0,0.0,0,2011-09-10 12:50:00
14188,2,670.9,1,2011-09-10 12:50:00
14189,4,1386.16,1,2011-09-10 12:50:00
14191,6,2426.5,1,2011-09-10 12:50:00
14193,1,430.85,1,2011-09-10 12:50:00
14194,9,5683.07,1,2011-09-10 12:50:00
14195,0,0.0,0,2011-09-10 12:50:00
14196,0,0.0,0,2011-09-10 12:50:00
14198,2,344.45,1,2011-09-10 12:50:00
14199,0,0.0,0,2011-09-10 12:50:00
14201,2,226.2,1,2011-09-10 12:50:00
14205,1,243.8,1,2011-09-10 12:50:00
14206,0,0.0,0,2011-09-10 12:50:00
14208,0,0.0,0,2011-09-10 12:50:00
14209,1,197.10000000000002,1,2011-09-10 12:50:00
14210,0,0.0,0,2011-09-10 12:50:00
14211,3,1111.17,1,2011-09-10 12:50:00
14214,2,105.22,1,2011-09-10 12:50:00
14215,2,691.45,1,2011-09-10 12:50:00
14217,7,793.48,1,2011-09-10 12:50:00
14220,0,0.0,0,2011-09-10 12:50:00
14221,2,815.79,1,2011-09-10 12:50:00
14222,0,0.0,0,2011-09-10 12:50:00
14223,0,0.0,0,2011-09-10 12:50:00
14224,0,0.0,0,2011-09-10 12:50:00
14226,3,522.7900000000001,1,2011-09-10 12:50:00
14227,3,951.44,1,2011-09-10 12:50:00
14229,1,785.0699999999999,1,2011-09-10 12:50:00
14231,0,0.0,0,2011-09-10 12:50:00
14232,1,474.74,1,2011-09-10 12:50:00
14233,1,503.62,1,2011-09-10 12:50:00
14235,1,342.0,1,2011-09-10 12:50:00
14236,1,301.56,1,2011-09-10 12:50:00
14237,0,0.0,0,2011-09-10 12:50:00
14238,0,0.0,0,2011-09-10 12:50:00
14239,2,499.96000000000004,1,2011-09-10 12:50:00
14240,1,663.49,1,2011-09-10 12:50:00
14241,0,0.0,0,2011-09-10 12:50:00
14242,0,0.0,0,2011-09-10 12:50:00
14243,2,282.82,1,2011-09-10 12:50:00
14245,0,0.0,0,2011-09-10 12:50:00
14246,0,0.0,0,2011-09-10 12:50:00
14247,0,0.0,0,2011-09-10 12:50:00
14248,0,0.0,0,2011-09-10 12:50:00
14256,0,0.0,0,2011-09-10 12:50:00
14257,1,373.88,1,2011-09-10 12:50:00
14258,2,3283.66,1,2011-09-10 12:50:00
14259,0,0.0,0,2011-09-10 12:50:00
14262,5,1763.23,1,2011-09-10 12:50:00
14264,0,0.0,0,2011-09-10 12:50:00
14265,0,0.0,0,2011-09-10 12:50:00
14267,0,0.0,0,2011-09-10 12:50:00
14270,0,0.0,0,2011-09-10 12:50:00
14271,0,0.0,0,2011-09-10 12:50:00
14272,1,305.87,1,2011-09-10 12:50:00
14273,1,109.92,1,2011-09-10 12:50:00
14276,0,0.0,0,2011-09-10 12:50:00
14277,2,2522.9700000000003,1,2011-09-10 12:50:00
14280,0,0.0,0,2011-09-10 12:50:00
14282,6,1233.9,1,2011-09-10 12:50:00
14285,3,1904.1100000000001,1,2011-09-10 12:50:00
14286,2,2578.67,1,2011-09-10 12:50:00
14287,1,93.35,1,2011-09-10 12:50:00
14288,0,0.0,0,2011-09-10 12:50:00
14289,1,78.48,1,2011-09-10 12:50:00
14290,4,1537.09,1,2011-09-10 12:50:00
14291,4,1527.71,1,2011-09-10 12:50:00
14292,5,2281.72,1,2011-09-10 12:50:00
14293,1,307.15000000000003,1,2011-09-10 12:50:00
14297,3,1072.73,1,2011-09-10 12:50:00
14298,7,10344.789999999999,1,2011-09-10 12:50:00
14299,4,1528.48,1,2011-09-10 12:50:00
14301,0,0.0,0,2011-09-10 12:50:00
14304,0,0.0,0,2011-09-10 12:50:00
14305,1,810.51,1,2011-09-10 12:50:00
14307,2,687.83,1,2011-09-10 12:50:00
14309,2,718.83,1,2011-09-10 12:50:00
14311,0,0.0,0,2011-09-10 12:50:00
14312,1,564.4,1,2011-09-10 12:50:00
14314,0,0.0,0,2011-09-10 12:50:00
14315,1,930.98,1,2011-09-10 12:50:00
14320,0,0.0,0,2011-09-10 12:50:00
14321,2,630.1,1,2011-09-10 12:50:00
14323,0,0.0,0,2011-09-10 12:50:00
14326,0,0.0,0,2011-09-10 12:50:00
14327,0,0.0,0,2011-09-10 12:50:00
14329,3,1490.21,1,2011-09-10 12:50:00
14331,0,0.0,0,2011-09-10 12:50:00
14332,2,721.1700000000001,1,2011-09-10 12:50:00
14334,1,223.5,1,2011-09-10 12:50:00
14335,1,107.36,1,2011-09-10 12:50:00
14336,1,500.52000000000004,1,2011-09-10 12:50:00
14338,0,0.0,0,2011-09-10 12:50:00
14339,0,0.0,0,2011-09-10 12:50:00
14340,0,0.0,0,2011-09-10 12:50:00
14341,2,1027.46,1,2011-09-10 12:50:00
14342,2,248.82,1,2011-09-10 12:50:00
14344,0,0.0,0,2011-09-10 12:50:00
14346,0,0.0,0,2011-09-10 12:50:00
14348,0,0.0,0,2011-09-10 12:50:00
14350,0,0.0,0,2011-09-10 12:50:00
14351,0,0.0,0,2011-09-10 12:50:00
14352,0,0.0,0,2011-09-10 12:50:00
14353,0,0.0,0,2011-09-10 12:50:00
14355,0,0.0,0,2011-09-10 12:50:00
14360,3,993.5400000000001,1,2011-09-10 12:50:00
14364,0,0.0,0,2011-09-10 12:50:00
14367,6,3808.12,1,2011-09-10 12:50:00
14368,0,0.0,0,2011-09-10 12:50:00
14371,0,0.0,0,2011-09-10 12:50:00
14373,0,0.0,0,2011-09-10 12:50:00
14375,0,0.0,0,2011-09-10 12:50:00
14377,0,0.0,0,2011-09-10 12:50:00
14379,1,237.12,1,2011-09-10 12:50:00
14383,2,1005.6,1,2011-09-10 12:50:00
14386,0,0.0,0,2011-09-10 12:50:00
14387,2,1286.84,1,2011-09-10 12:50:00
14388,2,935.07,1,2011-09-10 12:50:00
14389,1,732.32,1,2011-09-10 12:50:00
14390,5,3051.86,1,2011-09-10 12:50:00
14393,0,0.0,0,2011-09-10 12:50:00
14395,3,1527.59,1,2011-09-10 12:50:00
14396,1,377.64,1,2011-09-10 12:50:00
14397,9,1576.84,1,2011-09-10 12:50:00
14400,0,0.0,0,2011-09-10 12:50:00
14401,3,972.1,1,2011-09-10 12:50:00
14403,0,0.0,0,2011-09-10 12:50:00
14404,1,126.8,1,2011-09-10 12:50:00
14406,0,0.0,0,2011-09-10 12:50:00
14407,0,0.0,0,2011-09-10 12:50:00
14408,1,308.22,1,2011-09-10 12:50:00
14409,1,115.72,1,2011-09-10 12:50:00
14410,0,0.0,0,2011-09-10 12:50:00
14411,0,0.0,0,2011-09-10 12:50:00
14413,0,0.0,0,2011-09-10 12:50:00
14414,0,0.0,0,2011-09-10 12:50:00
14415,4,2089.44,1,2011-09-10 12:50:00
14418,2,1786.81,1,2011-09-10 12:50:00
14419,4,744.65,1,2011-09-10 12:50:00
14420,0,0.0,0,2011-09-10 12:50:00
14421,1,357.93,1,2011-09-10 12:50:00
14422,4,3231.4900000000002,1,2011-09-10 12:50:00
14423,0,0.0,0,2011-09-10 12:50:00
14426,4,1596.09,1,2011-09-10 12:50:00
14428,3,893.4399999999999,1,2011-09-10 12:50:00
14431,0,0.0,0,2011-09-10 12:50:00
14436,0,0.0,0,2011-09-10 12:50:00
14437,0,0.0,0,2011-09-10 12:50:00
14438,0,0.0,0,2011-09-10 12:50:00
14439,0,0.0,0,2011-09-10 12:50:00
14440,3,1171.97,1,2011-09-10 12:50:00
14441,2,1015.49,1,2011-09-10 12:50:00
14442,0,0.0,0,2011-09-10 12:50:00
14443,1,428.68,1,2011-09-10 12:50:00
14446,3,702.51,1,2011-09-10 12:50:00
14447,3,562.2,1,2011-09-10 12:50:00
14448,1,273.0,1,2011-09-10 12:50:00
14449,2,485.89,1,2011-09-10 12:50:00
14450,0,0.0,0,2011-09-10 12:50:00
14451,1,283.9,1,2011-09-10 12:50:00
14452,1,131.68,1,2011-09-10 12:50:00
14453,0,0.0,0,2011-09-10 12:50:00
14456,6,2380.63,1,2011-09-10 12:50:00
14457,0,0.0,0,2011-09-10 12:50:00
14459,0,0.0,0,2011-09-10 12:50:00
14460,0,0.0,0,2011-09-10 12:50:00
14461,0,0.0,0,2011-09-10 12:50:00
14462,2,469.92,1,2011-09-10 12:50:00
14463,0,0.0,0,2011-09-10 12:50:00
14465,0,0.0,0,2011-09-10 12:50:00
14466,2,691.9499999999999,1,2011-09-10 12:50:00
14467,3,464.56,1,2011-09-10 12:50:00
14470,1,163.55,1,2011-09-10 12:50:00
14472,0,0.0,0,2011-09-10 12:50:00
14473,1,149.34,1,2011-09-10 12:50:00
14475,1,303.68,1,2011-09-10 12:50:00
14476,0,0.0,0,2011-09-10 12:50:00
14477,2,786.6,1,2011-09-10 12:50:00
14479,0,0.0,0,2011-09-10 12:50:00
14481,0,0.0,0,2011-09-10 12:50:00
14482,4,1556.8600000000001,1,2011-09-10 12:50:00
14483,0,0.0,0,2011-09-10 12:50:00
14487,5,1040.38,1,2011-09-10 12:50:00
14489,0,0.0,0,2011-09-10 12:50:00
14491,0,0.0,0,2011-09-10 12:50:00
14493,4,1772.02,1,2011-09-10 12:50:00
14495,1,83.2,1,2011-09-10 12:50:00
14496,0,0.0,0,2011-09-10 12:50:00
14497,0,0.0,0,2011-09-10 12:50:00
14498,1,675.53,1,2011-09-10 12:50:00
14499,1,440.63,1,2011-09-10 12:50:00
14500,1,21.0,1,2011-09-10 12:50:00
14501,0,0.0,0,2011-09-10 12:50:00
14502,4,1263.57,1,2011-09-10 12:50:00
14503,5,2946.19,1,2011-09-10 12:50:00
14504,1,130.55,1,2011-09-10 12:50:00
14505,2,1636.69,1,2011-09-10 12:50:00
14506,2,1141.69,1,2011-09-10 12:50:00
14507,2,443.19,1,2011-09-10 12:50:00
14511,3,984.9200000000001,1,2011-09-10 12:50:00
14512,0,0.0,0,2011-09-10 12:50:00
14513,0,0.0,0,2011-09-10 12:50:00
14514,1,587.09,1,2011-09-10 12:50:00
14515,4,1311.24,1,2011-09-10 12:50:00
14517,1,78.0,1,2011-09-10 12:50:00
14520,1,105.60000000000001,1,2011-09-10 12:50:00
14522,2,213.83999999999997,1,2011-09-10 12:50:00
14523,0,0.0,0,2011-09-10 12:50:00
14524,4,814.96,1,2011-09-10 12:50:00
14525,2,1395.61,1,2011-09-10 12:50:00
14527,15,3225.71,1,2011-09-10 12:50:00
14529,2,443.37,1,2011-09-10 12:50:00
14530,1,379.79,1,2011-09-10 12:50:00
14532,0,0.0,0,2011-09-10 12:50:00
14533,5,1214.74,1,2011-09-10 12:50:00
14534,4,1365.91,1,2011-09-10 12:50:00
14535,1,1202.03,1,2011-09-10 12:50:00
14536,0,0.0,0,2011-09-10 12:50:00
14538,1,281.75,1,2011-09-10 12:50:00
14540,2,756.76,1,2011-09-10 12:50:00
14541,1,146.0,1,2011-09-10 12:50:00
14542,0,0.0,0,2011-09-10 12:50:00
14543,3,360.23,1,2011-09-10 12:50:00
14544,1,902.53,1,2011-09-10 12:50:00
14546,3,1699.05,1,2011-09-10 12:50:00
14548,0,0.0,0,2011-09-10 12:50:00
14549,0,0.0,0,2011-09-10 12:50:00
14551,1,60.8,1,2011-09-10 12:50:00
14552,0,0.0,0,2011-09-10 12:50:00
14553,3,546.95,1,2011-09-10 12:50:00
14555,1,126.2,1,2011-09-10 12:50:00
14560,7,672.5699999999999,1,2011-09-10 12:50:00
14561,1,513.77,1,2011-09-10 12:50:00
14562,11,2697.39,1,2011-09-10 12:50:00
14565,0,0.0,0,2011-09-10 12:50:00
14566,0,0.0,0,2011-09-10 12:50:00
14567,1,729.6,1,2011-09-10 12:50:00
14570,0,0.0,0,2011-09-10 12:50:00
14572,2,741.3,1,2011-09-10 12:50:00
14573,0,0.0,0,2011-09-10 12:50:00
14576,0,0.0,0,2011-09-10 12:50:00
14577,1,213.07,1,2011-09-10 12:50:00
14583,1,245.24,1,2011-09-10 12:50:00
14584,0,0.0,0,2011-09-10 12:50:00
14586,0,0.0,0,2011-09-10 12:50:00
14587,1,127.61,1,2011-09-10 12:50:00
14589,0,0.0,0,2011-09-10 12:50:00
14591,3,1116.19,1,2011-09-10 12:50:00
14593,1,277.56,1,2011-09-10 12:50:00
14594,1,108.33,1,2011-09-10 12:50:00
14595,5,1576.8,1,2011-09-10 12:50:00
14597,1,701.14,1,2011-09-10 12:50:00
14600,0,0.0,0,2011-09-10 12:50:00
14603,0,0.0,0,2011-09-10 12:50:00
14606,22,2567.24,1,2011-09-10 12:50:00
14607,11,14526.5,1,2011-09-10 12:50:00
14608,3,1581.15,1,2011-09-10 12:50:00
14609,1,115.2,1,2011-09-10 12:50:00
14616,0,0.0,0,2011-09-10 12:50:00
14618,2,341.64,1,2011-09-10 12:50:00
14619,0,0.0,0,2011-09-10 12:50:00
14620,0,0.0,0,2011-09-10 12:50:00
14621,2,785.45,1,2011-09-10 12:50:00
14622,0,0.0,0,2011-09-10 12:50:00
14623,2,280.54,1,2011-09-10 12:50:00
14625,0,0.0,0,2011-09-10 12:50:00
14626,2,1219.98,1,2011-09-10 12:50:00
14628,0,0.0,0,2011-09-10 12:50:00
14631,1,376.90000000000003,1,2011-09-10 12:50:00
14632,0,0.0,0,2011-09-10 12:50:00
14633,0,0.0,0,2011-09-10 12:50:00
14636,1,309.66,1,2011-09-10 12:50:00
14639,2,995.26,1,2011-09-10 12:50:00
14640,2,624.02,1,2011-09-10 12:50:00
14643,0,0.0,0,2011-09-10 12:50:00
14644,1,643.26,1,2011-09-10 12:50:00
14645,0,0.0,0,2011-09-10 12:50:00
14646,30,101408.4,1,2011-09-10 12:50:00
14647,0,0.0,0,2011-09-10 12:50:00
14649,2,820.47,1,2011-09-10 12:50:00
14651,1,238.28,1,2011-09-10 12:50:00
14653,6,1571.89,1,2011-09-10 12:50:00
14655,3,1121.67,1,2011-09-10 12:50:00
14656,0,0.0,0,2011-09-10 12:50:00
14657,1,209.28,1,2011-09-10 12:50:00
14658,1,124.01,1,2011-09-10 12:50:00
14659,3,888.38,1,2011-09-10 12:50:00
14660,1,156.79,1,2011-09-10 12:50:00
14662,1,229.09,1,2011-09-10 12:50:00
14665,2,1104.04,1,2011-09-10 12:50:00
14667,7,3163.58,1,2011-09-10 12:50:00
14669,0,0.0,0,2011-09-10 12:50:00
14670,0,0.0,0,2011-09-10 12:50:00
14672,0,0.0,0,2011-09-10 12:50:00
14673,4,1362.91,1,2011-09-10 12:50:00
14676,2,857.32,1,2011-09-10 12:50:00
14680,2,3331.55,1,2011-09-10 12:50:00
14681,2,105.0,1,2011-09-10 12:50:00
14682,0,0.0,0,2011-09-10 12:50:00
14684,3,708.07,1,2011-09-10 12:50:00
14687,0,0.0,0,2011-09-10 12:50:00
14688,5,1392.65,1,2011-09-10 12:50:00
14689,0,0.0,0,2011-09-10 12:50:00
14690,1,142.49,1,2011-09-10 12:50:00
14691,3,839.65,1,2011-09-10 12:50:00
14692,0,0.0,0,2011-09-10 12:50:00
14693,0,0.0,0,2011-09-10 12:50:00
14696,2,620.41,1,2011-09-10 12:50:00
14697,0,0.0,0,2011-09-10 12:50:00
14699,0,0.0,0,2011-09-10 12:50:00
14700,1,654.0,1,2011-09-10 12:50:00
14701,2,584.66,1,2011-09-10 12:50:00
14702,8,1600.54,1,2011-09-10 12:50:00
14704,5,1254.1200000000001,1,2011-09-10 12:50:00
14705,0,0.0,0,2011-09-10 12:50:00
14708,1,425.19,1,2011-09-10 12:50:00
14709,4,968.3000000000001,1,2011-09-10 12:50:00
14711,2,483.99,1,2011-09-10 12:50:00
14712,2,801.35,1,2011-09-10 12:50:00
14713,2,632.59,1,2011-09-10 12:50:00
14715,1,272.63,1,2011-09-10 12:50:00
14716,1,125.78999999999999,1,2011-09-10 12:50:00
14719,3,1093.72,1,2011-09-10 12:50:00
14720,2,508.01,1,2011-09-10 12:50:00
14722,0,0.0,0,2011-09-10 12:50:00
14723,3,666.71,1,2011-09-10 12:50:00
14727,0,0.0,0,2011-09-10 12:50:00
14729,0,0.0,0,2011-09-10 12:50:00
14730,3,1025.44,1,2011-09-10 12:50:00
14731,1,129.0,1,2011-09-10 12:50:00
14732,3,1084.19,1,2011-09-10 12:50:00
14733,1,541.71,1,2011-09-10 12:50:00
14735,8,2454.98,1,2011-09-10 12:50:00
14737,1,82.8,1,2011-09-10 12:50:00
14738,2,556.8000000000001,1,2011-09-10 12:50:00
14739,3,1654.7,1,2011-09-10 12:50:00
14740,0,0.0,0,2011-09-10 12:50:00
14741,2,535.38,1,2011-09-10 12:50:00
14744,2,171.95,1,2011-09-10 12:50:00
14745,0,0.0,0,2011-09-10 12:50:00
14747,0,0.0,0,2011-09-10 12:50:00
14748,1,296.98,1,2011-09-10 12:50:00
14754,1,409.78000000000003,1,2011-09-10 12:50:00
14755,4,2142.6,1,2011-09-10 12:50:00
14758,0,0.0,0,2011-09-10 12:50:00
14759,1,755.12,1,2011-09-10 12:50:00
14760,0,0.0,0,2011-09-10 12:50:00
14761,1,158.4,1,2011-09-10 12:50:00
14762,0,0.0,0,2011-09-10 12:50:00
14765,1,158.61,1,2011-09-10 12:50:00
14766,2,942.05,1,2011-09-10 12:50:00
14768,1,59.400000000000006,1,2011-09-10 12:50:00
14769,2,4130.49,1,2011-09-10 12:50:00
14770,0,0.0,0,2011-09-10 12:50:00
14772,0,0.0,0,2011-09-10 12:50:00
14775,1,310.44,1,2011-09-10 12:50:00
14776,3,676.08,1,2011-09-10 12:50:00
14778,0,0.0,0,2011-09-10 12:50:00
14779,0,0.0,0,2011-09-10 12:50:00
14782,0,0.0,0,2011-09-10 12:50:00
14784,1,175.31,1,2011-09-10 12:50:00
14790,2,381.02,1,2011-09-10 12:50:00
14794,3,640.37,1,2011-09-10 12:50:00
14795,0,0.0,0,2011-09-10 12:50:00
14796,3,1394.31,1,2011-09-10 12:50:00
14798,1,76.34,1,2011-09-10 12:50:00
14800,3,499.3,1,2011-09-10 12:50:00
14803,0,0.0,0,2011-09-10 12:50:00
14805,3,437.15,1,2011-09-10 12:50:00
14808,2,884.78,1,2011-09-10 12:50:00
14810,1,218.55,1,2011-09-10 12:50:00
14813,0,0.0,0,2011-09-10 12:50:00
14816,0,0.0,0,2011-09-10 12:50:00
14817,0,0.0,0,2011-09-10 12:50:00
14818,1,248.17000000000002,1,2011-09-10 12:50:00
14819,1,187.35,1,2011-09-10 12:50:00
14820,3,367.52000000000004,1,2011-09-10 12:50:00
14821,0,0.0,0,2011-09-10 12:50:00
14823,0,0.0,0,2011-09-10 12:50:00
14824,3,685.8000000000001,1,2011-09-10 12:50:00
14825,5,887.5400000000001,1,2011-09-10 12:50:00
14828,0,0.0,0,2011-09-10 12:50:00
14829,1,165.92000000000002,1,2011-09-10 12:50:00
14834,4,1291.0,1,2011-09-10 12:50:00
14837,1,303.94,1,2011-09-10 12:50:00
14840,0,0.0,0,2011-09-10 12:50:00
14841,2,920.19,1,2011-09-10 12:50:00
14842,1,923.1700000000001,1,2011-09-10 12:50:00
14844,1,932.13,1,2011-09-10 12:50:00
14847,0,0.0,0,2011-09-10 12:50:00
14849,8,2146.01,1,2011-09-10 12:50:00
14850,0,0.0,0,2011-09-10 12:50:00
14851,1,305.22,1,2011-09-10 12:50:00
14852,1,648.27,1,2011-09-10 12:50:00
14853,1,261.3,1,2011-09-10 12:50:00
14854,1,458.2,1,2011-09-10 12:50:00
14855,0,0.0,0,2011-09-10 12:50:00
14857,1,650.6,1,2011-09-10 12:50:00
14859,3,1056.88,1,2011-09-10 12:50:00
14862,1,537.1,1,2011-09-10 12:50:00
14865,1,15.0,1,2011-09-10 12:50:00
14866,8,13226.0,1,2011-09-10 12:50:00
14867,0,0.0,0,2011-09-10 12:50:00
14868,4,1656.52,1,2011-09-10 12:50:00
14869,1,334.39,1,2011-09-10 12:50:00
14870,0,0.0,0,2011-09-10 12:50:00
14871,1,165.98000000000002,1,2011-09-10 12:50:00
14873,0,0.0,0,2011-09-10 12:50:00
14875,0,0.0,0,2011-09-10 12:50:00
14878,3,393.07,1,2011-09-10 12:50:00
14880,1,342.92,1,2011-09-10 12:50:00
14883,4,403.11,1,2011-09-10 12:50:00
14885,0,0.0,0,2011-09-10 12:50:00
14886,0,0.0,0,2011-09-10 12:50:00
14888,0,0.0,0,2011-09-10 12:50:00
14889,0,0.0,0,2011-09-10 12:50:00
14890,0,0.0,0,2011-09-10 12:50:00
14891,0,0.0,0,2011-09-10 12:50:00
14895,7,3163.92,1,2011-09-10 12:50:00
14896,0,0.0,0,2011-09-10 12:50:00
14897,3,1190.88,1,2011-09-10 12:50:00
14898,1,278.13,1,2011-09-10 12:50:00
14901,4,599.17,1,2011-09-10 12:50:00
14903,1,396.71,1,2011-09-10 12:50:00
14905,0,0.0,0,2011-09-10 12:50:00
14907,2,892.9200000000001,1,2011-09-10 12:50:00
14911,89,60057.38,1,2011-09-10 12:50:00
14912,1,385.06,1,2011-09-10 12:50:00
14913,1,310.28000000000003,1,2011-09-10 12:50:00
14915,0,0.0,0,2011-09-10 12:50:00
14916,1,301.21999999999997,1,2011-09-10 12:50:00
14918,0,0.0,0,2011-09-10 12:50:00
14920,0,0.0,0,2011-09-10 12:50:00
14921,1,413.06,1,2011-09-10 12:50:00
14924,0,0.0,0,2011-09-10 12:50:00
14930,0,0.0,0,2011-09-10 12:50:00
14931,3,621.6800000000001,1,2011-09-10 12:50:00
14932,0,0.0,0,2011-09-10 12:50:00
14934,1,1062.1,1,2011-09-10 12:50:00
14935,0,0.0,0,2011-09-10 12:50:00
14936,5,3064.14,1,2011-09-10 12:50:00
14937,2,862.3199999999999,1,2011-09-10 12:50:00
14944,5,2736.06,1,2011-09-10 12:50:00
14947,1,112.32,1,2011-09-10 12:50:00
14948,2,462.74,1,2011-09-10 12:50:00
14952,4,4564.88,1,2011-09-10 12:50:00
14957,0,0.0,0,2011-09-10 12:50:00
14958,0,0.0,0,2011-09-10 12:50:00
14959,1,158.1,1,2011-09-10 12:50:00
14960,1,132.97,1,2011-09-10 12:50:00
14961,2,2126.75,1,2011-09-10 12:50:00
14962,0,0.0,0,2011-09-10 12:50:00
14963,4,1178.14,1,2011-09-10 12:50:00
14964,0,0.0,0,2011-09-10 12:50:00
14965,0,0.0,0,2011-09-10 12:50:00
14970,1,472.31,1,2011-09-10 12:50:00
14972,0,0.0,0,2011-09-10 12:50:00
14973,0,0.0,0,2011-09-10 12:50:00
14976,2,214.9,1,2011-09-10 12:50:00
14978,1,394.14,1,2011-09-10 12:50:00
14981,0,0.0,0,2011-09-10 12:50:00
14984,1,100.14,1,2011-09-10 12:50:00
14985,0,0.0,0,2011-09-10 12:50:00
14987,1,163.2,1,2011-09-10 12:50:00
14988,0,0.0,0,2011-09-10 12:50:00
14995,1,112.67,1,2011-09-10 12:50:00
14997,2,390.92,1,2011-09-10 12:50:00
14998,0,0.0,0,2011-09-10 12:50:00
15002,0,0.0,0,2011-09-10 12:50:00
15004,0,0.0,0,2011-09-10 12:50:00
15005,8,1787.82,1,2011-09-10 12:50:00
15007,0,0.0,0,2011-09-10 12:50:00
15012,1,216.48,1,2011-09-10 12:50:00
15014,1,139.94,1,2011-09-10 12:50:00
15016,0,0.0,0,2011-09-10 12:50:00
15018,1,204.87,1,2011-09-10 12:50:00
15019,0,0.0,0,2011-09-10 12:50:00
15021,4,791.54,1,2011-09-10 12:50:00
15023,3,1692.44,1,2011-09-10 12:50:00
15024,5,805.8100000000001,1,2011-09-10 12:50:00
15026,1,233.42,1,2011-09-10 12:50:00
15027,1,99.18,1,2011-09-10 12:50:00
15028,3,441.16,1,2011-09-10 12:50:00
15030,1,365.52,1,2011-09-10 12:50:00
15031,2,391.4,1,2011-09-10 12:50:00
15032,0,0.0,0,2011-09-10 12:50:00
15033,4,948.23,1,2011-09-10 12:50:00
15034,3,1633.78,1,2011-09-10 12:50:00
15036,1,217.07,1,2011-09-10 12:50:00
15038,2,188.04000000000002,1,2011-09-10 12:50:00
15039,9,1381.94,1,2011-09-10 12:50:00
15041,0,0.0,0,2011-09-10 12:50:00
15042,0,0.0,0,2011-09-10 12:50:00
15044,4,2482.05,1,2011-09-10 12:50:00
15045,0,0.0,0,2011-09-10 12:50:00
15046,4,1146.74,1,2011-09-10 12:50:00
15047,0,0.0,0,2011-09-10 12:50:00
15048,1,59.52,1,2011-09-10 12:50:00
15049,0,0.0,0,2011-09-10 12:50:00
15051,2,1005.62,1,2011-09-10 12:50:00
15052,0,0.0,0,2011-09-10 12:50:00
15053,1,215.35,1,2011-09-10 12:50:00
15057,0,0.0,0,2011-09-10 12:50:00
15058,4,867.78,1,2011-09-10 12:50:00
15059,2,329.12,1,2011-09-10 12:50:00
15061,11,17959.14,1,2011-09-10 12:50:00
15062,1,173.82,1,2011-09-10 12:50:00
15063,0,0.0,0,2011-09-10 12:50:00
15065,1,299.38,1,2011-09-10 12:50:00
15067,2,896.71,1,2011-09-10 12:50:00
15068,1,313.4,1,2011-09-10 12:50:00
15069,0,0.0,0,2011-09-10 12:50:00
15070,0,0.0,0,2011-09-10 12:50:00
15071,0,0.0,0,2011-09-10 12:50:00
15073,1,181.45,1,2011-09-10 12:50:00
15074,0,0.0,0,2011-09-10 12:50:00
15076,0,0.0,0,2011-09-10 12:50:00
15078,10,3040.52,1,2011-09-10 12:50:00
15079,0,0.0,0,2011-09-10 12:50:00
15081,3,256.75,1,2011-09-10 12:50:00
15083,0,0.0,0,2011-09-10 12:50:00
15087,0,0.0,0,2011-09-10 12:50:00
15089,3,384.56,1,2011-09-10 12:50:00
15090,0,0.0,0,2011-09-10 12:50:00
15092,0,0.0,0,2011-09-10 12:50:00
15093,1,569.9200000000001,1,2011-09-10 12:50:00
15095,0,0.0,0,2011-09-10 12:50:00
15098,0,0.0,0,2011-09-10 12:50:00
15100,0,0.0,0,2011-09-10 12:50:00
15101,1,215.25,1,2011-09-10 12:50:00
15104,0,0.0,0,2011-09-10 12:50:00
15105,6,1765.95,1,2011-09-10 12:50:00
15106,2,389.69,1,2011-09-10 12:50:00
15107,0,0.0,0,2011-09-10 12:50:00
15108,0,0.0,0,2011-09-10 12:50:00
15109,0,0.0,0,2011-09-10 12:50:00
15110,2,619.5500000000001,1,2011-09-10 12:50:00
15111,2,1278.98,1,2011-09-10 12:50:00
15114,3,1081.59,1,2011-09-10 12:50:00
15116,2,561.7800000000001,1,2011-09-10 12:50:00
15117,3,876.0500000000001,1,2011-09-10 12:50:00
15118,0,0.0,0,2011-09-10 12:50:00
15119,0,0.0,0,2011-09-10 12:50:00
15120,0,0.0,0,2011-09-10 12:50:00
15121,1,162.57,1,2011-09-10 12:50:00
15122,0,0.0,0,2011-09-10 12:50:00
15123,1,1129.84,1,2011-09-10 12:50:00
15124,1,93.44,1,2011-09-10 12:50:00
15125,3,733.0,1,2011-09-10 12:50:00
15128,1,300.76,1,2011-09-10 12:50:00
15129,1,650.67,1,2011-09-10 12:50:00
15130,0,0.0,0,2011-09-10 12:50:00
15132,2,135.70000000000002,1,2011-09-10 12:50:00
15133,0,0.0,0,2011-09-10 12:50:00
15134,4,773.13,1,2011-09-10 12:50:00
15135,0,0.0,0,2011-09-10 12:50:00
15136,3,703.8000000000001,1,2011-09-10 12:50:00
15139,0,0.0,0,2011-09-10 12:50:00
15140,2,626.14,1,2011-09-10 12:50:00
15143,0,0.0,0,2011-09-10 12:50:00
15144,7,3019.6,1,2011-09-10 12:50:00
15145,2,470.7,1,2011-09-10 12:50:00
15146,0,0.0,0,2011-09-10 12:50:00
15147,0,0.0,0,2011-09-10 12:50:00
15149,0,0.0,0,2011-09-10 12:50:00
15150,5,1721.71,1,2011-09-10 12:50:00
15152,7,2362.48,1,2011-09-10 12:50:00
15157,1,430.70000000000005,1,2011-09-10 12:50:00
15159,12,9671.04,1,2011-09-10 12:50:00
15160,0,0.0,0,2011-09-10 12:50:00
15163,1,149.47,1,2011-09-10 12:50:00
15164,1,461.35,1,2011-09-10 12:50:00
15165,0,0.0,0,2011-09-10 12:50:00
15167,0,0.0,0,2011-09-10 12:50:00
15171,0,0.0,0,2011-09-10 12:50:00
15172,2,737.31,1,2011-09-10 12:50:00
15174,0,0.0,0,2011-09-10 12:50:00
15178,0,0.0,0,2011-09-10 12:50:00
15179,2,751.83,1,2011-09-10 12:50:00
15180,0,0.0,0,2011-09-10 12:50:00
15181,1,254.48,1,2011-09-10 12:50:00
15182,0,0.0,0,2011-09-10 12:50:00
15184,1,166.97,1,2011-09-10 12:50:00
15186,1,182.15,1,2011-09-10 12:50:00
15187,10,2893.3,1,2011-09-10 12:50:00
15189,8,3589.62,1,2011-09-10 12:50:00
15192,0,0.0,0,2011-09-10 12:50:00
15194,4,3147.0,1,2011-09-10 12:50:00
15197,1,306.36,1,2011-09-10 12:50:00
15198,0,0.0,0,2011-09-10 12:50:00
15199,1,300.95,1,2011-09-10 12:50:00
15201,1,303.28,1,2011-09-10 12:50:00
15203,2,499.48,1,2011-09-10 12:50:00
15204,0,0.0,0,2011-09-10 12:50:00
15205,1,176.94,1,2011-09-10 12:50:00
15206,1,183.60000000000002,1,2011-09-10 12:50:00
15208,3,546.6,1,2011-09-10 12:50:00
15210,0,0.0,0,2011-09-10 12:50:00
15211,1,511.34000000000003,1,2011-09-10 12:50:00
15212,0,0.0,0,2011-09-10 12:50:00
15213,0,0.0,0,2011-09-10 12:50:00
15214,6,1009.8100000000001,1,2011-09-10 12:50:00
15215,2,434.90000000000003,1,2011-09-10 12:50:00
15218,3,1891.54,1,2011-09-10 12:50:00
15219,0,0.0,0,2011-09-10 12:50:00
15220,1,494.91,1,2011-09-10 12:50:00
15221,0,0.0,0,2011-09-10 12:50:00
15222,0,0.0,0,2011-09-10 12:50:00
15223,0,0.0,0,2011-09-10 12:50:00
15224,0,0.0,0,2011-09-10 12:50:00
15225,0,0.0,0,2011-09-10 12:50:00
15226,0,0.0,0,2011-09-10 12:50:00
15227,2,342.58,1,2011-09-10 12:50:00
15228,1,1162.68,1,2011-09-10 12:50:00
15230,0,0.0,0,2011-09-10 12:50:00
15232,0,0.0,0,2011-09-10 12:50:00
15234,0,0.0,0,2011-09-10 12:50:00
15235,0,0.0,0,2011-09-10 12:50:00
15236,0,0.0,0,2011-09-10 12:50:00
15237,2,318.67,1,2011-09-10 12:50:00
15238,1,299.21000000000004,1,2011-09-10 12:50:00
15240,2,661.19,1,2011-09-10 12:50:00
15241,2,411.58000000000004,1,2011-09-10 12:50:00
15244,1,333.63,1,2011-09-10 12:50:00
15245,0,0.0,0,2011-09-10 12:50:00
15246,0,0.0,0,2011-09-10 12:50:00
15247,0,0.0,0,2011-09-10 12:50:00
15249,2,1049.1200000000001,1,2011-09-10 12:50:00
15251,3,789.17,1,2011-09-10 12:50:00
15252,1,440.23,1,2011-09-10 12:50:00
15253,4,744.35,1,2011-09-10 12:50:00
15254,0,0.0,0,2011-09-10 12:50:00
15256,0,0.0,0,2011-09-10 12:50:00
15257,0,0.0,0,2011-09-10 12:50:00
15258,0,0.0,0,2011-09-10 12:50:00
15260,0,0.0,0,2011-09-10 12:50:00
15261,0,0.0,0,2011-09-10 12:50:00
15262,0,0.0,0,2011-09-10 12:50:00
15263,0,0.0,0,2011-09-10 12:50:00
15265,0,0.0,0,2011-09-10 12:50:00
15266,0,0.0,0,2011-09-10 12:50:00
15267,3,309.6,1,2011-09-10 12:50:00
15270,2,529.2,1,2011-09-10 12:50:00
15271,5,900.76,1,2011-09-10 12:50:00
15279,0,0.0,0,2011-09-10 12:50:00
15280,0,0.0,0,2011-09-10 12:50:00
15281,1,140.37,1,2011-09-10 12:50:00
15288,1,300.15999999999997,1,2011-09-10 12:50:00
15289,1,241.8,1,2011-09-10 12:50:00
15290,6,4550.63,1,2011-09-10 12:50:00
15291,3,983.28,1,2011-09-10 12:50:00
15292,0,0.0,0,2011-09-10 12:50:00
15296,1,1073.37,1,2011-09-10 12:50:00
15298,5,1441.68,1,2011-09-10 12:50:00
15299,2,1472.0,1,2011-09-10 12:50:00
15301,3,1322.55,1,2011-09-10 12:50:00
15303,0,0.0,0,2011-09-10 12:50:00
15304,2,202.5,1,2011-09-10 12:50:00
15306,1,517.28,1,2011-09-10 12:50:00
15307,0,0.0,0,2011-09-10 12:50:00
15308,0,0.0,0,2011-09-10 12:50:00
15311,26,14612.0,1,2011-09-10 12:50:00
15312,1,130.05,1,2011-09-10 12:50:00
15313,0,0.0,0,2011-09-10 12:50:00
15314,0,0.0,0,2011-09-10 12:50:00
15315,1,336.96,1,2011-09-10 12:50:00
15316,0,0.0,0,2011-09-10 12:50:00
15319,0,0.0,0,2011-09-10 12:50:00
15321,2,1588.8400000000001,1,2011-09-10 12:50:00
15325,0,0.0,0,2011-09-10 12:50:00
15326,0,0.0,0,2011-09-10 12:50:00
15329,1,295.7,1,2011-09-10 12:50:00
15332,0,0.0,0,2011-09-10 12:50:00
15333,0,0.0,0,2011-09-10 12:50:00
15334,0,0.0,0,2011-09-10 12:50:00
15339,1,316.17,1,2011-09-10 12:50:00
15342,0,0.0,0,2011-09-10 12:50:00
15346,0,0.0,0,2011-09-10 12:50:00
15347,0,0.0,0,2011-09-10 12:50:00
15349,0,0.0,0,2011-09-10 12:50:00
15350,0,0.0,0,2011-09-10 12:50:00
15351,6,1659.99,1,2011-09-10 12:50:00
15353,0,0.0,0,2011-09-10 12:50:00
15356,2,486.86,1,2011-09-10 12:50:00
15358,7,2707.39,1,2011-09-10 12:50:00
15361,0,0.0,0,2011-09-10 12:50:00
15363,0,0.0,0,2011-09-10 12:50:00
15364,0,0.0,0,2011-09-10 12:50:00
15365,5,1353.04,1,2011-09-10 12:50:00
15366,1,496.97,1,2011-09-10 12:50:00
15367,2,461.41,1,2011-09-10 12:50:00
15370,3,872.5899999999999,1,2011-09-10 12:50:00
15372,0,0.0,0,2011-09-10 12:50:00
15373,3,729.01,1,2011-09-10 12:50:00
15374,0,0.0,0,2011-09-10 12:50:00
15376,1,244.34,1,2011-09-10 12:50:00
15379,0,0.0,0,2011-09-10 12:50:00
15380,3,1107.7,1,2011-09-10 12:50:00
15381,0,0.0,0,2011-09-10 12:50:00
15382,2,3828.59,1,2011-09-10 12:50:00
15384,0,0.0,0,2011-09-10 12:50:00
15386,0,0.0,0,2011-09-10 12:50:00
15388,0,0.0,0,2011-09-10 12:50:00
15389,0,0.0,0,2011-09-10 12:50:00
15392,3,1196.55,1,2011-09-10 12:50:00
15393,1,107.76,1,2011-09-10 12:50:00
15394,2,747.1,1,2011-09-10 12:50:00
15395,0,0.0,0,2011-09-10 12:50:00
15396,0,0.0,0,2011-09-10 12:50:00
15397,0,0.0,0,2011-09-10 12:50:00
15400,0,0.0,0,2011-09-10 12:50:00
15402,0,0.0,0,2011-09-10 12:50:00
15405,0,0.0,0,2011-09-10 12:50:00
15406,1,258.42,1,2011-09-10 12:50:00
15407,1,306.01,1,2011-09-10 12:50:00
15408,0,0.0,0,2011-09-10 12:50:00
15410,1,361.43,1,2011-09-10 12:50:00
15411,2,966.72,1,2011-09-10 12:50:00
15412,0,0.0,0,2011-09-10 12:50:00
15414,2,738.7,1,2011-09-10 12:50:00
15415,0,0.0,0,2011-09-10 12:50:00
15416,1,839.99,1,2011-09-10 12:50:00
15421,1,211.0,1,2011-09-10 12:50:00
15422,0,0.0,0,2011-09-10 12:50:00
15424,0,0.0,0,2011-09-10 12:50:00
15426,3,769.94,1,2011-09-10 12:50:00
15433,0,0.0,0,2011-09-10 12:50:00
15434,2,454.20000000000005,1,2011-09-10 12:50:00
15436,2,583.65,1,2011-09-10 12:50:00
15437,0,0.0,0,2011-09-10 12:50:00
15438,0,0.0,0,2011-09-10 12:50:00
15440,1,146.02,1,2011-09-10 12:50:00
15442,0,0.0,0,2011-09-10 12:50:00
15443,5,2528.79,1,2011-09-10 12:50:00
15445,0,0.0,0,2011-09-10 12:50:00
15447,0,0.0,0,2011-09-10 12:50:00
15448,0,0.0,0,2011-09-10 12:50:00
15449,1,326.82,1,2011-09-10 12:50:00
15452,2,291.48,1,2011-09-10 12:50:00
15453,3,670.57,1,2011-09-10 12:50:00
15454,0,0.0,0,2011-09-10 12:50:00
15456,0,0.0,0,2011-09-10 12:50:00
15457,0,0.0,0,2011-09-10 12:50:00
15460,0,0.0,0,2011-09-10 12:50:00
15462,0,0.0,0,2011-09-10 12:50:00
15464,0,0.0,0,2011-09-10 12:50:00
15465,3,1362.49,1,2011-09-10 12:50:00
15467,1,122.32,1,2011-09-10 12:50:00
15469,1,234.25,1,2011-09-10 12:50:00
15472,0,0.0,0,2011-09-10 12:50:00
15480,0,0.0,0,2011-09-10 12:50:00
15482,7,8911.46,1,2011-09-10 12:50:00
15483,0,0.0,0,2011-09-10 12:50:00
15485,1,1296.37,1,2011-09-10 12:50:00
15488,0,0.0,0,2011-09-10 12:50:00
15489,2,786.02,1,2011-09-10 12:50:00
15491,0,0.0,0,2011-09-10 12:50:00
15493,2,666.46,1,2011-09-10 12:50:00
15494,1,160.7,1,2011-09-10 12:50:00
15497,1,291.6,1,2011-09-10 12:50:00
15498,8,4190.03,1,2011-09-10 12:50:00
15502,5,968.45,1,2011-09-10 12:50:00
15503,0,0.0,0,2011-09-10 12:50:00
15505,2,1519.82,1,2011-09-10 12:50:00
15506,2,763.31,1,2011-09-10 12:50:00
15507,0,0.0,0,2011-09-10 12:50:00
15508,0,0.0,0,2011-09-10 12:50:00
15510,0,0.0,0,2011-09-10 12:50:00
15512,0,0.0,0,2011-09-10 12:50:00
15513,2,3406.08,1,2011-09-10 12:50:00
15514,5,1521.78,1,2011-09-10 12:50:00
15517,0,0.0,0,2011-09-10 12:50:00
15518,1,317.69,1,2011-09-10 12:50:00
15521,1,673.42,1,2011-09-10 12:50:00
15525,2,456.94,1,2011-09-10 12:50:00
15527,3,1097.74,1,2011-09-10 12:50:00
15528,0,0.0,0,2011-09-10 12:50:00
15529,3,1575.37,1,2011-09-10 12:50:00
15530,1,333.62,1,2011-09-10 12:50:00
15532,1,350.24,1,2011-09-10 12:50:00
15535,0,0.0,0,2011-09-10 12:50:00
15537,0,0.0,0,2011-09-10 12:50:00
15541,0,0.0,0,2011-09-10 12:50:00
15543,0,0.0,0,2011-09-10 12:50:00
15544,2,774.34,1,2011-09-10 12:50:00
15545,1,153.64000000000001,1,2011-09-10 12:50:00
15547,6,2165.44,1,2011-09-10 12:50:00
15549,1,57.83,1,2011-09-10 12:50:00
15550,1,142.35,1,2011-09-10 12:50:00
15552,0,0.0,0,2011-09-10 12:50:00
15554,0,0.0,0,2011-09-10 12:50:00
15555,6,1983.49,1,2011-09-10 12:50:00
15561,1,350.92,1,2011-09-10 12:50:00
15562,0,0.0,0,2011-09-10 12:50:00
15563,1,625.82,1,2011-09-10 12:50:00
15569,0,0.0,0,2011-09-10 12:50:00
15570,3,1338.84,1,2011-09-10 12:50:00
15572,3,980.63,1,2011-09-10 12:50:00
15574,0,0.0,0,2011-09-10 12:50:00
15577,0,0.0,0,2011-09-10 12:50:00
15578,0,0.0,0,2011-09-10 12:50:00
15579,1,132.25,1,2011-09-10 12:50:00
15581,0,0.0,0,2011-09-10 12:50:00
15582,1,141.4,1,2011-09-10 12:50:00
15584,3,570.46,1,2011-09-10 12:50:00
15585,0,0.0,0,2011-09-10 12:50:00
15587,2,456.84000000000003,1,2011-09-10 12:50:00
15589,0,0.0,0,2011-09-10 12:50:00
15594,3,983.5600000000001,1,2011-09-10 12:50:00
15596,0,0.0,0,2011-09-10 12:50:00
15599,1,312.91,1,2011-09-10 12:50:00
15601,3,1191.1,1,2011-09-10 12:50:00
15602,4,754.92,1,2011-09-10 12:50:00
15605,2,508.05,1,2011-09-10 12:50:00
15606,1,480.78,1,2011-09-10 12:50:00
15607,0,0.0,0,2011-09-10 12:50:00
15608,3,808.0,1,2011-09-10 12:50:00
15609,0,0.0,0,2011-09-10 12:50:00
15611,4,638.3100000000001,1,2011-09-10 12:50:00
15615,4,3031.89,1,2011-09-10 12:50:00
15618,1,357.81,1,2011-09-10 12:50:00
15620,1,678.17,1,2011-09-10 12:50:00
15622,4,1107.56,1,2011-09-10 12:50:00
15623,0,0.0,0,2011-09-10 12:50:00
15624,0,0.0,0,2011-09-10 12:50:00
15625,0,0.0,0,2011-09-10 12:50:00
15626,1,393.92,1,2011-09-10 12:50:00
15628,4,1244.84,1,2011-09-10 12:50:00
15630,1,789.49,1,2011-09-10 12:50:00
15632,2,933.47,1,2011-09-10 12:50:00
15636,1,418.06,1,2011-09-10 12:50:00
15639,0,0.0,0,2011-09-10 12:50:00
15640,4,3579.37,1,2011-09-10 12:50:00
15641,0,0.0,0,2011-09-10 12:50:00
15643,0,0.0,0,2011-09-10 12:50:00
15644,0,0.0,0,2011-09-10 12:50:00
15646,0,0.0,0,2011-09-10 12:50:00
15648,0,0.0,0,2011-09-10 12:50:00
15649,0,0.0,0,2011-09-10 12:50:00
15651,2,418.98,1,2011-09-10 12:50:00
15652,0,0.0,0,2011-09-10 12:50:00
15653,0,0.0,0,2011-09-10 12:50:00
15655,0,0.0,0,2011-09-10 12:50:00
15656,1,184.87,1,2011-09-10 12:50:00
15658,0,0.0,0,2011-09-10 12:50:00
15660,3,716.52,1,2011-09-10 12:50:00
15661,0,0.0,0,2011-09-10 12:50:00
15663,0,0.0,0,2011-09-10 12:50:00
15665,0,0.0,0,2011-09-10 12:50:00
15668,0,0.0,0,2011-09-10 12:50:00
15669,1,118.8,1,2011-09-10 12:50:00
15670,0,0.0,0,2011-09-10 12:50:00
15671,2,684.24,1,2011-09-10 12:50:00
15673,1,711.53,1,2011-09-10 12:50:00
15674,1,1066.94,1,2011-09-10 12:50:00
15675,1,98.30000000000001,1,2011-09-10 12:50:00
15676,2,2537.96,1,2011-09-10 12:50:00
15679,2,521.02,1,2011-09-10 12:50:00
15680,2,854.79,1,2011-09-10 12:50:00
15681,2,722.94,1,2011-09-10 12:50:00
15683,0,0.0,0,2011-09-10 12:50:00
15687,4,1313.65,1,2011-09-10 12:50:00
15689,0,0.0,0,2011-09-10 12:50:00
15690,1,128.76,1,2011-09-10 12:50:00
15691,0,0.0,0,2011-09-10 12:50:00
15694,5,3173.62,1,2011-09-10 12:50:00
15695,0,0.0,0,2011-09-10 12:50:00
15696,2,1081.16,1,2011-09-10 12:50:00
15700,0,0.0,0,2011-09-10 12:50:00
15701,3,675.1,1,2011-09-10 12:50:00
15703,0,0.0,0,2011-09-10 12:50:00
15704,0,0.0,0,2011-09-10 12:50:00
15705,0,0.0,0,2011-09-10 12:50:00
15706,3,610.51,1,2011-09-10 12:50:00
15708,1,645.91,1,2011-09-10 12:50:00
15709,0,0.0,0,2011-09-10 12:50:00
15712,2,306.05,1,2011-09-10 12:50:00
15713,0,0.0,0,2011-09-10 12:50:00
15716,0,0.0,0,2011-09-10 12:50:00
15717,0,0.0,0,2011-09-10 12:50:00
15719,2,968.1,1,2011-09-10 12:50:00
15722,2,797.76,1,2011-09-10 12:50:00
15723,0,0.0,0,2011-09-10 12:50:00
15724,0,0.0,0,2011-09-10 12:50:00
15727,1,569.67,1,2011-09-10 12:50:00
15729,0,0.0,0,2011-09-10 12:50:00
15730,1,343.66,1,2011-09-10 12:50:00
15732,0,0.0,0,2011-09-10 12:50:00
15733,0,0.0,0,2011-09-10 12:50:00
15734,0,0.0,0,2011-09-10 12:50:00
15737,3,307.19,1,2011-09-10 12:50:00
15738,3,958.97,1,2011-09-10 12:50:00
15743,2,341.91,1,2011-09-10 12:50:00
15745,3,791.74,1,2011-09-10 12:50:00
15746,0,0.0,0,2011-09-10 12:50:00
15747,1,421.27,1,2011-09-10 12:50:00
15749,0,0.0,0,2011-09-10 12:50:00
15750,4,1354.8700000000001,1,2011-09-10 12:50:00
15752,1,533.23,1,2011-09-10 12:50:00
15753,0,0.0,0,2011-09-10 12:50:00
15754,2,366.77,1,2011-09-10 12:50:00
15755,3,1219.42,1,2011-09-10 12:50:00
15756,1,168.12,1,2011-09-10 12:50:00
15757,1,453.06,1,2011-09-10 12:50:00
15759,0,0.0,0,2011-09-10 12:50:00
15764,1,3.35,1,2011-09-10 12:50:00
15768,0,0.0,0,2011-09-10 12:50:00
15769,7,14389.0,1,2011-09-10 12:50:00
15775,0,0.0,0,2011-09-10 12:50:00
15776,0,0.0,0,2011-09-10 12:50:00
15777,0,0.0,0,2011-09-10 12:50:00
15780,0,0.0,0,2011-09-10 12:50:00
15781,1,134.16,1,2011-09-10 12:50:00
15785,1,663.14,1,2011-09-10 12:50:00
15786,2,1771.3600000000001,1,2011-09-10 12:50:00
15789,0,0.0,0,2011-09-10 12:50:00
15791,1,389.45000000000005,1,2011-09-10 12:50:00
15793,2,658.97,1,2011-09-10 12:50:00
15795,0,0.0,0,2011-09-10 12:50:00
15796,3,1135.8400000000001,1,2011-09-10 12:50:00
15797,0,0.0,0,2011-09-10 12:50:00
15799,1,402.9,1,2011-09-10 12:50:00
15800,0,0.0,0,2011-09-10 12:50:00
15801,2,926.73,1,2011-09-10 12:50:00
15804,8,1651.55,1,2011-09-10 12:50:00
15805,6,1939.68,1,2011-09-10 12:50:00
15806,1,262.7,1,2011-09-10 12:50:00
15808,0,0.0,0,2011-09-10 12:50:00
15809,1,116.56,1,2011-09-10 12:50:00
15810,1,30.79,1,2011-09-10 12:50:00
15811,1,444.82,1,2011-09-10 12:50:00
15812,0,0.0,0,2011-09-10 12:50:00
15813,0,0.0,0,2011-09-10 12:50:00
15815,1,225.9,1,2011-09-10 12:50:00
15819,1,319.98,1,2011-09-10 12:50:00
15820,0,0.0,0,2011-09-10 12:50:00
15822,1,445.27,1,2011-09-10 12:50:00
15825,0,0.0,0,2011-09-10 12:50:00
15826,2,934.3100000000001,1,2011-09-10 12:50:00
15827,1,237.93,1,2011-09-10 12:50:00
15829,0,0.0,0,2011-09-10 12:50:00
15831,1,343.53,1,2011-09-10 12:50:00
15832,0,0.0,0,2011-09-10 12:50:00
15834,1,441.93,1,2011-09-10 12:50:00
15835,1,278.58,1,2011-09-10 12:50:00
15838,7,19489.58,1,2011-09-10 12:50:00
15839,2,749.3100000000001,1,2011-09-10 12:50:00
15840,1,113.82,1,2011-09-10 12:50:00
15841,2,610.8000000000001,1,2011-09-10 12:50:00
15843,0,0.0,0,2011-09-10 12:50:00
15845,3,1185.01,1,2011-09-10 12:50:00
15847,1,208.59,1,2011-09-10 12:50:00
15850,1,118.72,1,2011-09-10 12:50:00
15852,0,0.0,0,2011-09-10 12:50:00
15854,3,575.43,1,2011-09-10 12:50:00
15855,0,0.0,0,2011-09-10 12:50:00
15856,10,4895.71,1,2011-09-10 12:50:00
15858,3,611.35,1,2011-09-10 12:50:00
15860,2,198.02,1,2011-09-10 12:50:00
15861,5,2023.16,1,2011-09-10 12:50:00
15862,1,173.15,1,2011-09-10 12:50:00
15863,1,59.64,1,2011-09-10 12:50:00
15864,3,978.46,1,2011-09-10 12:50:00
15865,2,581.2,1,2011-09-10 12:50:00
15866,0,0.0,0,2011-09-10 12:50:00
15867,3,862.73,1,2011-09-10 12:50:00
15869,0,0.0,0,2011-09-10 12:50:00
15874,1,2198.13,1,2011-09-10 12:50:00
15880,0,0.0,0,2011-09-10 12:50:00
15881,0,0.0,0,2011-09-10 12:50:00
15882,0,0.0,0,2011-09-10 12:50:00
15885,0,0.0,0,2011-09-10 12:50:00
15889,0,0.0,0,2011-09-10 12:50:00
15891,0,0.0,0,2011-09-10 12:50:00
15894,0,0.0,0,2011-09-10 12:50:00
15895,0,0.0,0,2011-09-10 12:50:00
15897,0,0.0,0,2011-09-10 12:50:00
15898,1,385.89,1,2011-09-10 12:50:00
15899,0,0.0,0,2011-09-10 12:50:00
15901,2,239.26,1,2011-09-10 12:50:00
15903,5,4485.12,1,2011-09-10 12:50:00
15906,3,769.98,1,2011-09-10 12:50:00
15907,1,404.28000000000003,1,2011-09-10 12:50:00
15909,0,0.0,0,2011-09-10 12:50:00
15910,3,565.52,1,2011-09-10 12:50:00
15912,0,0.0,0,2011-09-10 12:50:00
15916,3,655.91,1,2011-09-10 12:50:00
15917,0,0.0,0,2011-09-10 12:50:00
15918,0,0.0,0,2011-09-10 12:50:00
15919,1,311.61,1,2011-09-10 12:50:00
15920,0,0.0,0,2011-09-10 12:50:00
15921,0,0.0,0,2011-09-10 12:50:00
15922,0,0.0,0,2011-09-10 12:50:00
15923,0,0.0,0,2011-09-10 12:50:00
15925,0,0.0,0,2011-09-10 12:50:00
15932,2,609.92,1,2011-09-10 12:50:00
15935,0,0.0,0,2011-09-10 12:50:00
15938,0,0.0,0,2011-09-10 12:50:00
15939,1,254.76000000000002,1,2011-09-10 12:50:00
15940,0,0.0,0,2011-09-10 12:50:00
15942,0,0.0,0,2011-09-10 12:50:00
15944,0,0.0,0,2011-09-10 12:50:00
15945,0,0.0,0,2011-09-10 12:50:00
15950,2,653.33,1,2011-09-10 12:50:00
15951,1,333.05,1,2011-09-10 12:50:00
15952,2,472.71,1,2011-09-10 12:50:00
15953,4,833.24,1,2011-09-10 12:50:00
15955,6,1952.6100000000001,1,2011-09-10 12:50:00
15965,3,652.68,1,2011-09-10 12:50:00
15967,1,235.78,1,2011-09-10 12:50:00
15969,2,357.4,1,2011-09-10 12:50:00
15970,0,0.0,0,2011-09-10 12:50:00
15971,5,2090.4,1,2011-09-10 12:50:00
15973,0,0.0,0,2011-09-10 12:50:00
15974,1,547.14,1,2011-09-10 12:50:00
15976,0,0.0,0,2011-09-10 12:50:00
15980,2,1638.68,1,2011-09-10 12:50:00
15981,2,950.28,1,2011-09-10 12:50:00
15983,1,326.75,1,2011-09-10 12:50:00
15984,3,973.12,1,2011-09-10 12:50:00
15985,0,0.0,0,2011-09-10 12:50:00
15987,1,239.14,1,2011-09-10 12:50:00
15990,1,390.74,1,2011-09-10 12:50:00
15996,1,152.82,1,2011-09-10 12:50:00
15998,2,974.96,1,2011-09-10 12:50:00
16003,2,941.47,1,2011-09-10 12:50:00
16005,2,303.3,1,2011-09-10 12:50:00
16006,0,0.0,0,2011-09-10 12:50:00
16007,2,966.14,1,2011-09-10 12:50:00
16008,2,339.63,1,2011-09-10 12:50:00
16009,3,530.52,1,2011-09-10 12:50:00
16010,0,0.0,0,2011-09-10 12:50:00
16011,4,1167.3,1,2011-09-10 12:50:00
16012,1,283.17,1,2011-09-10 12:50:00
16013,12,13721.26,1,2011-09-10 12:50:00
16014,1,132.45000000000002,1,2011-09-10 12:50:00
16016,4,674.44,1,2011-09-10 12:50:00
16018,1,247.0,1,2011-09-10 12:50:00
16019,2,833.99,1,2011-09-10 12:50:00
16022,0,0.0,0,2011-09-10 12:50:00
16023,1,219.12,1,2011-09-10 12:50:00
16027,0,0.0,0,2011-09-10 12:50:00
16029,11,26720.7,1,2011-09-10 12:50:00
16030,0,0.0,0,2011-09-10 12:50:00
16031,0,0.0,0,2011-09-10 12:50:00
16033,4,2914.27,1,2011-09-10 12:50:00
16034,0,0.0,0,2011-09-10 12:50:00
16036,1,570.19,1,2011-09-10 12:50:00
16037,0,0.0,0,2011-09-10 12:50:00
16038,1,78.45,1,2011-09-10 12:50:00
16040,1,437.37,1,2011-09-10 12:50:00
16041,1,426.6,1,2011-09-10 12:50:00
16042,3,736.99,1,2011-09-10 12:50:00
16043,1,97.5,1,2011-09-10 12:50:00
16045,0,0.0,0,2011-09-10 12:50:00
16048,0,0.0,0,2011-09-10 12:50:00
16050,0,0.0,0,2011-09-10 12:50:00
16053,1,387.76,1,2011-09-10 12:50:00
16054,0,0.0,0,2011-09-10 12:50:00
16055,0,0.0,0,2011-09-10 12:50:00
16057,1,718.89,1,2011-09-10 12:50:00
16059,2,508.56,1,2011-09-10 12:50:00
16062,1,375.48,1,2011-09-10 12:50:00
16063,0,0.0,0,2011-09-10 12:50:00
16065,0,0.0,0,2011-09-10 12:50:00
16066,4,1204.66,1,2011-09-10 12:50:00
16072,0,0.0,0,2011-09-10 12:50:00
16073,0,0.0,0,2011-09-10 12:50:00
16076,5,876.75,1,2011-09-10 12:50:00
16078,0,0.0,0,2011-09-10 12:50:00
16080,1,86.9,1,2011-09-10 12:50:00
16081,2,1807.05,1,2011-09-10 12:50:00
16083,0,0.0,0,2011-09-10 12:50:00
16084,0,0.0,0,2011-09-10 12:50:00
16085,3,656.47,1,2011-09-10 12:50:00
16086,1,221.69,1,2011-09-10 12:50:00
16091,0,0.0,0,2011-09-10 12:50:00
16092,0,0.0,0,2011-09-10 12:50:00
16093,0,0.0,0,2011-09-10 12:50:00
16094,3,826.13,1,2011-09-10 12:50:00
16096,0,0.0,0,2011-09-10 12:50:00
16097,0,0.0,0,2011-09-10 12:50:00
16098,1,293.14,1,2011-09-10 12:50:00
16099,1,139.8,1,2011-09-10 12:50:00
16102,1,449.3,1,2011-09-10 12:50:00
16103,2,273.24,1,2011-09-10 12:50:00
16105,0,0.0,0,2011-09-10 12:50:00
16107,4,1710.04,1,2011-09-10 12:50:00
16109,0,0.0,0,2011-09-10 12:50:00
16110,1,642.77,1,2011-09-10 12:50:00
16112,0,0.0,0,2011-09-10 12:50:00
16113,0,0.0,0,2011-09-10 12:50:00
16114,0,0.0,0,2011-09-10 12:50:00
16115,3,736.29,1,2011-09-10 12:50:00
16116,0,0.0,0,2011-09-10 12:50:00
16117,0,0.0,0,2011-09-10 12:50:00
16121,1,568.72,1,2011-09-10 12:50:00
16122,1,134.16,1,2011-09-10 12:50:00
16124,0,0.0,0,2011-09-10 12:50:00
16125,0,0.0,0,2011-09-10 12:50:00
16126,1,2581.07,1,2011-09-10 12:50:00
16128,3,1185.52,1,2011-09-10 12:50:00
16131,2,1228.04,1,2011-09-10 12:50:00
16133,10,3969.77,1,2011-09-10 12:50:00
16134,1,334.56,1,2011-09-10 12:50:00
16135,0,0.0,0,2011-09-10 12:50:00
16136,2,550.08,1,2011-09-10 12:50:00
16139,1,329.04,1,2011-09-10 12:50:00
16140,1,601.04,1,2011-09-10 12:50:00
16142,0,0.0,0,2011-09-10 12:50:00
16143,1,475.58000000000004,1,2011-09-10 12:50:00
16144,0,0.0,0,2011-09-10 12:50:00
16145,3,1199.18,1,2011-09-10 12:50:00
16146,0,0.0,0,2011-09-10 12:50:00
16147,0,0.0,0,2011-09-10 12:50:00
16148,0,0.0,0,2011-09-10 12:50:00
16149,1,116.84,1,2011-09-10 12:50:00
16150,2,644.32,1,2011-09-10 12:50:00
16152,0,0.0,0,2011-09-10 12:50:00
16153,1,800.69,1,2011-09-10 12:50:00
16156,4,1676.8700000000001,1,2011-09-10 12:50:00
16159,0,0.0,0,2011-09-10 12:50:00
16161,7,2497.01,1,2011-09-10 12:50:00
16162,0,0.0,0,2011-09-10 12:50:00
16163,0,0.0,0,2011-09-10 12:50:00
16168,9,1155.48,1,2011-09-10 12:50:00
16170,1,324.39,1,2011-09-10 12:50:00
16172,0,0.0,0,2011-09-10 12:50:00
16173,4,783.27,1,2011-09-10 12:50:00
16174,0,0.0,0,2011-09-10 12:50:00
16175,0,0.0,0,2011-09-10 12:50:00
16178,0,0.0,0,2011-09-10 12:50:00
16180,0,0.0,0,2011-09-10 12:50:00
16182,1,1773.65,1,2011-09-10 12:50:00
16184,1,172.99,1,2011-09-10 12:50:00
16185,1,194.41,1,2011-09-10 12:50:00
16186,3,1310.41,1,2011-09-10 12:50:00
16187,3,1515.74,1,2011-09-10 12:50:00
16188,1,226.83,1,2011-09-10 12:50:00
16191,5,2564.84,1,2011-09-10 12:50:00
16193,0,0.0,0,2011-09-10 12:50:00
16200,1,518.3,1,2011-09-10 12:50:00
16201,3,1559.67,1,2011-09-10 12:50:00
16202,0,0.0,0,2011-09-10 12:50:00
16203,1,214.6,1,2011-09-10 12:50:00
16205,3,645.28,1,2011-09-10 12:50:00
16206,1,127.19999999999999,1,2011-09-10 12:50:00
16208,1,166.67000000000002,1,2011-09-10 12:50:00
16209,1,145.72,1,2011-09-10 12:50:00
16210,7,9837.34,1,2011-09-10 12:50:00
16212,1,192.19,1,2011-09-10 12:50:00
16214,0,0.0,0,2011-09-10 12:50:00
16216,0,0.0,0,2011-09-10 12:50:00
16217,0,0.0,0,2011-09-10 12:50:00
16218,1,449.2,1,2011-09-10 12:50:00
16221,1,545.49,1,2011-09-10 12:50:00
16222,0,0.0,0,2011-09-10 12:50:00
16224,1,429.42,1,2011-09-10 12:50:00
16225,1,142.68,1,2011-09-10 12:50:00
16226,0,0.0,0,2011-09-10 12:50:00
16227,0,0.0,0,2011-09-10 12:50:00
16229,1,652.4,1,2011-09-10 12:50:00
16230,0,0.0,0,2011-09-10 12:50:00
16232,1,265.84,1,2011-09-10 12:50:00
16233,1,210.18,1,2011-09-10 12:50:00
16235,1,192.02,1,2011-09-10 12:50:00
16239,1,66.3,1,2011-09-10 12:50:00
16241,3,811.88,1,2011-09-10 12:50:00
16242,4,2733.27,1,2011-09-10 12:50:00
16244,0,0.0,0,2011-09-10 12:50:00
16245,1,643.96,1,2011-09-10 12:50:00
16247,0,0.0,0,2011-09-10 12:50:00
16249,1,359.3,1,2011-09-10 12:50:00
16250,0,0.0,0,2011-09-10 12:50:00
16253,1,1983.46,1,2011-09-10 12:50:00
16255,1,437.12,1,2011-09-10 12:50:00
16256,0,0.0,0,2011-09-10 12:50:00
16257,0,0.0,0,2011-09-10 12:50:00
16258,1,1462.45,1,2011-09-10 12:50:00
16261,2,318.55,1,2011-09-10 12:50:00
16265,2,1384.98,1,2011-09-10 12:50:00
16266,1,100.77,1,2011-09-10 12:50:00
16270,0,0.0,0,2011-09-10 12:50:00
16271,1,521.21,1,2011-09-10 12:50:00
16272,0,0.0,0,2011-09-10 12:50:00
16274,0,0.0,0,2011-09-10 12:50:00
16275,0,0.0,0,2011-09-10 12:50:00
16276,0,0.0,0,2011-09-10 12:50:00
16278,0,0.0,0,2011-09-10 12:50:00
16279,2,1143.7,1,2011-09-10 12:50:00
16282,0,0.0,0,2011-09-10 12:50:00
16283,2,984.46,1,2011-09-10 12:50:00
16287,0,0.0,0,2011-09-10 12:50:00
16292,0,0.0,0,2011-09-10 12:50:00
16293,4,794.6600000000001,1,2011-09-10 12:50:00
16297,0,0.0,0,2011-09-10 12:50:00
16298,2,483.90000000000003,1,2011-09-10 12:50:00
16302,0,0.0,0,2011-09-10 12:50:00
16303,1,1324.3,1,2011-09-10 12:50:00
16305,0,0.0,0,2011-09-10 12:50:00
16306,0,0.0,0,2011-09-10 12:50:00
16308,1,960.0,1,2011-09-10 12:50:00
16309,0,0.0,0,2011-09-10 12:50:00
16315,0,0.0,0,2011-09-10 12:50:00
16316,1,726.1,1,2011-09-10 12:50:00
16317,0,0.0,0,2011-09-10 12:50:00
16319,0,0.0,0,2011-09-10 12:50:00
16320,0,0.0,0,2011-09-10 12:50:00
16321,2,150.0,1,2011-09-10 12:50:00
16323,0,0.0,0,2011-09-10 12:50:00
16324,0,0.0,0,2011-09-10 12:50:00
16325,1,178.22,1,2011-09-10 12:50:00
16326,6,1514.55,1,2011-09-10 12:50:00
16327,2,1350.63,1,2011-09-10 12:50:00
16330,1,202.95,1,2011-09-10 12:50:00
16332,4,931.03,1,2011-09-10 12:50:00
16333,4,11007.2,1,2011-09-10 12:50:00
16338,0,0.0,0,2011-09-10 12:50:00
16339,0,0.0,0,2011-09-10 12:50:00
16340,0,0.0,0,2011-09-10 12:50:00
16341,3,1174.22,1,2011-09-10 12:50:00
16342,1,38.7,1,2011-09-10 12:50:00
16344,0,0.0,0,2011-09-10 12:50:00
16348,3,677.36,1,2011-09-10 12:50:00
16349,0,0.0,0,2011-09-10 12:50:00
16350,3,739.77,1,2011-09-10 12:50:00
16351,0,0.0,0,2011-09-10 12:50:00
16353,9,3207.9,1,2011-09-10 12:50:00
16356,0,0.0,0,2011-09-10 12:50:00
16357,1,400.93,1,2011-09-10 12:50:00
16358,3,1565.3500000000001,1,2011-09-10 12:50:00
16359,2,339.69,1,2011-09-10 12:50:00
16362,2,349.34000000000003,1,2011-09-10 12:50:00
16364,1,359.49,1,2011-09-10 12:50:00
16365,2,677.86,1,2011-09-10 12:50:00
16367,1,633.58,1,2011-09-10 12:50:00
16369,2,1188.88,1,2011-09-10 12:50:00
16370,1,357.42,1,2011-09-10 12:50:00
16374,1,304.58,1,2011-09-10 12:50:00
16377,0,0.0,0,2011-09-10 12:50:00
16378,0,0.0,0,2011-09-10 12:50:00
16383,1,334.3,1,2011-09-10 12:50:00
16384,1,175.4,1,2011-09-10 12:50:00
16385,1,281.04,1,2011-09-10 12:50:00
16386,1,241.47,1,2011-09-10 12:50:00
16387,0,0.0,0,2011-09-10 12:50:00
16389,2,711.9,1,2011-09-10 12:50:00
16392,0,0.0,0,2011-09-10 12:50:00
16393,4,1278.99,1,2011-09-10 12:50:00
16394,2,622.24,1,2011-09-10 12:50:00
16395,2,517.76,1,2011-09-10 12:50:00
16398,0,0.0,0,2011-09-10 12:50:00
16399,1,229.61,1,2011-09-10 12:50:00
16400,0,0.0,0,2011-09-10 12:50:00
16401,5,1642.9,1,2011-09-10 12:50:00
16402,0,0.0,0,2011-09-10 12:50:00
16403,0,0.0,0,2011-09-10 12:50:00
16405,0,0.0,0,2011-09-10 12:50:00
16407,2,597.31,1,2011-09-10 12:50:00
16409,2,989.61,1,2011-09-10 12:50:00
16411,1,83.15,1,2011-09-10 12:50:00
16414,1,75.45,1,2011-09-10 12:50:00
16418,1,262.76,1,2011-09-10 12:50:00
16419,0,0.0,0,2011-09-10 12:50:00
16422,12,5566.7,1,2011-09-10 12:50:00
16424,0,0.0,0,2011-09-10 12:50:00
16425,0,0.0,0,2011-09-10 12:50:00
16426,6,1173.93,1,2011-09-10 12:50:00
16427,0,0.0,0,2011-09-10 12:50:00
16429,0,0.0,0,2011-09-10 12:50:00
16431,0,0.0,0,2011-09-10 12:50:00
16434,3,612.96,1,2011-09-10 12:50:00
16440,4,3368.21,1,2011-09-10 12:50:00
16441,1,170.2,1,2011-09-10 12:50:00
16442,1,176.87,1,2011-09-10 12:50:00
16444,1,113.27,1,2011-09-10 12:50:00
16446,1,168469.6,1,2011-09-10 12:50:00
16447,0,0.0,0,2011-09-10 12:50:00
16448,0,0.0,0,2011-09-10 12:50:00
16449,0,0.0,0,2011-09-10 12:50:00
16450,0,0.0,0,2011-09-10 12:50:00
16455,1,517.8,1,2011-09-10 12:50:00
16456,0,0.0,0,2011-09-10 12:50:00
16457,0,0.0,0,2011-09-10 12:50:00
16458,7,1331.24,1,2011-09-10 12:50:00
16461,0,0.0,0,2011-09-10 12:50:00
16462,1,68.0,1,2011-09-10 12:50:00
16463,3,1103.03,1,2011-09-10 12:50:00
16464,2,918.33,1,2011-09-10 12:50:00
16466,2,596.33,1,2011-09-10 12:50:00
16469,2,357.12,1,2011-09-10 12:50:00
16470,1,213.64,1,2011-09-10 12:50:00
16471,0,0.0,0,2011-09-10 12:50:00
16473,0,0.0,0,2011-09-10 12:50:00
16474,6,1469.14,1,2011-09-10 12:50:00
16475,1,85.0,1,2011-09-10 12:50:00
16477,1,495.20000000000005,1,2011-09-10 12:50:00
16483,0,0.0,0,2011-09-10 12:50:00
16484,0,0.0,0,2011-09-10 12:50:00
16488,1,144.23000000000002,1,2011-09-10 12:50:00
16493,1,569.34,1,2011-09-10 12:50:00
16494,0,0.0,0,2011-09-10 12:50:00
16495,1,401.75,1,2011-09-10 12:50:00
16496,1,414.48,1,2011-09-10 12:50:00
16497,1,1414.99,1,2011-09-10 12:50:00
16498,0,0.0,0,2011-09-10 12:50:00
16499,0,0.0,0,2011-09-10 12:50:00
16500,5,235.86,1,2011-09-10 12:50:00
16503,0,0.0,0,2011-09-10 12:50:00
16509,0,0.0,0,2011-09-10 12:50:00
16510,0,0.0,0,2011-09-10 12:50:00
16511,1,352.63,1,2011-09-10 12:50:00
16515,1,376.78000000000003,1,2011-09-10 12:50:00
16517,0,0.0,0,2011-09-10 12:50:00
16518,1,293.62,1,2011-09-10 12:50:00
16519,1,109.28,1,2011-09-10 12:50:00
16520,0,0.0,0,2011-09-10 12:50:00
16523,8,4172.52,1,2011-09-10 12:50:00
16525,5,2655.1,1,2011-09-10 12:50:00
16526,0,0.0,0,2011-09-10 12:50:00
16529,0,0.0,0,2011-09-10 12:50:00
16531,3,560.0600000000001,1,2011-09-10 12:50:00
16532,1,2232.0,1,2011-09-10 12:50:00
16536,0,0.0,0,2011-09-10 12:50:00
16539,1,335.2,1,2011-09-10 12:50:00
16545,0,0.0,0,2011-09-10 12:50:00
16546,0,0.0,0,2011-09-10 12:50:00
16549,8,3254.54,1,2011-09-10 12:50:00
16550,0,0.0,0,2011-09-10 12:50:00
16551,0,0.0,0,2011-09-10 12:50:00
16552,0,0.0,0,2011-09-10 12:50:00
16553,0,0.0,0,2011-09-10 12:50:00
16554,1,522.99,1,2011-09-10 12:50:00
16555,1,133.91,1,2011-09-10 12:50:00
16556,1,757.42,1,2011-09-10 12:50:00
16557,1,180.7,1,2011-09-10 12:50:00
16558,6,3653.32,1,2011-09-10 12:50:00
16560,1,509.23,1,2011-09-10 12:50:00
16565,0,0.0,0,2011-09-10 12:50:00
16566,2,150.78,1,2011-09-10 12:50:00
16567,0,0.0,0,2011-09-10 12:50:00
16570,4,1604.33,1,2011-09-10 12:50:00
16571,1,524.9,1,2011-09-10 12:50:00
16572,0,0.0,0,2011-09-10 12:50:00
16573,1,370.98,1,2011-09-10 12:50:00
16581,0,0.0,0,2011-09-10 12:50:00
16582,0,0.0,0,2011-09-10 12:50:00
16583,0,0.0,0,2011-09-10 12:50:00
16584,1,324.14,1,2011-09-10 12:50:00
16586,0,0.0,0,2011-09-10 12:50:00
16587,0,0.0,0,2011-09-10 12:50:00
16589,1,244.56,1,2011-09-10 12:50:00
16592,6,1899.3500000000001,1,2011-09-10 12:50:00
16593,1,74.53,1,2011-09-10 12:50:00
16596,1,129.5,1,2011-09-10 12:50:00
16598,0,0.0,0,2011-09-10 12:50:00
16600,4,576.06,1,2011-09-10 12:50:00
16603,1,185.85,1,2011-09-10 12:50:00
16607,4,1080.13,1,2011-09-10 12:50:00
16609,2,2783.42,1,2011-09-10 12:50:00
16610,0,0.0,0,2011-09-10 12:50:00
16611,0,0.0,0,2011-09-10 12:50:00
16612,1,317.36,1,2011-09-10 12:50:00
16614,0,0.0,0,2011-09-10 12:50:00
16616,1,290.32,1,2011-09-10 12:50:00
16617,0,0.0,0,2011-09-10 12:50:00
16618,1,1206.3,1,2011-09-10 12:50:00
16619,0,0.0,0,2011-09-10 12:50:00
16620,1,83.2,1,2011-09-10 12:50:00
16621,1,204.07,1,2011-09-10 12:50:00
16623,0,0.0,0,2011-09-10 12:50:00
16624,1,384.14,1,2011-09-10 12:50:00
16625,0,0.0,0,2011-09-10 12:50:00
16626,10,2247.7599999999998,1,2011-09-10 12:50:00
16628,1,568.21,1,2011-09-10 12:50:00
16629,1,180.95,1,2011-09-10 12:50:00
16633,3,1714.8400000000001,1,2011-09-10 12:50:00
16634,0,0.0,0,2011-09-10 12:50:00
16637,2,623.92,1,2011-09-10 12:50:00
16638,1,129.78,1,2011-09-10 12:50:00
16639,1,786.36,1,2011-09-10 12:50:00
16641,0,0.0,0,2011-09-10 12:50:00
16642,1,380.6,1,2011-09-10 12:50:00
16643,0,0.0,0,2011-09-10 12:50:00
16644,0,0.0,0,2011-09-10 12:50:00
16647,0,0.0,0,2011-09-10 12:50:00
16652,2,2248.1,1,2011-09-10 12:50:00
16654,0,0.0,0,2011-09-10 12:50:00
16655,3,1922.3300000000002,1,2011-09-10 12:50:00
16656,4,1509.12,1,2011-09-10 12:50:00
16657,2,459.64,1,2011-09-10 12:50:00
16658,0,0.0,0,2011-09-10 12:50:00
16659,0,0.0,0,2011-09-10 12:50:00
16660,2,883.29,1,2011-09-10 12:50:00
16665,0,0.0,0,2011-09-10 12:50:00
16667,1,366.78,1,2011-09-10 12:50:00
16668,1,40.2,1,2011-09-10 12:50:00
16670,3,855.93,1,2011-09-10 12:50:00
16671,2,309.39,1,2011-09-10 12:50:00
16672,3,1223.1,1,2011-09-10 12:50:00
16674,1,189.14000000000001,1,2011-09-10 12:50:00
16676,1,493.62,1,2011-09-10 12:50:00
16678,4,972.69,1,2011-09-10 12:50:00
16679,0,0.0,0,2011-09-10 12:50:00
16681,2,437.66,1,2011-09-10 12:50:00
16682,2,217.78,1,2011-09-10 12:50:00
16684,10,32770.06,1,2011-09-10 12:50:00
16686,1,559.9399999999999,1,2011-09-10 12:50:00
16690,1,139.08,1,2011-09-10 12:50:00
16692,0,0.0,0,2011-09-10 12:50:00
16693,1,324.45,1,2011-09-10 12:50:00
16696,0,0.0,0,2011-09-10 12:50:00
16697,0,0.0,0,2011-09-10 12:50:00
16698,0,0.0,0,2011-09-10 12:50:00
16700,3,980.6,1,2011-09-10 12:50:00
16701,3,1347.8799999999999,1,2011-09-10 12:50:00
16705,10,4254.64,1,2011-09-10 12:50:00
16706,1,119.8,1,2011-09-10 12:50:00
16709,1,1045.28,1,2011-09-10 12:50:00
16710,3,632.91,1,2011-09-10 12:50:00
16711,2,741.16,1,2011-09-10 12:50:00
16712,3,1113.85,1,2011-09-10 12:50:00
16713,4,2940.01,1,2011-09-10 12:50:00
16714,0,0.0,0,2011-09-10 12:50:00
16716,0,0.0,0,2011-09-10 12:50:00
16717,2,2283.42,1,2011-09-10 12:50:00
16718,0,0.0,0,2011-09-10 12:50:00
16719,2,486.34,1,2011-09-10 12:50:00
16721,0,0.0,0,2011-09-10 12:50:00
16722,3,1074.23,1,2011-09-10 12:50:00
16723,0,0.0,0,2011-09-10 12:50:00
16725,0,0.0,0,2011-09-10 12:50:00
16726,1,581.58,1,2011-09-10 12:50:00
16727,0,0.0,0,2011-09-10 12:50:00
16728,1,499.97,1,2011-09-10 12:50:00
16729,4,1862.06,1,2011-09-10 12:50:00
16730,1,262.17,1,2011-09-10 12:50:00
16734,1,344.35,1,2011-09-10 12:50:00
16735,1,306.26,1,2011-09-10 12:50:00
16738,0,0.0,0,2011-09-10 12:50:00
16739,0,0.0,0,2011-09-10 12:50:00
16743,1,352.23,1,2011-09-10 12:50:00
16744,4,892.8,1,2011-09-10 12:50:00
16745,1,821.6,1,2011-09-10 12:50:00
16746,6,2276.58,1,2011-09-10 12:50:00
16748,2,605.7,1,2011-09-10 12:50:00
16750,2,207.81,1,2011-09-10 12:50:00
16752,0,0.0,0,2011-09-10 12:50:00
16754,0,0.0,0,2011-09-10 12:50:00
16755,0,0.0,0,2011-09-10 12:50:00
16756,0,0.0,0,2011-09-10 12:50:00
16757,0,0.0,0,2011-09-10 12:50:00
16761,0,0.0,0,2011-09-10 12:50:00
16762,2,893.09,1,2011-09-10 12:50:00
16763,0,0.0,0,2011-09-10 12:50:00
16764,9,2008.4,1,2011-09-10 12:50:00
16765,0,0.0,0,2011-09-10 12:50:00
16766,0,0.0,0,2011-09-10 12:50:00
16767,4,755.1,1,2011-09-10 12:50:00
16768,1,191.6,1,2011-09-10 12:50:00
16769,0,0.0,0,2011-09-10 12:50:00
16770,1,107.72,1,2011-09-10 12:50:00
16771,2,590.86,1,2011-09-10 12:50:00
16774,1,119.32,1,2011-09-10 12:50:00
16775,3,516.96,1,2011-09-10 12:50:00
16777,1,49.1,1,2011-09-10 12:50:00
16778,1,152.76,1,2011-09-10 12:50:00
16779,7,4234.99,1,2011-09-10 12:50:00
16780,0,0.0,0,2011-09-10 12:50:00
16781,0,0.0,0,2011-09-10 12:50:00
16782,4,637.5500000000001,1,2011-09-10 12:50:00
16788,0,0.0,0,2011-09-10 12:50:00
16791,2,913.91,1,2011-09-10 12:50:00
16792,0,0.0,0,2011-09-10 12:50:00
16794,6,589.45,1,2011-09-10 12:50:00
16795,0,0.0,0,2011-09-10 12:50:00
16801,0,0.0,0,2011-09-10 12:50:00
16804,2,418.94,1,2011-09-10 12:50:00
16805,0,0.0,0,2011-09-10 12:50:00
16806,0,0.0,0,2011-09-10 12:50:00
16807,0,0.0,0,2011-09-10 12:50:00
16808,0,0.0,0,2011-09-10 12:50:00
16809,2,444.0,1,2011-09-10 12:50:00
16810,0,0.0,0,2011-09-10 12:50:00
16812,0,0.0,0,2011-09-10 12:50:00
16813,3,505.34,1,2011-09-10 12:50:00
16814,5,1285.01,1,2011-09-10 12:50:00
16816,0,0.0,0,2011-09-10 12:50:00
16817,2,425.32,1,2011-09-10 12:50:00
16818,2,821.1,1,2011-09-10 12:50:00
16820,0,0.0,0,2011-09-10 12:50:00
16823,0,0.0,0,2011-09-10 12:50:00
16824,1,237.74,1,2011-09-10 12:50:00
16825,1,456.48,1,2011-09-10 12:50:00
16828,0,0.0,0,2011-09-10 12:50:00
16829,0,0.0,0,2011-09-10 12:50:00
16832,0,0.0,0,2011-09-10 12:50:00
16833,1,435.24,1,2011-09-10 12:50:00
16834,0,0.0,0,2011-09-10 12:50:00
16835,0,0.0,0,2011-09-10 12:50:00
16836,1,160.55,1,2011-09-10 12:50:00
16837,2,1259.24,1,2011-09-10 12:50:00
16838,0,0.0,0,2011-09-10 12:50:00
16839,12,5725.07,1,2011-09-10 12:50:00
16841,1,308.76,1,2011-09-10 12:50:00
16842,0,0.0,0,2011-09-10 12:50:00
16843,3,1387.33,1,2011-09-10 12:50:00
16849,0,0.0,0,2011-09-10 12:50:00
16850,0,0.0,0,2011-09-10 12:50:00
16852,1,31.85,1,2011-09-10 12:50:00
16858,0,0.0,0,2011-09-10 12:50:00
16859,0,0.0,0,2011-09-10 12:50:00
16861,1,102.96,1,2011-09-10 12:50:00
16863,1,338.55,1,2011-09-10 12:50:00
16866,0,0.0,0,2011-09-10 12:50:00
16869,2,429.44,1,2011-09-10 12:50:00
16871,2,774.52,1,2011-09-10 12:50:00
16872,1,215.33999999999997,1,2011-09-10 12:50:00
16873,2,3252.15,1,2011-09-10 12:50:00
16875,1,957.33,1,2011-09-10 12:50:00
16877,4,657.64,1,2011-09-10 12:50:00
16880,1,398.31,1,2011-09-10 12:50:00
16882,1,489.42,1,2011-09-10 12:50:00
16883,0,0.0,0,2011-09-10 12:50:00
16885,2,272.46,1,2011-09-10 12:50:00
16889,0,0.0,0,2011-09-10 12:50:00
16891,2,226.64000000000001,1,2011-09-10 12:50:00
16892,4,415.21000000000004,1,2011-09-10 12:50:00
16893,0,0.0,0,2011-09-10 12:50:00
16897,0,0.0,0,2011-09-10 12:50:00
16898,1,187.26,1,2011-09-10 12:50:00
16899,3,760.88,1,2011-09-10 12:50:00
16902,0,0.0,0,2011-09-10 12:50:00
16904,2,705.2,1,2011-09-10 12:50:00
16905,4,2215.42,1,2011-09-10 12:50:00
16906,1,166.6,1,2011-09-10 12:50:00
16907,1,269.77,1,2011-09-10 12:50:00
16910,7,1397.18,1,2011-09-10 12:50:00
16912,4,1017.0,1,2011-09-10 12:50:00
16913,0,0.0,0,2011-09-10 12:50:00
16915,2,239.29,1,2011-09-10 12:50:00
16916,1,365.98,1,2011-09-10 12:50:00
16917,0,0.0,0,2011-09-10 12:50:00
16918,3,246.12,1,2011-09-10 12:50:00
16919,0,0.0,0,2011-09-10 12:50:00
16923,5,2305.14,1,2011-09-10 12:50:00
16926,0,0.0,0,2011-09-10 12:50:00
16927,0,0.0,0,2011-09-10 12:50:00
16928,2,444.05,1,2011-09-10 12:50:00
16929,5,866.51,1,2011-09-10 12:50:00
16931,7,1657.54,1,2011-09-10 12:50:00
16933,1,338.5,1,2011-09-10 12:50:00
16938,1,325.63,1,2011-09-10 12:50:00
16940,1,1181.52,1,2011-09-10 12:50:00
16942,2,465.55,1,2011-09-10 12:50:00
16943,0,0.0,0,2011-09-10 12:50:00
16945,6,1338.44,1,2011-09-10 12:50:00
16947,0,0.0,0,2011-09-10 12:50:00
16948,0,0.0,0,2011-09-10 12:50:00
16949,2,392.52,1,2011-09-10 12:50:00
16950,1,400.15,1,2011-09-10 12:50:00
16951,0,0.0,0,2011-09-10 12:50:00
16952,0,0.0,0,2011-09-10 12:50:00
16954,5,839.7,1,2011-09-10 12:50:00
16955,0,0.0,0,2011-09-10 12:50:00
16957,0,0.0,0,2011-09-10 12:50:00
16960,2,305.52,1,2011-09-10 12:50:00
16961,0,0.0,0,2011-09-10 12:50:00
16963,0,0.0,0,2011-09-10 12:50:00
16965,0,0.0,0,2011-09-10 12:50:00
16966,3,668.41,1,2011-09-10 12:50:00
16967,0,0.0,0,2011-09-10 12:50:00
16968,1,186.12,1,2011-09-10 12:50:00
16969,1,171.45,1,2011-09-10 12:50:00
16976,0,0.0,0,2011-09-10 12:50:00
16979,4,1296.35,1,2011-09-10 12:50:00
16980,0,0.0,0,2011-09-10 12:50:00
16983,2,720.52,1,2011-09-10 12:50:00
16984,1,1246.33,1,2011-09-10 12:50:00
16985,3,1885.58,1,2011-09-10 12:50:00
16987,4,987.35,1,2011-09-10 12:50:00
16989,4,242.55,1,2011-09-10 12:50:00
16990,0,0.0,0,2011-09-10 12:50:00
16992,2,641.96,1,2011-09-10 12:50:00
16996,1,415.18,1,2011-09-10 12:50:00
16997,0,0.0,0,2011-09-10 12:50:00
16998,0,0.0,0,2011-09-10 12:50:00
17001,3,1196.0800000000002,1,2011-09-10 12:50:00
17002,1,500.21,1,2011-09-10 12:50:00
17004,1,406.54,1,2011-09-10 12:50:00
17007,1,314.49,1,2011-09-10 12:50:00
17015,2,1318.06,1,2011-09-10 12:50:00
17017,6,3262.98,1,2011-09-10 12:50:00
17018,1,515.1,1,2011-09-10 12:50:00
17019,1,262.15,1,2011-09-10 12:50:00
17024,1,39.6,1,2011-09-10 12:50:00
17025,1,196.8,1,2011-09-10 12:50:00
17026,0,0.0,0,2011-09-10 12:50:00
17027,2,232.33,1,2011-09-10 12:50:00
17029,0,0.0,0,2011-09-10 12:50:00
17031,1,154.4,1,2011-09-10 12:50:00
17033,1,422.04,1,2011-09-10 12:50:00
17034,2,603.72,1,2011-09-10 12:50:00
17035,0,0.0,0,2011-09-10 12:50:00
17040,0,0.0,0,2011-09-10 12:50:00
17041,1,320.6,1,2011-09-10 12:50:00
17042,1,121.56,1,2011-09-10 12:50:00
17043,2,1410.21,1,2011-09-10 12:50:00
17045,0,0.0,0,2011-09-10 12:50:00
17046,0,0.0,0,2011-09-10 12:50:00
17047,1,351.47,1,2011-09-10 12:50:00
17048,0,0.0,0,2011-09-10 12:50:00
17049,4,3048.38,1,2011-09-10 12:50:00
17050,0,0.0,0,2011-09-10 12:50:00
17051,0,0.0,0,2011-09-10 12:50:00
17053,0,0.0,0,2011-09-10 12:50:00
17054,1,149.01,1,2011-09-10 12:50:00
17058,1,360.23,1,2011-09-10 12:50:00
17059,1,843.29,1,2011-09-10 12:50:00
17060,0,0.0,0,2011-09-10 12:50:00
17061,1,573.4,1,2011-09-10 12:50:00
17062,0,0.0,0,2011-09-10 12:50:00
17063,3,789.27,1,2011-09-10 12:50:00
17064,1,398.05,1,2011-09-10 12:50:00
17068,5,1012.85,1,2011-09-10 12:50:00
17069,4,1213.91,1,2011-09-10 12:50:00
17070,0,0.0,0,2011-09-10 12:50:00
17071,3,1026.6100000000001,1,2011-09-10 12:50:00
17073,3,991.05,1,2011-09-10 12:50:00
17075,1,138.05,1,2011-09-10 12:50:00
17076,1,506.88,1,2011-09-10 12:50:00
17080,1,211.3,1,2011-09-10 12:50:00
17082,1,1366.91,1,2011-09-10 12:50:00
17083,0,0.0,0,2011-09-10 12:50:00
17085,0,0.0,0,2011-09-10 12:50:00
17088,2,591.9,1,2011-09-10 12:50:00
17090,3,1162.88,1,2011-09-10 12:50:00
17091,2,1135.76,1,2011-09-10 12:50:00
17092,2,1144.71,1,2011-09-10 12:50:00
17094,0,0.0,0,2011-09-10 12:50:00
17095,1,780.1999999999999,1,2011-09-10 12:50:00
17096,2,578.19,1,2011-09-10 12:50:00
17097,2,314.89,1,2011-09-10 12:50:00
17101,3,1391.15,1,2011-09-10 12:50:00
17102,0,0.0,0,2011-09-10 12:50:00
17105,0,0.0,0,2011-09-10 12:50:00
17107,3,4464.87,1,2011-09-10 12:50:00
17109,4,416.7,1,2011-09-10 12:50:00
17110,0,0.0,0,2011-09-10 12:50:00
17114,2,199.18,1,2011-09-10 12:50:00
17115,1,224.68,1,2011-09-10 12:50:00
17117,0,0.0,0,2011-09-10 12:50:00
17118,0,0.0,0,2011-09-10 12:50:00
17120,0,0.0,0,2011-09-10 12:50:00
17122,0,0.0,0,2011-09-10 12:50:00
17123,0,0.0,0,2011-09-10 12:50:00
17124,0,0.0,0,2011-09-10 12:50:00
17126,0,0.0,0,2011-09-10 12:50:00
17128,0,0.0,0,2011-09-10 12:50:00
17133,4,2413.4500000000003,1,2011-09-10 12:50:00
17134,0,0.0,0,2011-09-10 12:50:00
17135,5,639.18,1,2011-09-10 12:50:00
17138,0,0.0,0,2011-09-10 12:50:00
17139,5,3798.9500000000003,1,2011-09-10 12:50:00
17140,0,0.0,0,2011-09-10 12:50:00
17142,0,0.0,0,2011-09-10 12:50:00
17146,0,0.0,0,2011-09-10 12:50:00
17147,2,741.48,1,2011-09-10 12:50:00
17152,0,0.0,0,2011-09-10 12:50:00
17155,1,108.39999999999999,1,2011-09-10 12:50:00
17157,1,157.54,1,2011-09-10 12:50:00
17158,1,568.42,1,2011-09-10 12:50:00
17159,2,1010.43,1,2011-09-10 12:50:00
17160,1,516.85,1,2011-09-10 12:50:00
17162,1,251.8,1,2011-09-10 12:50:00
17164,4,1196.93,1,2011-09-10 12:50:00
17165,0,0.0,0,2011-09-10 12:50:00
17166,1,78.75,1,2011-09-10 12:50:00
17169,1,527.1,1,2011-09-10 12:50:00
17171,0,0.0,0,2011-09-10 12:50:00
17173,6,2805.34,1,2011-09-10 12:50:00
17174,0,0.0,0,2011-09-10 12:50:00
17175,1,311.06,1,2011-09-10 12:50:00
17176,0,0.0,0,2011-09-10 12:50:00
17179,0,0.0,0,2011-09-10 12:50:00
17180,1,231.17,1,2011-09-10 12:50:00
17181,1,84.39999999999999,1,2011-09-10 12:50:00
17183,5,3017.64,1,2011-09-10 12:50:00
17187,0,0.0,0,2011-09-10 12:50:00
17188,2,659.14,1,2011-09-10 12:50:00
17189,0,0.0,0,2011-09-10 12:50:00
17190,1,249.74,1,2011-09-10 12:50:00
17191,1,532.17,1,2011-09-10 12:50:00
17193,5,1250.74,1,2011-09-10 12:50:00
17194,0,0.0,0,2011-09-10 12:50:00
17198,1,170.56,1,2011-09-10 12:50:00
17204,0,0.0,0,2011-09-10 12:50:00
17211,2,852.33,1,2011-09-10 12:50:00
17212,0,0.0,0,2011-09-10 12:50:00
17213,2,1001.22,1,2011-09-10 12:50:00
17214,2,447.15000000000003,1,2011-09-10 12:50:00
17217,0,0.0,0,2011-09-10 12:50:00
17218,5,1008.39,1,2011-09-10 12:50:00
17220,4,899.47,1,2011-09-10 12:50:00
17223,0,0.0,0,2011-09-10 12:50:00
17226,0,0.0,0,2011-09-10 12:50:00
17227,3,465.57,1,2011-09-10 12:50:00
17228,4,1218.51,1,2011-09-10 12:50:00
17229,0,0.0,0,2011-09-10 12:50:00
17230,0,0.0,0,2011-09-10 12:50:00
17231,3,1218.9,1,2011-09-10 12:50:00
17234,0,0.0,0,2011-09-10 12:50:00
17235,1,208.16,1,2011-09-10 12:50:00
17236,1,218.4,1,2011-09-10 12:50:00
17238,6,1775.53,1,2011-09-10 12:50:00
17239,0,0.0,0,2011-09-10 12:50:00
17242,0,0.0,0,2011-09-10 12:50:00
17243,10,4207.69,1,2011-09-10 12:50:00
17245,0,0.0,0,2011-09-10 12:50:00
17248,0,0.0,0,2011-09-10 12:50:00
17250,1,219.32,1,2011-09-10 12:50:00
17251,0,0.0,0,2011-09-10 12:50:00
17252,0,0.0,0,2011-09-10 12:50:00
17255,1,183.22,1,2011-09-10 12:50:00
17256,0,0.0,0,2011-09-10 12:50:00
17259,0,0.0,0,2011-09-10 12:50:00
17262,1,298.0,1,2011-09-10 12:50:00
17263,0,0.0,0,2011-09-10 12:50:00
17265,0,0.0,0,2011-09-10 12:50:00
17266,2,183.52,1,2011-09-10 12:50:00
17267,0,0.0,0,2011-09-10 12:50:00
17268,0,0.0,0,2011-09-10 12:50:00
17272,2,739.1899999999999,1,2011-09-10 12:50:00
17277,0,0.0,0,2011-09-10 12:50:00
17278,0,0.0,0,2011-09-10 12:50:00
17282,0,0.0,0,2011-09-10 12:50:00
17284,1,158.44,1,2011-09-10 12:50:00
17287,2,346.65,1,2011-09-10 12:50:00
17288,2,753.93,1,2011-09-10 12:50:00
17289,2,766.57,1,2011-09-10 12:50:00
17291,0,0.0,0,2011-09-10 12:50:00
17293,4,987.03,1,2011-09-10 12:50:00
17298,0,0.0,0,2011-09-10 12:50:00
17299,2,388.42,1,2011-09-10 12:50:00
17302,2,474.02,1,2011-09-10 12:50:00
17303,0,0.0,0,2011-09-10 12:50:00
17306,4,1931.25,1,2011-09-10 12:50:00
17309,0,0.0,0,2011-09-10 12:50:00
17311,1,828.39,1,2011-09-10 12:50:00
17312,0,0.0,0,2011-09-10 12:50:00
17314,3,1021.0,1,2011-09-10 12:50:00
17315,8,1913.14,1,2011-09-10 12:50:00
17320,0,0.0,0,2011-09-10 12:50:00
17323,3,375.57,1,2011-09-10 12:50:00
17324,2,284.25,1,2011-09-10 12:50:00
17325,0,0.0,0,2011-09-10 12:50:00
17329,1,279.75,1,2011-09-10 12:50:00
17331,0,0.0,0,2011-09-10 12:50:00
17334,0,0.0,0,2011-09-10 12:50:00
17337,0,0.0,0,2011-09-10 12:50:00
17338,1,1325.8700000000001,1,2011-09-10 12:50:00
17339,0,0.0,0,2011-09-10 12:50:00
17340,4,4759.64,1,2011-09-10 12:50:00
17341,0,0.0,0,2011-09-10 12:50:00
17343,0,0.0,0,2011-09-10 12:50:00
17345,1,238.51,1,2011-09-10 12:50:00
17346,7,1394.1,1,2011-09-10 12:50:00
17348,4,996.45,1,2011-09-10 12:50:00
17349,0,0.0,0,2011-09-10 12:50:00
17351,1,159.85,1,2011-09-10 12:50:00
17353,0,0.0,0,2011-09-10 12:50:00
17356,0,0.0,0,2011-09-10 12:50:00
17358,0,0.0,0,2011-09-10 12:50:00
17360,2,247.34,1,2011-09-10 12:50:00
17361,1,224.28,1,2011-09-10 12:50:00
17362,0,0.0,0,2011-09-10 12:50:00
17364,5,1845.27,1,2011-09-10 12:50:00
17365,3,2425.51,1,2011-09-10 12:50:00
17367,0,0.0,0,2011-09-10 12:50:00
17368,2,273.8,1,2011-09-10 12:50:00
17370,2,218.12,1,2011-09-10 12:50:00
17371,2,326.26,1,2011-09-10 12:50:00
17372,2,281.55,1,2011-09-10 12:50:00
17373,2,359.62,1,2011-09-10 12:50:00
17374,0,0.0,0,2011-09-10 12:50:00
17375,0,0.0,0,2011-09-10 12:50:00
17376,1,97.35,1,2011-09-10 12:50:00
17377,11,2017.98,1,2011-09-10 12:50:00
17381,5,2013.96,1,2011-09-10 12:50:00
17384,1,108.75,1,2011-09-10 12:50:00
17386,1,989.08,1,2011-09-10 12:50:00
17388,1,306.53000000000003,1,2011-09-10 12:50:00
17389,9,22329.6,1,2011-09-10 12:50:00
17391,0,0.0,0,2011-09-10 12:50:00
17392,0,0.0,0,2011-09-10 12:50:00
17394,0,0.0,0,2011-09-10 12:50:00
17396,2,2529.0,1,2011-09-10 12:50:00
17398,0,0.0,0,2011-09-10 12:50:00
17400,0,0.0,0,2011-09-10 12:50:00
17402,4,866.4,1,2011-09-10 12:50:00
17404,4,10887.52,1,2011-09-10 12:50:00
17405,2,638.1,1,2011-09-10 12:50:00
17406,0,0.0,0,2011-09-10 12:50:00
17408,0,0.0,0,2011-09-10 12:50:00
17409,0,0.0,0,2011-09-10 12:50:00
17410,3,795.17,1,2011-09-10 12:50:00
17411,2,493.36,1,2011-09-10 12:50:00
17412,3,548.24,1,2011-09-10 12:50:00
17414,1,180.0,1,2011-09-10 12:50:00
17416,2,1598.93,1,2011-09-10 12:50:00
17418,1,296.07,1,2011-09-10 12:50:00
17419,4,1566.57,1,2011-09-10 12:50:00
17420,1,207.32,1,2011-09-10 12:50:00
17422,1,280.4,1,2011-09-10 12:50:00
17423,1,248.99,1,2011-09-10 12:50:00
17426,2,756.6700000000001,1,2011-09-10 12:50:00
17428,8,6595.76,1,2011-09-10 12:50:00
17429,0,0.0,0,2011-09-10 12:50:00
17430,1,153.16,1,2011-09-10 12:50:00
17431,0,0.0,0,2011-09-10 12:50:00
17436,1,93.9,1,2011-09-10 12:50:00
17438,0,0.0,0,2011-09-10 12:50:00
17440,0,0.0,0,2011-09-10 12:50:00
17442,1,326.87,1,2011-09-10 12:50:00
17443,0,0.0,0,2011-09-10 12:50:00
17444,0,0.0,0,2011-09-10 12:50:00
17446,0,0.0,0,2011-09-10 12:50:00
17449,3,1021.66,1,2011-09-10 12:50:00
17450,23,108089.25,1,2011-09-10 12:50:00
17451,6,1375.39,1,2011-09-10 12:50:00
17454,0,0.0,0,2011-09-10 12:50:00
17455,0,0.0,0,2011-09-10 12:50:00
17456,0,0.0,0,2011-09-10 12:50:00
17457,0,0.0,0,2011-09-10 12:50:00
17460,0,0.0,0,2011-09-10 12:50:00
17462,1,212.28,1,2011-09-10 12:50:00
17463,2,648.27,1,2011-09-10 12:50:00
17464,0,0.0,0,2011-09-10 12:50:00
17469,2,820.7,1,2011-09-10 12:50:00
17470,1,308.6,1,2011-09-10 12:50:00
17472,0,0.0,0,2011-09-10 12:50:00
17481,3,994.96,1,2011-09-10 12:50:00
17483,1,139.3,1,2011-09-10 12:50:00
17486,0,0.0,0,2011-09-10 12:50:00
17489,1,168.07999999999998,1,2011-09-10 12:50:00
17490,6,1787.12,1,2011-09-10 12:50:00
17491,4,1440.76,1,2011-09-10 12:50:00
17492,0,0.0,0,2011-09-10 12:50:00
17496,0,0.0,0,2011-09-10 12:50:00
17499,0,0.0,0,2011-09-10 12:50:00
17501,0,0.0,0,2011-09-10 12:50:00
17504,0,0.0,0,2011-09-10 12:50:00
17505,0,0.0,0,2011-09-10 12:50:00
17507,0,0.0,0,2011-09-10 12:50:00
17508,0,0.0,0,2011-09-10 12:50:00
17511,10,31686.63,1,2011-09-10 12:50:00
17512,2,1033.09,1,2011-09-10 12:50:00
17514,0,0.0,0,2011-09-10 12:50:00
17515,1,67.65,1,2011-09-10 12:50:00
17516,1,159.23,1,2011-09-10 12:50:00
17517,0,0.0,0,2011-09-10 12:50:00
17519,1,356.02,1,2011-09-10 12:50:00
17521,2,563.65,1,2011-09-10 12:50:00
17522,1,158.45999999999998,1,2011-09-10 12:50:00
17524,0,0.0,0,2011-09-10 12:50:00
17525,0,0.0,0,2011-09-10 12:50:00
17526,1,323.1,1,2011-09-10 12:50:00
17527,2,332.75,1,2011-09-10 12:50:00
17530,4,1001.86,1,2011-09-10 12:50:00
17531,0,0.0,0,2011-09-10 12:50:00
17535,0,0.0,0,2011-09-10 12:50:00
17536,0,0.0,0,2011-09-10 12:50:00
17537,1,266.92,1,2011-09-10 12:50:00
17540,1,310.1,1,2011-09-10 12:50:00
17542,0,0.0,0,2011-09-10 12:50:00
17548,0,0.0,0,2011-09-10 12:50:00
17550,0,0.0,0,2011-09-10 12:50:00
17551,0,0.0,0,2011-09-10 12:50:00
17552,2,631.89,1,2011-09-10 12:50:00
17553,0,0.0,0,2011-09-10 12:50:00
17554,3,702.5600000000001,1,2011-09-10 12:50:00
17555,1,284.86,1,2011-09-10 12:50:00
17556,0,0.0,0,2011-09-10 12:50:00
17560,0,0.0,0,2011-09-10 12:50:00
17562,3,461.28000000000003,1,2011-09-10 12:50:00
17567,2,1406.03,1,2011-09-10 12:50:00
17569,0,0.0,0,2011-09-10 12:50:00
17571,1,864.87,1,2011-09-10 12:50:00
17572,1,30.750000000000004,1,2011-09-10 12:50:00
17573,2,205.89000000000001,1,2011-09-10 12:50:00
17574,0,0.0,0,2011-09-10 12:50:00
17576,5,1298.58,1,2011-09-10 12:50:00
17578,0,0.0,0,2011-09-10 12:50:00
17579,1,178.04,1,2011-09-10 12:50:00
17580,0,0.0,0,2011-09-10 12:50:00
17581,8,4502.95,1,2011-09-10 12:50:00
17582,0,0.0,0,2011-09-10 12:50:00
17584,1,492.85,1,2011-09-10 12:50:00
17585,0,0.0,0,2011-09-10 12:50:00
17588,0,0.0,0,2011-09-10 12:50:00
17589,1,559.85,1,2011-09-10 12:50:00
17591,1,362.8,1,2011-09-10 12:50:00
17593,1,678.2,1,2011-09-10 12:50:00
17594,1,678.1800000000001,1,2011-09-10 12:50:00
17596,3,1069.6100000000001,1,2011-09-10 12:50:00
17597,0,0.0,0,2011-09-10 12:50:00
17601,0,0.0,0,2011-09-10 12:50:00
17602,4,4144.87,1,2011-09-10 12:50:00
17604,0,0.0,0,2011-09-10 12:50:00
17609,3,569.53,1,2011-09-10 12:50:00
17611,6,1259.97,1,2011-09-10 12:50:00
17612,1,365.51,1,2011-09-10 12:50:00
17613,5,1567.8600000000001,1,2011-09-10 12:50:00
17615,0,0.0,0,2011-09-10 12:50:00
17616,0,0.0,0,2011-09-10 12:50:00
17618,1,304.8,1,2011-09-10 12:50:00
17619,0,0.0,0,2011-09-10 12:50:00
17621,1,478.12,1,2011-09-10 12:50:00
17624,1,443.18,1,2011-09-10 12:50:00
17625,2,793.27,1,2011-09-10 12:50:00
17629,3,1015.74,1,2011-09-10 12:50:00
17630,0,0.0,0,2011-09-10 12:50:00
17631,1,111.83,1,2011-09-10 12:50:00
17633,2,676.23,1,2011-09-10 12:50:00
17634,2,281.52,1,2011-09-10 12:50:00
17637,1,208.11,1,2011-09-10 12:50:00
17639,0,0.0,0,2011-09-10 12:50:00
17642,0,0.0,0,2011-09-10 12:50:00
17643,0,0.0,0,2011-09-10 12:50:00
17644,4,1270.01,1,2011-09-10 12:50:00
17646,0,0.0,0,2011-09-10 12:50:00
17648,1,690.11,1,2011-09-10 12:50:00
17649,0,0.0,0,2011-09-10 12:50:00
17651,6,2796.9900000000002,1,2011-09-10 12:50:00
17652,6,2154.15,1,2011-09-10 12:50:00
17653,2,864.22,1,2011-09-10 12:50:00
17654,0,0.0,0,2011-09-10 12:50:00
17655,2,735.61,1,2011-09-10 12:50:00
17656,2,747.04,1,2011-09-10 12:50:00
17658,1,277.82,1,2011-09-10 12:50:00
17659,3,1346.43,1,2011-09-10 12:50:00
17660,0,0.0,0,2011-09-10 12:50:00
17663,3,786.38,1,2011-09-10 12:50:00
17664,1,278.45,1,2011-09-10 12:50:00
17667,1,304.5,1,2011-09-10 12:50:00
17669,2,973.5,1,2011-09-10 12:50:00
17670,0,0.0,0,2011-09-10 12:50:00
17671,1,474.16,1,2011-09-10 12:50:00
17672,1,2000.33,1,2011-09-10 12:50:00
17673,2,419.35,1,2011-09-10 12:50:00
17674,1,250.38,1,2011-09-10 12:50:00
17675,8,6300.09,1,2011-09-10 12:50:00
17676,2,640.34,1,2011-09-10 12:50:00
17677,10,4678.88,1,2011-09-10 12:50:00
17678,0,0.0,0,2011-09-10 12:50:00
17682,1,574.98,1,2011-09-10 12:50:00
17685,2,1643.11,1,2011-09-10 12:50:00
17686,2,1150.1100000000001,1,2011-09-10 12:50:00
17690,4,1231.27,1,2011-09-10 12:50:00
17691,0,0.0,0,2011-09-10 12:50:00
17692,0,0.0,0,2011-09-10 12:50:00
17693,0,0.0,0,2011-09-10 12:50:00
17694,0,0.0,0,2011-09-10 12:50:00
17695,0,0.0,0,2011-09-10 12:50:00
17696,1,370.12,1,2011-09-10 12:50:00
17697,0,0.0,0,2011-09-10 12:50:00
17698,0,0.0,0,2011-09-10 12:50:00
17700,1,852.8100000000001,1,2011-09-10 12:50:00
17701,0,0.0,0,2011-09-10 12:50:00
17702,1,485.6,1,2011-09-10 12:50:00
17703,1,307.78000000000003,1,2011-09-10 12:50:00
17704,0,0.0,0,2011-09-10 12:50:00
17705,3,855.52,1,2011-09-10 12:50:00
17706,5,2476.9900000000002,1,2011-09-10 12:50:00
17707,0,0.0,0,2011-09-10 12:50:00
17708,0,0.0,0,2011-09-10 12:50:00
17709,0,0.0,0,2011-09-10 12:50:00
17711,1,164.57,1,2011-09-10 12:50:00
17714,0,0.0,0,2011-09-10 12:50:00
17715,0,0.0,0,2011-09-10 12:50:00
17716,4,1519.33,1,2011-09-10 12:50:00
17718,0,0.0,0,2011-09-10 12:50:00
17719,3,918.64,1,2011-09-10 12:50:00
17720,1,308.34,1,2011-09-10 12:50:00
17722,0,0.0,0,2011-09-10 12:50:00
17723,0,0.0,0,2011-09-10 12:50:00
17724,2,659.9,1,2011-09-10 12:50:00
17725,3,931.96,1,2011-09-10 12:50:00
17730,5,2242.71,1,2011-09-10 12:50:00
17731,1,276.37,1,2011-09-10 12:50:00
17732,0,0.0,0,2011-09-10 12:50:00
17733,1,475.24,1,2011-09-10 12:50:00
17734,1,160.42,1,2011-09-10 12:50:00
17735,3,2018.78,1,2011-09-10 12:50:00
17736,2,69.95,1,2011-09-10 12:50:00
17738,1,307.56,1,2011-09-10 12:50:00
17739,4,1720.58,1,2011-09-10 12:50:00
17742,0,0.0,0,2011-09-10 12:50:00
17744,2,1033.44,1,2011-09-10 12:50:00
17746,0,0.0,0,2011-09-10 12:50:00
17747,0,0.0,0,2011-09-10 12:50:00
17749,0,0.0,0,2011-09-10 12:50:00
17750,4,505.95,1,2011-09-10 12:50:00
17752,0,0.0,0,2011-09-10 12:50:00
17754,3,1089.59,1,2011-09-10 12:50:00
17757,10,2284.84,1,2011-09-10 12:50:00
17758,4,1974.95,1,2011-09-10 12:50:00
17759,1,652.81,1,2011-09-10 12:50:00
17760,1,115.05,1,2011-09-10 12:50:00
17763,0,0.0,0,2011-09-10 12:50:00
17764,1,541.88,1,2011-09-10 12:50:00
17765,0,0.0,0,2011-09-10 12:50:00
17768,2,1696.0700000000002,1,2011-09-10 12:50:00
17769,6,2139.55,1,2011-09-10 12:50:00
17770,0,0.0,0,2011-09-10 12:50:00
17771,1,129.53,1,2011-09-10 12:50:00
17774,0,0.0,0,2011-09-10 12:50:00
17775,0,0.0,0,2011-09-10 12:50:00
17777,2,457.76,1,2011-09-10 12:50:00
17779,2,327.23,1,2011-09-10 12:50:00
17781,0,0.0,0,2011-09-10 12:50:00
17783,1,171.06,1,2011-09-10 12:50:00
17786,1,163.5,1,2011-09-10 12:50:00
17787,0,0.0,0,2011-09-10 12:50:00
17788,1,1101.2,1,2011-09-10 12:50:00
17789,0,0.0,0,2011-09-10 12:50:00
17790,2,600.79,1,2011-09-10 12:50:00
17795,0,0.0,0,2011-09-10 12:50:00
17796,1,75.9,1,2011-09-10 12:50:00
17797,2,508.02,1,2011-09-10 12:50:00
17799,1,524.18,1,2011-09-10 12:50:00
17800,2,282.41,1,2011-09-10 12:50:00
17802,1,652.62,1,2011-09-10 12:50:00
17809,4,2555.2,1,2011-09-10 12:50:00
17811,15,2927.51,1,2011-09-10 12:50:00
17812,3,506.51,1,2011-09-10 12:50:00
17816,2,15.25,1,2011-09-10 12:50:00
17817,1,117.98,1,2011-09-10 12:50:00
17819,1,236.39999999999998,1,2011-09-10 12:50:00
17827,1,406.86,1,2011-09-10 12:50:00
17828,1,288.43,1,2011-09-10 12:50:00
17829,0,0.0,0,2011-09-10 12:50:00
17830,1,111.05,1,2011-09-10 12:50:00
17837,5,1164.72,1,2011-09-10 12:50:00
17838,2,1065.8,1,2011-09-10 12:50:00
17841,43,17186.0,1,2011-09-10 12:50:00
17843,0,0.0,0,2011-09-10 12:50:00
17844,0,0.0,0,2011-09-10 12:50:00
17848,1,79.6,1,2011-09-10 12:50:00
17849,0,0.0,0,2011-09-10 12:50:00
17850,0,0.0,0,2011-09-10 12:50:00
17854,0,0.0,0,2011-09-10 12:50:00
17855,0,0.0,0,2011-09-10 12:50:00
17856,1,275.4,1,2011-09-10 12:50:00
17857,8,11047.02,1,2011-09-10 12:50:00
17858,3,1499.41,1,2011-09-10 12:50:00
17859,0,0.0,0,2011-09-10 12:50:00
17860,0,0.0,0,2011-09-10 12:50:00
17861,3,798.39,1,2011-09-10 12:50:00
17862,0,0.0,0,2011-09-10 12:50:00
17863,2,1374.72,1,2011-09-10 12:50:00
17864,2,354.0,1,2011-09-10 12:50:00
17865,8,3508.98,1,2011-09-10 12:50:00
17866,0,0.0,0,2011-09-10 12:50:00
17867,2,200.39000000000001,1,2011-09-10 12:50:00
17869,0,0.0,0,2011-09-10 12:50:00
17870,5,1120.52,1,2011-09-10 12:50:00
17871,0,0.0,0,2011-09-10 12:50:00
17873,1,272.04,1,2011-09-10 12:50:00
17874,0,0.0,0,2011-09-10 12:50:00
17877,0,0.0,0,2011-09-10 12:50:00
17879,0,0.0,0,2011-09-10 12:50:00
17880,0,0.0,0,2011-09-10 12:50:00
17881,0,0.0,0,2011-09-10 12:50:00
17883,3,544.99,1,2011-09-10 12:50:00
17884,1,104.53,1,2011-09-10 12:50:00
17886,1,491.57,1,2011-09-10 12:50:00
17887,0,0.0,0,2011-09-10 12:50:00
17888,4,419.0,1,2011-09-10 12:50:00
17889,0,0.0,0,2011-09-10 12:50:00
17890,0,0.0,0,2011-09-10 12:50:00
17891,0,0.0,0,2011-09-10 12:50:00
17892,2,102.0,1,2011-09-10 12:50:00
17893,0,0.0,0,2011-09-10 12:50:00
17894,1,123.06,1,2011-09-10 12:50:00
17897,0,0.0,0,2011-09-10 12:50:00
17898,1,52.22,1,2011-09-10 12:50:00
17899,0,0.0,0,2011-09-10 12:50:00
17900,0,0.0,0,2011-09-10 12:50:00
17905,1,181.25,1,2011-09-10 12:50:00
17906,0,0.0,0,2011-09-10 12:50:00
17908,0,0.0,0,2011-09-10 12:50:00
17912,0,0.0,0,2011-09-10 12:50:00
17913,1,190.6,1,2011-09-10 12:50:00
17917,1,108.32,1,2011-09-10 12:50:00
17920,8,1790.7,1,2011-09-10 12:50:00
17921,1,224.76,1,2011-09-10 12:50:00
17923,0,0.0,0,2011-09-10 12:50:00
17924,5,2460.3,1,2011-09-10 12:50:00
17925,0,0.0,0,2011-09-10 12:50:00
17926,0,0.0,0,2011-09-10 12:50:00
17928,1,106.2,1,2011-09-10 12:50:00
17929,1,136.0,1,2011-09-10 12:50:00
17930,3,1046.34,1,2011-09-10 12:50:00
17931,0,0.0,0,2011-09-10 12:50:00
17932,1,397.06,1,2011-09-10 12:50:00
17935,0,0.0,0,2011-09-10 12:50:00
17937,2,686.7,1,2011-09-10 12:50:00
17939,0,0.0,0,2011-09-10 12:50:00
17940,1,192.0,1,2011-09-10 12:50:00
17941,0,0.0,0,2011-09-10 12:50:00
17946,0,0.0,0,2011-09-10 12:50:00
17948,0,0.0,0,2011-09-10 12:50:00
17949,12,10301.28,1,2011-09-10 12:50:00
17950,1,219.03,1,2011-09-10 12:50:00
17951,1,599.0400000000001,1,2011-09-10 12:50:00
17954,2,428.92,1,2011-09-10 12:50:00
17955,0,0.0,0,2011-09-10 12:50:00
17956,0,0.0,0,2011-09-10 12:50:00
17958,0,0.0,0,2011-09-10 12:50:00
17960,0,0.0,0,2011-09-10 12:50:00
17961,8,116.82,1,2011-09-10 12:50:00
17962,0,0.0,0,2011-09-10 12:50:00
17964,1,201.45,1,2011-09-10 12:50:00
17965,2,347.78,1,2011-09-10 12:50:00
17966,1,504.0,1,2011-09-10 12:50:00
17967,0,0.0,0,2011-09-10 12:50:00
17968,0,0.0,0,2011-09-10 12:50:00
17969,0,0.0,0,2011-09-10 12:50:00
17970,0,0.0,0,2011-09-10 12:50:00
17972,0,0.0,0,2011-09-10 12:50:00
17974,2,539.92,1,2011-09-10 12:50:00
17975,2,532.8100000000001,1,2011-09-10 12:50:00
17976,0,0.0,0,2011-09-10 12:50:00
17978,0,0.0,0,2011-09-10 12:50:00
17979,1,234.47,1,2011-09-10 12:50:00
17980,0,0.0,0,2011-09-10 12:50:00
17984,0,0.0,0,2011-09-10 12:50:00
17987,0,0.0,0,2011-09-10 12:50:00
17988,2,55.120000000000005,1,2011-09-10 12:50:00
17990,0,0.0,0,2011-09-10 12:50:00
17991,0,0.0,0,2011-09-10 12:50:00
17994,0,0.0,0,2011-09-10 12:50:00
17995,0,0.0,0,2011-09-10 12:50:00
17997,2,250.71,1,2011-09-10 12:50:00
17999,1,190.05,1,2011-09-10 12:50:00
18004,0,0.0,0,2011-09-10 12:50:00
18008,2,50.78,1,2011-09-10 12:50:00
18009,0,0.0,0,2011-09-10 12:50:00
18010,0,0.0,0,2011-09-10 12:50:00
18011,0,0.0,0,2011-09-10 12:50:00
18013,0,0.0,0,2011-09-10 12:50:00
18016,2,994.8,1,2011-09-10 12:50:00
18017,1,179.0,1,2011-09-10 12:50:00
18018,0,0.0,0,2011-09-10 12:50:00
18024,0,0.0,0,2011-09-10 12:50:00
18027,0,0.0,0,2011-09-10 12:50:00
18032,0,0.0,0,2011-09-10 12:50:00
18036,1,149.43,1,2011-09-10 12:50:00
18037,0,0.0,0,2011-09-10 12:50:00
18040,1,118.2,1,2011-09-10 12:50:00
18041,5,1099.26,1,2011-09-10 12:50:00
18043,1,107.7,1,2011-09-10 12:50:00
18044,3,983.07,1,2011-09-10 12:50:00
18048,0,0.0,0,2011-09-10 12:50:00
18050,0,0.0,0,2011-09-10 12:50:00
18055,3,3088.48,1,2011-09-10 12:50:00
18056,0,0.0,0,2011-09-10 12:50:00
18061,2,325.9,1,2011-09-10 12:50:00
18062,0,0.0,0,2011-09-10 12:50:00
18064,0,0.0,0,2011-09-10 12:50:00
18065,6,980.6800000000001,1,2011-09-10 12:50:00
18068,0,0.0,0,2011-09-10 12:50:00
18069,2,1030.92,1,2011-09-10 12:50:00
18071,0,0.0,0,2011-09-10 12:50:00
18072,0,0.0,0,2011-09-10 12:50:00
18073,0,0.0,0,2011-09-10 12:50:00
18074,0,0.0,0,2011-09-10 12:50:00
18075,2,654.0,1,2011-09-10 12:50:00
18077,4,962.07,1,2011-09-10 12:50:00
18078,0,0.0,0,2011-09-10 12:50:00
18079,2,1406.97,1,2011-09-10 12:50:00
18080,1,390.0,1,2011-09-10 12:50:00
18081,1,135.4,1,2011-09-10 12:50:00
18085,0,0.0,0,2011-09-10 12:50:00
18086,0,0.0,0,2011-09-10 12:50:00
18087,0,0.0,0,2011-09-10 12:50:00
18092,3,3216.78,1,2011-09-10 12:50:00
18093,0,0.0,0,2011-09-10 12:50:00
18094,2,615.0,1,2011-09-10 12:50:00
18095,0,0.0,0,2011-09-10 12:50:00
18097,1,676.2,1,2011-09-10 12:50:00
18099,0,0.0,0,2011-09-10 12:50:00
18101,1,112.17,1,2011-09-10 12:50:00
18102,33,124206.55,1,2011-09-10 12:50:00
18106,0,0.0,0,2011-09-10 12:50:00
18108,0,0.0,0,2011-09-10 12:50:00
18109,8,3178.05,1,2011-09-10 12:50:00
18112,1,156.05,1,2011-09-10 12:50:00
18113,0,0.0,0,2011-09-10 12:50:00
18114,0,0.0,0,2011-09-10 12:50:00
18116,1,163.56,1,2011-09-10 12:50:00
18118,7,1402.14,1,2011-09-10 12:50:00
18119,0,0.0,0,2011-09-10 12:50:00
18120,0,0.0,0,2011-09-10 12:50:00
18121,0,0.0,0,2011-09-10 12:50:00
18122,5,1672.65,1,2011-09-10 12:50:00
18125,1,197.85,1,2011-09-10 12:50:00
18127,2,207.48,1,2011-09-10 12:50:00
18129,0,0.0,0,2011-09-10 12:50:00
18133,0,0.0,0,2011-09-10 12:50:00
18135,4,572.09,1,2011-09-10 12:50:00
18136,1,183.48000000000002,1,2011-09-10 12:50:00
18138,0,0.0,0,2011-09-10 12:50:00
18142,0,0.0,0,2011-09-10 12:50:00
18143,0,0.0,0,2011-09-10 12:50:00
18144,3,723.2,1,2011-09-10 12:50:00
18145,2,1837.77,1,2011-09-10 12:50:00
18146,0,0.0,0,2011-09-10 12:50:00
18147,1,80.46000000000001,1,2011-09-10 12:50:00
18149,1,62.400000000000006,1,2011-09-10 12:50:00
18150,1,153.3,1,2011-09-10 12:50:00
18151,0,0.0,0,2011-09-10 12:50:00
18155,1,105.06,1,2011-09-10 12:50:00
18156,1,488.76,1,2011-09-10 12:50:00
18159,0,0.0,0,2011-09-10 12:50:00
18160,1,319.51,1,2011-09-10 12:50:00
18161,2,847.4300000000001,1,2011-09-10 12:50:00
18165,0,0.0,0,2011-09-10 12:50:00
18167,2,886.3800000000001,1,2011-09-10 12:50:00
18168,0,0.0,0,2011-09-10 12:50:00
18170,1,324.8,1,2011-09-10 12:50:00
18171,1,237.0,1,2011-09-10 12:50:00
18172,9,1926.4,1,2011-09-10 12:50:00
18173,1,378.0,1,2011-09-10 12:50:00
18176,0,0.0,0,2011-09-10 12:50:00
18177,1,303.6,1,2011-09-10 12:50:00
18178,0,0.0,0,2011-09-10 12:50:00
18179,2,690.01,1,2011-09-10 12:50:00
18180,4,1241.9,1,2011-09-10 12:50:00
18183,0,0.0,0,2011-09-10 12:50:00
18185,0,0.0,0,2011-09-10 12:50:00
18188,2,1574.44,1,2011-09-10 12:50:00
18189,1,457.14,1,2011-09-10 12:50:00
18190,0,0.0,0,2011-09-10 12:50:00
18191,0,0.0,0,2011-09-10 12:50:00
18193,0,0.0,0,2011-09-10 12:50:00
18196,0,0.0,0,2011-09-10 12:50:00
18198,3,998.1700000000001,1,2011-09-10 12:50:00
18200,0,0.0,0,2011-09-10 12:50:00
18202,0,0.0,0,2011-09-10 12:50:00
18203,0,0.0,0,2011-09-10 12:50:00
18204,1,616.48,1,2011-09-10 12:50:00
18210,5,2478.98,1,2011-09-10 12:50:00
18211,3,331.37,1,2011-09-10 12:50:00
18212,0,0.0,0,2011-09-10 12:50:00
18213,0,0.0,0,2011-09-10 12:50:00
18218,0,0.0,0,2011-09-10 12:50:00
18219,2,702.64,1,2011-09-10 12:50:00
18220,0,0.0,0,2011-09-10 12:50:00
18221,2,334.75,1,2011-09-10 12:50:00
18222,0,0.0,0,2011-09-10 12:50:00
18223,3,2448.2000000000003,1,2011-09-10 12:50:00
18224,0,0.0,0,2011-09-10 12:50:00
18225,5,2774.1800000000003,1,2011-09-10 12:50:00
18226,2,977.02,1,2011-09-10 12:50:00
18227,0,0.0,0,2011-09-10 12:50:00
18229,6,2064.84,1,2011-09-10 12:50:00
18230,2,663.84,1,2011-09-10 12:50:00
18231,0,0.0,0,2011-09-10 12:50:00
18232,1,92.35000000000001,1,2011-09-10 12:50:00
18233,0,0.0,0,2011-09-10 12:50:00
18235,1,1046.68,1,2011-09-10 12:50:00
18236,2,241.05,1,2011-09-10 12:50:00
18237,2,261.55,1,2011-09-10 12:50:00
18239,0,0.0,0,2011-09-10 12:50:00
18241,6,723.51,1,2011-09-10 12:50:00
18242,2,1538.41,1,2011-09-10 12:50:00
18245,1,894.25,1,2011-09-10 12:50:00
18246,1,363.2,1,2011-09-10 12:50:00
18248,0,0.0,0,2011-09-10 12:50:00
18250,0,0.0,0,2011-09-10 12:50:00
18252,1,448.37,1,2011-09-10 12:50:00
18257,3,774.76,1,2011-09-10 12:50:00
18259,2,1962.3000000000002,1,2011-09-10 12:50:00
18260,0,0.0,0,2011-09-10 12:50:00
18261,1,99.44,1,2011-09-10 12:50:00
18262,0,0.0,0,2011-09-10 12:50:00
18263,1,401.76,1,2011-09-10 12:50:00
18265,1,312.96,1,2011-09-10 12:50:00
18268,0,0.0,0,2011-09-10 12:50:00
18269,0,0.0,0,2011-09-10 12:50:00
18270,1,171.20000000000002,1,2011-09-10 12:50:00
18272,2,972.13,1,2011-09-10 12:50:00
18273,1,51.0,1,2011-09-10 12:50:00
18280,0,0.0,0,2011-09-10 12:50:00
18281,0,0.0,0,2011-09-10 12:50:00
18282,1,77.84,1,2011-09-10 12:50:00
18283,6,958.7,1,2011-09-10 12:50:00
18287,2,1072.0,1,2011-09-10 12:50:00
